-- phpMyAdmin SQL Dump
-- version 4.0.10deb1
-- http://www.phpmyadmin.net
--
-- Host: localhost
-- Generation Time: Aug 18, 2016 at 06:36 PM
-- Server version: 5.5.46-0ubuntu0.14.04.2
-- PHP Version: 5.5.9-1ubuntu4.17

SET SQL_MODE = "NO_AUTO_VALUE_ON_ZERO";
SET time_zone = "+00:00";


/*!40101 SET @OLD_CHARACTER_SET_CLIENT=@@CHARACTER_SET_CLIENT */;
/*!40101 SET @OLD_CHARACTER_SET_RESULTS=@@CHARACTER_SET_RESULTS */;
/*!40101 SET @OLD_COLLATION_CONNECTION=@@COLLATION_CONNECTION */;
/*!40101 SET NAMES utf8 */;

--
-- Database: `bmtdb`
--

-- --------------------------------------------------------

--
-- Table structure for table `ambulance_contact`
--

CREATE TABLE IF NOT EXISTS `ambulance_contact` (
  `ambulance_contact_id` int(11) NOT NULL AUTO_INCREMENT,
  `lat` varchar(30) NOT NULL,
  `long` varchar(30) NOT NULL,
  `location_name` varchar(255) NOT NULL,
  `contact_no` varchar(30) NOT NULL,
  `status` enum('0','1') NOT NULL DEFAULT '0',
  `created_on` timestamp NOT NULL DEFAULT CURRENT_TIMESTAMP ON UPDATE CURRENT_TIMESTAMP,
  PRIMARY KEY (`ambulance_contact_id`)
) ENGINE=InnoDB  DEFAULT CHARSET=latin1 AUTO_INCREMENT=6 ;

--
-- Dumping data for table `ambulance_contact`
--

INSERT INTO `ambulance_contact` (`ambulance_contact_id`, `lat`, `long`, `location_name`, `contact_no`, `status`, `created_on`) VALUES
(1, '17.448191', '78.3880349', 'Madhapur', '9032239122', '0', '2016-05-29 18:30:00'),
(2, '17.4891934', '78.3696404', 'Kukkatpally', '9700607167', '0', '2016-05-30 08:01:37');

-- --------------------------------------------------------

--
-- Table structure for table `bank_account_types`
--

CREATE TABLE IF NOT EXISTS `bank_account_types` (
  `id` int(10) NOT NULL AUTO_INCREMENT,
  `ac_type` varchar(50) NOT NULL,
  PRIMARY KEY (`id`)
) ENGINE=InnoDB  DEFAULT CHARSET=latin1 AUTO_INCREMENT=3 ;

--
-- Dumping data for table `bank_account_types`
--

INSERT INTO `bank_account_types` (`id`, `ac_type`) VALUES
(1, 'Savings'),
(2, 'Current');

-- --------------------------------------------------------

--
-- Table structure for table `beacons`
--

CREATE TABLE IF NOT EXISTS `beacons` (
  `beacon_id` int(10) NOT NULL AUTO_INCREMENT,
  `tc_id` int(10) NOT NULL,
  `uuid` varchar(250) NOT NULL,
  `major_id` varchar(10) NOT NULL,
  `minor_id` varchar(10) NOT NULL,
  `entry_type` varchar(10) DEFAULT NULL,
  PRIMARY KEY (`beacon_id`)
) ENGINE=InnoDB  DEFAULT CHARSET=latin1 AUTO_INCREMENT=99 ;

--
-- Dumping data for table `beacons`
--

INSERT INTO `beacons` (`beacon_id`, `tc_id`, `uuid`, `major_id`, `minor_id`, `entry_type`) VALUES
(3, 2, 'KokapetEntry1', '12345', '12346', 'IN'),
(4, 3, 'DundigalEntry2', '12373', '12374', 'IN'),
(5, 4, 'RajendraNagarEntry1', '12449', '12450', 'IN'),
(7, 5, 'AppaEntry1', '12457', '12458', 'IN'),
(8, 6, 'fdf', '45', '55554567', 'IN'),
(9, 7, 'BongulurEntry1', '12409', '12410', 'IN'),
(10, 8, 'venkat', '54123', '63654', 'OUT'),
(11, 9, 'dss', '501', '502', 'IN'),
(12, 9, 'dsfsdff', '76767', '8787878', 'OUT'),
(13, 9, 'nbv', '3738', '3936', 'IN'),
(14, 9, 'dfsfd', '963', '852', 'OUT'),
(15, 3, 'DundigalEntry1', '12369', '12370', 'IN'),
(16, 10, 'abcd', '12345', '4321', 'OUT'),
(17, 11, 'MedchalEntry1', '12377', '12378', 'IN'),
(18, 12, 'EdunagulapallyEntry1', '12353', '12354', 'IN'),
(19, 13, 'sty', '530481', '264021', 'OUT'),
(20, 10, 'efgh', '67890', '09876', 'IN'),
(21, 10, 'ijkl1', '15985', '35785', 'OUT'),
(22, 10, 'two', '9989', '3681', 'IN'),
(23, 10, 'two1', '9989', '3681', 'IN'),
(24, 11, 'MedhcalExit1', '12379', '12380', 'OUT'),
(25, 1, 'dfgdfgdfgdfgdf', '7856', '2640254345', 'IN'),
(26, 14, 'NanakramgudaEntry', '12465', '12466', 'IN'),
(27, 29, 'sd', '4', '3', 'IN'),
(28, 29, 'df', '2', '1', 'IN'),
(29, 29, 'dfsd', '5', '6', 'IN'),
(30, 29, 'dsfsdf', '7', '8', 'IN'),
(31, 2, 'KokapetExit1', '12347', '12348', 'OUT'),
(32, 2, 'KokapetEntry2', '12349', '12350', 'IN'),
(33, 2, 'KokapetExit2', '12351', '12352', 'OUT'),
(34, 3, 'DundigalExit1', '12371', '12372', 'OUT'),
(35, 3, 'DundigalExit2', '12375', '12376', 'OUT'),
(36, 49, '9090', '9191', '9292', 'IN'),
(37, 49, '9393', '9494', '9595', 'OUT'),
(38, 49, '9696', '9797', '9898', 'IN'),
(39, 49, '9999', '910910', '911911', 'OUT'),
(40, 50, '913913', '914914', '915915', 'IN'),
(41, 50, '916916', '917917', '918918', 'OUT'),
(42, 50, '919919', '920920', '921921', 'IN'),
(43, 50, '922922', '923923', '924924', 'OUT'),
(44, 51, '925925', '926926', '927927', 'IN'),
(45, 51, '928928', '929929', '930930', 'OUT'),
(46, 51, '931931', '932932', '933933', 'IN'),
(47, 51, '934934', '935935', '936936', 'OUT'),
(48, 12, 'EdunagulapallyExit1', '12355', '12356', 'OUT'),
(49, 12, 'EdunagulapallyEntry2', '12357', '12358', 'IN'),
(50, 12, 'EdunagulapallyExit2', '12359', '12360', 'OUT'),
(51, 22, 'PatancheruEntry1', '12361', '12362', 'IN'),
(52, 22, 'PatancheruExit1', '12363', '12364', 'OUT'),
(53, 22, 'PatancheruEntry2', '12365', '12366', 'IN'),
(54, 22, 'PatancheruExit2', '12367', '12368', 'OUT'),
(55, 11, 'MedchalEntry2', '12381', '12382', 'IN'),
(56, 11, 'MedchalExit2', '12383', '12384', 'OUT'),
(57, 21, 'GhatkesarEntry1', '12385', '12386', 'IN'),
(58, 21, 'GhatkesarExit1', '12387', '12388', 'OUT'),
(59, 21, 'GhatkesarEntry2', '12389', '12390', 'IN'),
(60, 21, 'GhatkesarExit2', '12391', '12392', 'OUT'),
(61, 20, 'TaramatipetEntry1', '12393', '12394', 'IN'),
(62, 20, 'TaramatipetExit1', '12395', '12396', 'OUT'),
(63, 20, 'TaramatipetEntry2', '12397', '12398', 'IN'),
(64, 20, 'TaramatipetExit2', '12399', '12400', 'OUT'),
(65, 19, 'PeddaAmberpetEntry1', '12401', '12402', 'IN'),
(66, 19, 'PeddaAmberpetExit1', '12403', '12404', 'OUT'),
(67, 19, 'PeddaAmberpetEntry2', '12405', '12406', 'IN'),
(68, 19, 'PeddaAmberpetExit2', '12407', '12408', 'OUT'),
(69, 7, 'BongulurExit1', '12411', '12412', 'OUT'),
(70, 7, 'BongulurEntry2', '12413', '12414', 'IN'),
(71, 7, 'BongulurExit2', '12415', '12416', 'OUT'),
(72, 18, 'RaviryalEntry1', '12417', '12418', 'IN'),
(73, 18, 'RaviryalExit1', '12419', '12420', 'OUT'),
(74, 18, 'RaviryalEntry2', '12421', '12422', 'IN'),
(75, 18, 'RaviryalExit2', '12423', '12424', 'OUT'),
(76, 17, 'TukkugudaEntry1', '12425', '12426', 'IN'),
(77, 17, 'TukkugudaExit1', '12427', '12428', 'OUT'),
(78, 17, 'TukkugudaEntry2', '12429', '12430', 'IN'),
(79, 17, 'TukkugudaExit2', '12431', '12432', 'OUT'),
(80, 16, 'PeddaGolcondaEntry1', '12433', '12434', 'IN'),
(81, 16, 'PeddaGolcondaExit1', '12435', '12436', 'OUT'),
(82, 16, 'PeddaGolcondaEntry2', '12437', '12438', 'IN'),
(83, 16, 'PeddaGolcondaExit2', '12439', '12440', 'OUT'),
(84, 15, 'ShamshabadEntry1', '12441', '12442', 'IN'),
(85, 15, 'ShamshabadExit1', '12443', '12344', 'OUT'),
(86, 15, 'ShamshabadEntry2', '12445', '12446', 'IN'),
(87, 15, 'ShamshabadExit2', '12447', '12448', 'OUT'),
(88, 4, 'RajendraNagarExit1', '12451', '12452', 'OUT'),
(89, 4, 'RajendraNagarEntry2', '12453', '12454', 'IN'),
(90, 4, 'RajendraNagarExit2', '12455', '12456', 'OUT'),
(91, 5, 'AppaExit1', '12459', '12460', 'OUT'),
(92, 5, 'AppaEntry2', '12461', '12462', 'IN'),
(93, 5, 'AppaExit2', '12463', '12464', 'OUT'),
(94, 14, 'NanakramgudaExit', '12467', '12468', 'OUT');

-- --------------------------------------------------------

--
-- Table structure for table `beacon_mapping`
--

CREATE TABLE IF NOT EXISTS `beacon_mapping` (
  `beacon_map_id` int(11) NOT NULL AUTO_INCREMENT,
  `beacon_id` int(11) DEFAULT NULL,
  `mobile_device_id` varchar(250) DEFAULT NULL,
  `entry_type` varchar(10) DEFAULT NULL,
  `added_date` datetime DEFAULT NULL,
  PRIMARY KEY (`beacon_map_id`)
) ENGINE=InnoDB DEFAULT CHARSET=latin1 AUTO_INCREMENT=1 ;

-- --------------------------------------------------------

--
-- Table structure for table `bmt_bank_details`
--

CREATE TABLE IF NOT EXISTS `bmt_bank_details` (
  `bank_id` int(10) NOT NULL AUTO_INCREMENT,
  `assigned_id` varchar(20) NOT NULL,
  `tc_id` varchar(20) NOT NULL,
  `bank_name` varchar(30) NOT NULL,
  `bank_address` varchar(50) NOT NULL,
  `type_of_account` varchar(15) NOT NULL,
  `ac_name` varchar(20) NOT NULL,
  `ac_number` bigint(20) NOT NULL,
  `ifsc_code` varchar(15) NOT NULL,
  `created_date` datetime NOT NULL,
  `status_flag` tinyint(1) NOT NULL DEFAULT '0',
  PRIMARY KEY (`bank_id`)
) ENGINE=InnoDB DEFAULT CHARSET=latin1 AUTO_INCREMENT=1 ;

-- --------------------------------------------------------

--
-- Table structure for table `bmt_lanes`
--

CREATE TABLE IF NOT EXISTS `bmt_lanes` (
  `lane_id` int(10) NOT NULL AUTO_INCREMENT,
  `tc_id` int(10) DEFAULT NULL,
  `lane_number` int(10) DEFAULT NULL,
  `way_type` tinyint(1) NOT NULL COMMENT '1=from,2=to,3=orr from,4 =orr to',
  `created_date` timestamp NOT NULL DEFAULT CURRENT_TIMESTAMP,
  `status_flag` tinyint(1) NOT NULL DEFAULT '1' COMMENT '0=active,1=inactive',
  `user_selsect_status` tinyint(1) NOT NULL DEFAULT '0',
  PRIMARY KEY (`lane_id`)
) ENGINE=InnoDB  DEFAULT CHARSET=latin1 AUTO_INCREMENT=2456 ;

--
-- Dumping data for table `bmt_lanes`
--

INSERT INTO `bmt_lanes` (`lane_id`, `tc_id`, `lane_number`, `way_type`, `created_date`, `status_flag`, `user_selsect_status`) VALUES
(80, 6, 1, 1, '2016-07-05 06:39:33', 1, 0),
(81, 6, 2, 1, '2016-07-05 06:39:33', 1, 0),
(82, 6, 3, 1, '2016-07-05 06:39:33', 1, 0),
(83, 6, 4, 1, '2016-07-05 06:39:33', 1, 0),
(273, 9, 1, 1, '2016-07-08 09:45:34', 1, 0),
(274, 9, 2, 1, '2016-07-08 09:45:34', 1, 0),
(275, 9, 3, 1, '2016-07-08 09:45:34', 1, 0),
(276, 9, 4, 1, '2016-07-08 09:45:34', 1, 0),
(277, 9, 1, 2, '2016-07-08 09:45:34', 1, 0),
(278, 9, 2, 2, '2016-07-08 09:45:34', 1, 0),
(279, 9, 3, 2, '2016-07-08 09:45:34', 1, 0),
(280, 9, 4, 2, '2016-07-08 09:45:34', 1, 0),
(281, 9, 5, 2, '2016-07-08 09:45:34', 1, 0),
(282, 9, 1, 3, '2016-07-08 09:45:34', 1, 0),
(283, 9, 2, 3, '2016-07-08 09:45:34', 1, 0),
(284, 9, 3, 3, '2016-07-08 09:45:34', 1, 0),
(285, 9, 4, 3, '2016-07-08 09:45:34', 1, 0),
(286, 9, 1, 4, '2016-07-08 09:45:34', 1, 0),
(287, 9, 2, 4, '2016-07-08 09:45:34', 1, 0),
(288, 9, 3, 4, '2016-07-08 09:45:34', 1, 0),
(289, 9, 4, 4, '2016-07-08 09:45:34', 1, 0),
(345, 8, 1, 1, '2016-07-21 05:05:45', 0, 0),
(569, NULL, 1, 1, '2016-07-21 10:12:20', 1, 0),
(570, NULL, 2, 1, '2016-07-21 10:12:20', 1, 0),
(571, NULL, 3, 1, '2016-07-21 10:12:20', 1, 0),
(572, NULL, 4, 1, '2016-07-21 10:12:20', 1, 0),
(589, NULL, 1, 1, '2016-07-21 10:16:48', 1, 0),
(590, NULL, 2, 1, '2016-07-21 10:16:48', 1, 0),
(591, NULL, 3, 1, '2016-07-21 10:16:48', 1, 0),
(592, NULL, 4, 1, '2016-07-21 10:16:48', 1, 0),
(593, NULL, 1, 2, '2016-07-21 10:16:48', 1, 0),
(594, NULL, 2, 2, '2016-07-21 10:16:48', 1, 0),
(595, NULL, 3, 2, '2016-07-21 10:16:48', 1, 0),
(596, NULL, 4, 2, '2016-07-21 10:16:48', 1, 0),
(597, 10, 1, 1, '2016-07-21 10:17:37', 1, 0),
(598, 10, 2, 1, '2016-07-21 10:17:37', 1, 0),
(599, 10, 3, 1, '2016-07-21 10:17:37', 1, 0),
(600, 10, 4, 1, '2016-07-21 10:17:37', 1, 0),
(601, 10, 1, 2, '2016-07-21 10:17:37', 1, 0),
(602, 10, 2, 2, '2016-07-21 10:17:37', 1, 0),
(603, 10, 3, 2, '2016-07-21 10:17:37', 1, 0),
(604, 10, 4, 2, '2016-07-21 10:17:37', 1, 0),
(605, NULL, 1, 1, '2016-07-21 10:17:37', 1, 0),
(606, NULL, 2, 1, '2016-07-21 10:17:37', 1, 0),
(607, NULL, 3, 1, '2016-07-21 10:17:37', 1, 0),
(608, NULL, 4, 1, '2016-07-21 10:17:37', 1, 0),
(609, NULL, 1, 2, '2016-07-21 10:17:37', 1, 0),
(610, NULL, 2, 2, '2016-07-21 10:17:37', 1, 0),
(611, NULL, 3, 2, '2016-07-21 10:17:37', 1, 0),
(612, NULL, 4, 2, '2016-07-21 10:17:37', 1, 0),
(673, 13, 1, 1, '2016-07-21 10:47:02', 0, 1),
(674, 13, 4, 1, '2016-07-21 10:47:02', 0, 0),
(675, 13, 7, 1, '2016-07-21 10:47:02', 0, 0),
(765, NULL, 1, 1, '2016-07-22 14:57:14', 1, 0),
(766, NULL, 2, 1, '2016-07-22 14:57:14', 1, 0),
(767, NULL, 3, 1, '2016-07-22 14:57:14', 1, 0),
(768, NULL, 4, 1, '2016-07-22 14:57:14', 1, 0),
(776, NULL, 1, 1, '2016-07-25 04:59:17', 1, 0),
(777, NULL, 2, 1, '2016-07-25 04:59:17', 1, 0),
(778, NULL, 3, 1, '2016-07-25 04:59:17', 1, 0),
(779, NULL, 4, 1, '2016-07-25 04:59:17', 1, 0),
(806, NULL, 1, 1, '2016-07-25 07:03:24', 1, 0),
(807, NULL, 2, 1, '2016-07-25 07:03:24', 1, 0),
(808, NULL, 3, 1, '2016-07-25 07:03:24', 1, 0),
(809, NULL, 4, 1, '2016-07-25 07:03:24', 1, 0),
(830, 1, 4, 1, '2016-07-25 10:05:46', 0, 0),
(831, 1, 10, 1, '2016-07-25 10:05:46', 0, 0),
(854, NULL, 1, 1, '2016-07-25 12:59:10', 1, 0),
(855, NULL, 2, 1, '2016-07-25 12:59:10', 1, 0),
(856, NULL, 1, 2, '2016-07-25 12:59:10', 1, 0),
(857, NULL, 2, 2, '2016-07-25 12:59:10', 1, 0),
(862, NULL, 1, 1, '2016-07-25 13:10:14', 1, 0),
(863, NULL, 2, 1, '2016-07-25 13:10:14', 1, 0),
(864, NULL, 1, 2, '2016-07-25 13:10:14', 1, 0),
(865, NULL, 2, 2, '2016-07-25 13:10:14', 1, 0),
(1002, NULL, 1, 1, '2016-07-25 14:22:37', 1, 0),
(1003, NULL, 2, 1, '2016-07-25 14:22:37', 1, 0),
(1004, NULL, 1, 2, '2016-07-25 14:22:37', 1, 0),
(1005, NULL, 2, 2, '2016-07-25 14:22:37', 1, 0),
(1010, NULL, 1, 1, '2016-07-25 14:23:03', 1, 0),
(1011, NULL, 2, 1, '2016-07-25 14:23:03', 1, 0),
(1012, NULL, 1, 2, '2016-07-25 14:23:03', 1, 0),
(1013, NULL, 2, 2, '2016-07-25 14:23:03', 1, 0),
(1046, NULL, 1, 1, '2016-07-25 14:59:07', 1, 0),
(1047, NULL, 2, 1, '2016-07-25 14:59:07', 1, 0),
(1048, NULL, 1, 2, '2016-07-25 14:59:07', 1, 0),
(1049, NULL, 2, 2, '2016-07-25 14:59:07', 1, 0),
(1058, NULL, 1, 1, '2016-07-25 15:03:44', 1, 0),
(1059, NULL, 2, 1, '2016-07-25 15:03:44', 1, 0),
(1067, NULL, 1, 1, '2016-07-25 15:15:37', 1, 0),
(1068, NULL, 2, 1, '2016-07-25 15:15:37', 1, 0),
(1069, NULL, 1, 2, '2016-07-25 15:15:37', 1, 0),
(1070, NULL, 2, 2, '2016-07-25 15:15:37', 1, 0),
(1097, 24, 1, 1, '2016-08-01 09:52:20', 1, 0),
(1098, 24, 2, 1, '2016-08-01 09:52:20', 1, 0),
(1099, 25, 1, 1, '2016-08-01 09:53:04', 1, 0),
(1100, 25, 2, 1, '2016-08-01 09:53:04', 1, 0),
(1101, 25, 3, 1, '2016-08-01 09:53:04', 1, 0),
(1102, 25, 4, 1, '2016-08-01 09:53:04', 1, 0),
(1103, 25, 5, 1, '2016-08-01 09:53:04', 1, 0),
(1104, 25, 6, 1, '2016-08-01 09:53:04', 1, 0),
(1105, 26, 1, 1, '2016-08-01 09:55:11', 1, 0),
(1106, 26, 2, 1, '2016-08-01 09:55:11', 1, 0),
(1107, 26, 3, 1, '2016-08-01 09:55:11', 1, 0),
(1108, 26, 4, 1, '2016-08-01 09:55:11', 1, 0),
(1109, 26, 5, 1, '2016-08-01 09:55:11', 1, 0),
(1110, 26, 6, 1, '2016-08-01 09:55:11', 1, 0),
(1111, 26, 7, 1, '2016-08-01 09:55:11', 1, 0),
(1112, 26, 8, 1, '2016-08-01 09:55:11', 1, 0),
(1113, 26, 9, 1, '2016-08-01 09:55:11', 1, 0),
(1125, 28, 1, 1, '2016-08-01 10:19:10', 1, 0),
(1126, 28, 2, 1, '2016-08-01 10:19:10', 1, 0),
(1127, 28, 3, 1, '2016-08-01 10:19:10', 1, 0),
(1128, 28, 4, 1, '2016-08-01 10:19:10', 1, 0),
(1129, 28, 5, 1, '2016-08-01 10:19:10', 1, 0),
(1132, 23, 1, 1, '2016-08-01 10:40:11', 0, 0),
(1133, 23, 2, 1, '2016-08-01 10:40:11', 0, 0),
(1134, 23, 4, 1, '2016-08-01 10:40:11', 0, 0),
(1136, 27, 1, 1, '2016-08-02 05:08:07', 0, 1),
(1137, 27, 2, 1, '2016-08-02 05:08:07', 0, 0),
(1138, 27, 4, 1, '2016-08-02 05:08:07', 0, 0),
(1139, 27, 5, 1, '2016-08-02 05:08:07', 0, 0),
(1142, 29, 1, 1, '2016-08-02 10:36:19', 1, 0),
(1143, 29, 2, 1, '2016-08-02 10:36:19', 1, 0),
(1144, 29, 3, 1, '2016-08-02 10:36:19', 1, 0),
(1145, 29, 4, 1, '2016-08-02 10:36:19', 1, 0),
(1146, 29, 1, 2, '2016-08-02 10:36:19', 1, 0),
(1147, 29, 2, 2, '2016-08-02 10:36:19', 1, 0),
(1148, 29, 3, 2, '2016-08-02 10:36:19', 1, 0),
(1149, 29, 4, 2, '2016-08-02 10:36:19', 1, 0),
(1150, 29, 1, 3, '2016-08-02 10:36:19', 1, 0),
(1151, 29, 2, 3, '2016-08-02 10:36:19', 1, 0),
(1152, 29, 3, 3, '2016-08-02 10:36:19', 1, 0),
(1153, 29, 4, 3, '2016-08-02 10:36:19', 1, 0),
(1154, 29, 1, 4, '2016-08-02 10:36:19', 1, 0),
(1155, 29, 2, 4, '2016-08-02 10:36:19', 1, 0),
(1156, 29, 3, 4, '2016-08-02 10:36:19', 1, 0),
(1157, 29, 4, 4, '2016-08-02 10:36:19', 1, 0),
(1262, NULL, 1, 1, '2016-08-04 11:59:27', 1, 0),
(1263, NULL, 2, 1, '2016-08-04 11:59:27', 1, 0),
(1264, NULL, 3, 1, '2016-08-04 11:59:27', 1, 0),
(1265, NULL, 4, 1, '2016-08-04 11:59:27', 1, 0),
(1266, NULL, 1, 2, '2016-08-04 11:59:27', 1, 0),
(1267, NULL, 2, 2, '2016-08-04 11:59:27', 1, 0),
(1268, NULL, 3, 2, '2016-08-04 11:59:27', 1, 0),
(1269, NULL, 4, 2, '2016-08-04 11:59:27', 1, 0),
(1478, 30, 1, 1, '2016-08-04 13:02:55', 0, 0),
(1479, 30, 1, 2, '2016-08-04 13:02:55', 0, 0),
(1480, 30, 1, 3, '2016-08-04 13:02:55', 0, 0),
(1481, 30, 1, 4, '2016-08-04 13:02:55', 0, 0),
(1482, 31, 1, 1, '2016-08-04 13:03:17', 0, 0),
(1483, 31, 1, 2, '2016-08-04 13:03:17', 0, 0),
(1484, 31, 1, 3, '2016-08-04 13:03:17', 0, 0),
(1485, 31, 1, 4, '2016-08-04 13:03:17', 0, 0),
(1486, 32, 1, 1, '2016-08-04 13:03:35', 0, 0),
(1487, 32, 1, 2, '2016-08-04 13:03:35', 0, 0),
(1488, 32, 1, 3, '2016-08-04 13:03:35', 0, 0),
(1489, 32, 1, 4, '2016-08-04 13:03:35', 0, 0),
(1490, 33, 1, 1, '2016-08-04 13:03:53', 0, 0),
(1491, 33, 1, 2, '2016-08-04 13:03:53', 0, 0),
(1492, 33, 1, 3, '2016-08-04 13:03:53', 0, 0),
(1493, 33, 1, 4, '2016-08-04 13:03:53', 0, 0),
(1494, 34, 1, 1, '2016-08-04 13:04:10', 0, 0),
(1495, 34, 1, 2, '2016-08-04 13:04:10', 0, 0),
(1496, 34, 1, 3, '2016-08-04 13:04:10', 0, 0),
(1497, 34, 1, 4, '2016-08-04 13:04:10', 0, 0),
(1498, 35, 1, 1, '2016-08-04 13:04:24', 0, 0),
(1499, 35, 1, 2, '2016-08-04 13:04:24', 0, 0),
(1500, 35, 1, 3, '2016-08-04 13:04:24', 0, 0),
(1501, 35, 1, 4, '2016-08-04 13:04:24', 0, 0),
(1502, 36, 1, 1, '2016-08-04 13:04:42', 0, 0),
(1503, 36, 1, 2, '2016-08-04 13:04:42', 0, 0),
(1504, 36, 1, 3, '2016-08-04 13:04:42', 0, 0),
(1505, 36, 1, 4, '2016-08-04 13:04:42', 0, 0),
(1506, 37, 1, 1, '2016-08-04 13:04:58', 0, 0),
(1507, 37, 1, 2, '2016-08-04 13:04:58', 0, 0),
(1508, 37, 1, 3, '2016-08-04 13:04:58', 0, 0),
(1509, 37, 1, 4, '2016-08-04 13:04:58', 0, 0),
(1510, 38, 1, 1, '2016-08-04 13:05:18', 0, 0),
(1511, 38, 1, 2, '2016-08-04 13:05:18', 0, 0),
(1512, 38, 1, 3, '2016-08-04 13:05:18', 0, 0),
(1513, 38, 1, 4, '2016-08-04 13:05:18', 0, 0),
(1514, 39, 1, 1, '2016-08-04 13:05:43', 0, 0),
(1515, 39, 1, 2, '2016-08-04 13:05:43', 0, 0),
(1516, 39, 1, 3, '2016-08-04 13:05:43', 0, 0),
(1517, 39, 1, 4, '2016-08-04 13:05:43', 0, 0),
(1518, 40, 1, 1, '2016-08-04 13:06:27', 0, 0),
(1519, 40, 1, 2, '2016-08-04 13:06:27', 0, 0),
(1520, 40, 1, 3, '2016-08-04 13:06:27', 0, 0),
(1521, 40, 1, 4, '2016-08-04 13:06:27', 0, 0),
(1522, 41, 1, 1, '2016-08-04 13:06:43', 0, 0),
(1523, 41, 1, 2, '2016-08-04 13:06:43', 0, 0),
(1524, 41, 1, 3, '2016-08-04 13:06:43', 0, 0),
(1525, 41, 1, 4, '2016-08-04 13:06:43', 0, 0),
(1526, 42, 1, 1, '2016-08-04 13:07:09', 0, 1),
(1527, 42, 1, 2, '2016-08-04 13:07:09', 0, 0),
(1528, 42, 1, 3, '2016-08-04 13:07:09', 0, 0),
(1529, 42, 1, 4, '2016-08-04 13:07:09', 0, 0),
(1530, 43, 1, 1, '2016-08-04 13:07:31', 0, 0),
(1531, 43, 1, 2, '2016-08-04 13:07:31', 0, 0),
(1532, 43, 1, 3, '2016-08-04 13:07:31', 0, 0),
(1533, 43, 1, 4, '2016-08-04 13:07:31', 0, 0),
(1534, 44, 1, 1, '2016-08-04 13:07:53', 0, 0),
(1535, 44, 1, 2, '2016-08-04 13:07:53', 0, 0),
(1536, 44, 1, 3, '2016-08-04 13:07:53', 0, 0),
(1537, 44, 1, 4, '2016-08-04 13:07:53', 0, 0),
(1538, 45, 1, 1, '2016-08-04 13:08:10', 0, 0),
(1539, 45, 1, 2, '2016-08-04 13:08:10', 0, 0),
(1540, 45, 1, 3, '2016-08-04 13:08:10', 0, 0),
(1541, 45, 1, 4, '2016-08-04 13:08:10', 0, 0),
(1542, 46, 1, 1, '2016-08-04 13:08:33', 0, 0),
(1543, 46, 1, 2, '2016-08-04 13:08:33', 0, 0),
(1544, 46, 1, 3, '2016-08-04 13:08:33', 0, 0),
(1545, 46, 1, 4, '2016-08-04 13:08:33', 0, 0),
(1546, 47, 1, 1, '2016-08-04 13:08:52', 0, 0),
(1547, 47, 1, 2, '2016-08-04 13:08:52', 0, 0),
(1548, 47, 1, 3, '2016-08-04 13:08:52', 0, 1),
(1549, 47, 1, 4, '2016-08-04 13:08:52', 0, 0),
(1550, 48, 1, 1, '2016-08-04 13:09:12', 0, 1),
(1551, 48, 1, 2, '2016-08-04 13:09:12', 0, 0),
(1552, 48, 1, 3, '2016-08-04 13:09:12', 0, 0),
(1553, 48, 1, 4, '2016-08-04 13:09:12', 0, 0),
(1562, NULL, 1, 1, '2016-08-04 15:00:38', 1, 0),
(1563, NULL, 2, 1, '2016-08-04 15:00:38', 1, 0),
(1564, NULL, 3, 1, '2016-08-04 15:00:38', 1, 0),
(1565, NULL, 4, 1, '2016-08-04 15:00:38', 1, 0),
(1580, NULL, 1, 1, '2016-08-08 11:07:30', 1, 0),
(1581, NULL, 2, 1, '2016-08-08 11:07:30', 1, 0),
(1582, NULL, 3, 1, '2016-08-08 11:07:30', 1, 0),
(1583, NULL, 4, 1, '2016-08-08 11:07:30', 1, 0),
(1589, NULL, 1, 1, '2016-08-08 11:11:58', 1, 0),
(1590, NULL, 2, 1, '2016-08-08 11:11:58', 1, 0),
(1591, NULL, 3, 1, '2016-08-08 11:11:58', 1, 0),
(1592, NULL, 4, 1, '2016-08-08 11:11:58', 1, 0),
(1597, NULL, 1, 1, '2016-08-08 11:12:27', 1, 0),
(1598, NULL, 2, 1, '2016-08-08 11:12:27', 1, 0),
(1599, NULL, 1, 2, '2016-08-08 11:12:27', 1, 0),
(1600, NULL, 2, 2, '2016-08-08 11:12:27', 1, 0),
(1605, NULL, 1, 1, '2016-08-08 11:12:55', 1, 0),
(1606, NULL, 2, 1, '2016-08-08 11:12:55', 1, 0),
(1607, NULL, 1, 2, '2016-08-08 11:12:55', 1, 0),
(1608, NULL, 2, 2, '2016-08-08 11:12:55', 1, 0),
(1613, NULL, 1, 1, '2016-08-08 11:13:25', 1, 0),
(1614, NULL, 2, 1, '2016-08-08 11:13:25', 1, 0),
(1615, NULL, 1, 2, '2016-08-08 11:13:25', 1, 0),
(1616, NULL, 2, 2, '2016-08-08 11:13:25', 1, 0),
(1651, NULL, 1, 1, '2016-08-08 11:14:30', 1, 0),
(1652, NULL, 2, 1, '2016-08-08 11:14:30', 1, 0),
(1653, NULL, 1, 2, '2016-08-08 11:14:30', 1, 0),
(1654, NULL, 2, 2, '2016-08-08 11:14:30', 1, 0),
(1675, NULL, 1, 1, '2016-08-08 11:15:26', 1, 0),
(1676, NULL, 2, 1, '2016-08-08 11:15:26', 1, 0),
(1677, NULL, 1, 2, '2016-08-08 11:15:26', 1, 0),
(1678, NULL, 2, 2, '2016-08-08 11:15:26', 1, 0),
(1683, NULL, 1, 1, '2016-08-08 11:15:58', 1, 0),
(1684, NULL, 2, 1, '2016-08-08 11:15:58', 1, 0),
(1685, NULL, 1, 2, '2016-08-08 11:15:58', 1, 0),
(1686, NULL, 2, 2, '2016-08-08 11:15:58', 1, 0),
(1691, NULL, 1, 1, '2016-08-08 11:16:35', 1, 0),
(1692, NULL, 2, 1, '2016-08-08 11:16:35', 1, 0),
(1693, NULL, 1, 2, '2016-08-08 11:16:35', 1, 0),
(1694, NULL, 2, 2, '2016-08-08 11:16:35', 1, 0),
(1699, NULL, 1, 1, '2016-08-08 11:17:04', 1, 0),
(1700, NULL, 2, 1, '2016-08-08 11:17:04', 1, 0),
(1701, NULL, 1, 2, '2016-08-08 11:17:04', 1, 0),
(1702, NULL, 2, 2, '2016-08-08 11:17:04', 1, 0),
(1711, NULL, 1, 1, '2016-08-08 11:18:01', 1, 0),
(1712, NULL, 2, 1, '2016-08-08 11:18:01', 1, 0),
(1713, NULL, 1, 2, '2016-08-08 11:18:01', 1, 0),
(1714, NULL, 2, 2, '2016-08-08 11:18:01', 1, 0),
(1719, NULL, 1, 1, '2016-08-08 11:18:28', 1, 0),
(1720, NULL, 2, 1, '2016-08-08 11:18:28', 1, 0),
(1721, NULL, 1, 2, '2016-08-08 11:18:28', 1, 0),
(1722, NULL, 2, 2, '2016-08-08 11:18:28', 1, 0),
(1727, NULL, 1, 1, '2016-08-08 11:19:14', 1, 0),
(1728, NULL, 2, 1, '2016-08-08 11:19:14', 1, 0),
(1729, NULL, 1, 2, '2016-08-08 11:19:14', 1, 0),
(1730, NULL, 2, 2, '2016-08-08 11:19:14', 1, 0),
(1786, NULL, 1, 1, '2016-08-11 15:22:01', 1, 0),
(1787, NULL, 2, 1, '2016-08-11 15:22:01', 1, 0),
(1788, NULL, 3, 1, '2016-08-11 15:22:01', 1, 0),
(1789, NULL, 4, 1, '2016-08-11 15:22:01', 1, 0),
(1790, NULL, 1, 2, '2016-08-11 15:22:01', 1, 0),
(1791, NULL, 2, 2, '2016-08-11 15:22:01', 1, 0),
(1792, NULL, 3, 2, '2016-08-11 15:22:01', 1, 0),
(1793, NULL, 4, 2, '2016-08-11 15:22:01', 1, 0),
(1802, NULL, 1, 1, '2016-08-11 15:22:13', 1, 0),
(1803, NULL, 2, 1, '2016-08-11 15:22:13', 1, 0),
(1804, NULL, 3, 1, '2016-08-11 15:22:13', 1, 0),
(1805, NULL, 4, 1, '2016-08-11 15:22:13', 1, 0),
(1806, NULL, 1, 2, '2016-08-11 15:22:13', 1, 0),
(1807, NULL, 2, 2, '2016-08-11 15:22:13', 1, 0),
(1808, NULL, 3, 2, '2016-08-11 15:22:13', 1, 0),
(1809, NULL, 4, 2, '2016-08-11 15:22:13', 1, 0),
(1822, NULL, 1, 1, '2016-08-12 06:21:30', 1, 0),
(1823, NULL, 2, 1, '2016-08-12 06:21:30', 1, 0),
(1824, NULL, 3, 1, '2016-08-12 06:21:30', 1, 0),
(1825, NULL, 4, 1, '2016-08-12 06:21:30', 1, 0),
(1826, NULL, 5, 1, '2016-08-12 06:21:30', 1, 0),
(1827, NULL, 6, 1, '2016-08-12 06:21:30', 1, 0),
(1828, NULL, 1, 2, '2016-08-12 06:21:30', 1, 0),
(1829, NULL, 2, 2, '2016-08-12 06:21:30', 1, 0),
(1830, NULL, 3, 2, '2016-08-12 06:21:30', 1, 0),
(1831, NULL, 4, 2, '2016-08-12 06:21:30', 1, 0),
(1832, NULL, 5, 2, '2016-08-12 06:21:30', 1, 0),
(1833, NULL, 6, 2, '2016-08-12 06:21:30', 1, 0),
(1842, NULL, 1, 1, '2016-08-12 06:21:47', 1, 0),
(1843, NULL, 2, 1, '2016-08-12 06:21:47', 1, 0),
(1844, NULL, 3, 1, '2016-08-12 06:21:47', 1, 0),
(1845, NULL, 4, 1, '2016-08-12 06:21:47', 1, 0),
(1846, NULL, 1, 2, '2016-08-12 06:21:47', 1, 0),
(1847, NULL, 2, 2, '2016-08-12 06:21:47', 1, 0),
(1848, NULL, 3, 2, '2016-08-12 06:21:47', 1, 0),
(1849, NULL, 4, 2, '2016-08-12 06:21:47', 1, 0),
(1862, NULL, 1, 1, '2016-08-12 06:23:04', 1, 0),
(1863, NULL, 2, 1, '2016-08-12 06:23:04', 1, 0),
(1864, NULL, 3, 1, '2016-08-12 06:23:04', 1, 0),
(1865, NULL, 4, 1, '2016-08-12 06:23:04', 1, 0),
(1866, NULL, 5, 1, '2016-08-12 06:23:04', 1, 0),
(1867, NULL, 6, 1, '2016-08-12 06:23:04', 1, 0),
(1868, NULL, 1, 2, '2016-08-12 06:23:04', 1, 0),
(1869, NULL, 2, 2, '2016-08-12 06:23:04', 1, 0),
(1870, NULL, 3, 2, '2016-08-12 06:23:04', 1, 0),
(1871, NULL, 4, 2, '2016-08-12 06:23:04', 1, 0),
(1872, NULL, 5, 2, '2016-08-12 06:23:04', 1, 0),
(1873, NULL, 6, 2, '2016-08-12 06:23:04', 1, 0),
(1886, NULL, 1, 1, '2016-08-12 06:25:54', 1, 0),
(1887, NULL, 2, 1, '2016-08-12 06:25:54', 1, 0),
(1888, NULL, 3, 1, '2016-08-12 06:25:54', 1, 0),
(1889, NULL, 4, 1, '2016-08-12 06:25:54', 1, 0),
(1890, NULL, 5, 1, '2016-08-12 06:25:54', 1, 0),
(1891, NULL, 6, 1, '2016-08-12 06:25:54', 1, 0),
(1892, NULL, 1, 2, '2016-08-12 06:25:54', 1, 0),
(1893, NULL, 2, 2, '2016-08-12 06:25:54', 1, 0),
(1894, NULL, 3, 2, '2016-08-12 06:25:54', 1, 0),
(1895, NULL, 4, 2, '2016-08-12 06:25:54', 1, 0),
(1896, NULL, 5, 2, '2016-08-12 06:25:54', 1, 0),
(1897, NULL, 6, 2, '2016-08-12 06:25:54', 1, 0),
(1952, NULL, 1, 1, '2016-08-12 08:51:53', 1, 0),
(1953, NULL, 2, 1, '2016-08-12 08:51:53', 1, 0),
(1954, NULL, 3, 1, '2016-08-12 08:51:53', 1, 0),
(1955, NULL, 4, 1, '2016-08-12 08:51:53', 1, 0),
(1956, NULL, 5, 1, '2016-08-12 08:51:53', 1, 0),
(1957, NULL, 6, 1, '2016-08-12 08:51:53', 1, 0),
(1958, NULL, 1, 2, '2016-08-12 08:51:53', 1, 0),
(1959, NULL, 2, 2, '2016-08-12 08:51:53', 1, 0),
(1960, NULL, 3, 2, '2016-08-12 08:51:53', 1, 0),
(1961, NULL, 4, 2, '2016-08-12 08:51:53', 1, 0),
(1962, NULL, 5, 2, '2016-08-12 08:51:53', 1, 0),
(1963, NULL, 6, 2, '2016-08-12 08:51:53', 1, 0),
(2036, 51, 1, 1, '2016-08-13 16:25:36', 0, 0),
(2037, 51, 1, 2, '2016-08-13 16:25:36', 0, 0),
(2038, 51, 1, 3, '2016-08-13 16:25:36', 0, 0),
(2039, 51, 1, 4, '2016-08-13 16:25:36', 0, 0),
(2052, 50, 1, 1, '2016-08-14 11:40:12', 0, 0),
(2053, 50, 1, 2, '2016-08-14 11:40:12', 0, 0),
(2054, 50, 1, 3, '2016-08-14 11:40:12', 0, 0),
(2055, 50, 1, 4, '2016-08-14 11:40:12', 0, 0),
(2056, 49, 1, 1, '2016-08-14 12:18:25', 0, 0),
(2057, 49, 1, 2, '2016-08-14 12:18:25', 0, 0),
(2058, 49, 1, 3, '2016-08-14 12:18:25', 0, 0),
(2059, 49, 1, 4, '2016-08-14 12:18:25', 0, 0),
(2064, NULL, 1, 1, '2016-08-14 15:55:49', 1, 0),
(2065, NULL, 2, 1, '2016-08-14 15:55:49', 1, 0),
(2066, NULL, 1, 2, '2016-08-14 15:55:49', 1, 0),
(2067, NULL, 2, 2, '2016-08-14 15:55:49', 1, 0),
(2072, NULL, 1, 1, '2016-08-14 16:02:37', 1, 0),
(2073, NULL, 2, 1, '2016-08-14 16:02:37', 1, 0),
(2074, NULL, 1, 2, '2016-08-14 16:02:37', 1, 0),
(2075, NULL, 2, 2, '2016-08-14 16:02:37', 1, 0),
(2080, NULL, 1, 1, '2016-08-14 16:07:09', 1, 0),
(2081, NULL, 2, 1, '2016-08-14 16:07:09', 1, 0),
(2082, NULL, 1, 2, '2016-08-14 16:07:09', 1, 0),
(2083, NULL, 2, 2, '2016-08-14 16:07:09', 1, 0),
(2088, NULL, 1, 1, '2016-08-14 16:10:43', 1, 0),
(2089, NULL, 2, 1, '2016-08-14 16:10:43', 1, 0),
(2090, NULL, 1, 2, '2016-08-14 16:10:43', 1, 0),
(2091, NULL, 2, 2, '2016-08-14 16:10:43', 1, 0),
(2096, NULL, 1, 1, '2016-08-14 16:16:33', 1, 0),
(2097, NULL, 2, 1, '2016-08-14 16:16:33', 1, 0),
(2098, NULL, 1, 2, '2016-08-14 16:16:33', 1, 0),
(2099, NULL, 2, 2, '2016-08-14 16:16:33', 1, 0),
(2104, NULL, 1, 1, '2016-08-14 16:20:03', 1, 0),
(2105, NULL, 2, 1, '2016-08-14 16:20:03', 1, 0),
(2106, NULL, 1, 2, '2016-08-14 16:20:03', 1, 0),
(2107, NULL, 2, 2, '2016-08-14 16:20:03', 1, 0),
(2112, NULL, 1, 1, '2016-08-14 16:23:55', 1, 0),
(2113, NULL, 2, 1, '2016-08-14 16:23:55', 1, 0),
(2114, NULL, 1, 2, '2016-08-14 16:23:55', 1, 0),
(2115, NULL, 2, 2, '2016-08-14 16:23:55', 1, 0),
(2120, NULL, 1, 1, '2016-08-14 16:28:33', 1, 0),
(2121, NULL, 2, 1, '2016-08-14 16:28:33', 1, 0),
(2122, NULL, 1, 2, '2016-08-14 16:28:33', 1, 0),
(2123, NULL, 2, 2, '2016-08-14 16:28:33', 1, 0),
(2128, NULL, 1, 1, '2016-08-14 16:30:37', 1, 0),
(2129, NULL, 2, 1, '2016-08-14 16:30:37', 1, 0),
(2130, NULL, 1, 2, '2016-08-14 16:30:37', 1, 0),
(2131, NULL, 2, 2, '2016-08-14 16:30:37', 1, 0),
(2136, NULL, 1, 1, '2016-08-14 16:34:28', 1, 0),
(2137, NULL, 2, 1, '2016-08-14 16:34:28', 1, 0),
(2138, NULL, 1, 2, '2016-08-14 16:34:28', 1, 0),
(2139, NULL, 2, 2, '2016-08-14 16:34:28', 1, 0),
(2144, NULL, 1, 1, '2016-08-14 16:37:32', 1, 0),
(2145, NULL, 2, 1, '2016-08-14 16:37:32', 1, 0),
(2146, NULL, 1, 2, '2016-08-14 16:37:32', 1, 0),
(2147, NULL, 2, 2, '2016-08-14 16:37:32', 1, 0),
(2152, NULL, 1, 1, '2016-08-14 16:44:17', 1, 0),
(2153, NULL, 2, 1, '2016-08-14 16:44:17', 1, 0),
(2154, NULL, 1, 2, '2016-08-14 16:44:17', 1, 0),
(2155, NULL, 2, 2, '2016-08-14 16:44:17', 1, 0),
(2160, NULL, 1, 1, '2016-08-14 16:48:21', 1, 0),
(2161, NULL, 2, 1, '2016-08-14 16:48:21', 1, 0),
(2162, NULL, 1, 2, '2016-08-14 16:48:21', 1, 0),
(2163, NULL, 2, 2, '2016-08-14 16:48:21', 1, 0),
(2168, NULL, 1, 1, '2016-08-15 04:44:04', 1, 0),
(2169, NULL, 2, 1, '2016-08-15 04:44:04', 1, 0),
(2170, NULL, 1, 2, '2016-08-15 04:44:04', 1, 0),
(2171, NULL, 2, 2, '2016-08-15 04:44:04', 1, 0),
(2176, NULL, 1, 1, '2016-08-15 04:48:11', 1, 0),
(2177, NULL, 2, 1, '2016-08-15 04:48:11', 1, 0),
(2178, NULL, 1, 2, '2016-08-15 04:48:11', 1, 0),
(2179, NULL, 2, 2, '2016-08-15 04:48:11', 1, 0),
(2184, NULL, 1, 1, '2016-08-15 04:54:52', 1, 0),
(2185, NULL, 2, 1, '2016-08-15 04:54:52', 1, 0),
(2186, NULL, 1, 2, '2016-08-15 04:54:52', 1, 0),
(2187, NULL, 2, 2, '2016-08-15 04:54:52', 1, 0),
(2192, NULL, 1, 1, '2016-08-15 04:58:21', 1, 0),
(2193, NULL, 2, 1, '2016-08-15 04:58:21', 1, 0),
(2194, NULL, 1, 2, '2016-08-15 04:58:21', 1, 0),
(2195, NULL, 2, 2, '2016-08-15 04:58:21', 1, 0),
(2278, 52, 1, 1, '2016-08-16 14:23:49', 1, 0),
(2279, 52, 1, 2, '2016-08-16 14:23:49', 1, 0),
(2280, NULL, 1, 1, '2016-08-16 14:23:49', 1, 0),
(2281, NULL, 1, 2, '2016-08-16 14:23:49', 1, 0),
(2282, 2, 1, 1, '2016-08-16 14:47:55', 1, 0),
(2283, 2, 2, 1, '2016-08-16 14:47:55', 1, 0),
(2284, 2, 1, 2, '2016-08-16 14:47:55', 1, 0),
(2285, 2, 2, 2, '2016-08-16 14:47:55', 1, 0),
(2286, NULL, 1, 1, '2016-08-16 14:47:55', 1, 0),
(2287, NULL, 2, 1, '2016-08-16 14:47:55', 1, 0),
(2288, NULL, 1, 2, '2016-08-16 14:47:55', 1, 0),
(2289, NULL, 2, 2, '2016-08-16 14:47:55', 1, 0),
(2294, NULL, 1, 1, '2016-08-16 15:17:19', 1, 0),
(2295, NULL, 2, 1, '2016-08-16 15:17:19', 1, 0),
(2296, NULL, 1, 2, '2016-08-16 15:17:19', 1, 0),
(2297, NULL, 2, 2, '2016-08-16 15:17:19', 1, 0),
(2302, NULL, 1, 1, '2016-08-16 15:18:25', 1, 0),
(2303, NULL, 2, 1, '2016-08-16 15:18:25', 1, 0),
(2304, NULL, 1, 2, '2016-08-16 15:18:25', 1, 0),
(2305, NULL, 2, 2, '2016-08-16 15:18:25', 1, 0),
(2310, NULL, 1, 1, '2016-08-16 15:19:49', 1, 0),
(2311, NULL, 2, 1, '2016-08-16 15:19:49', 1, 0),
(2312, NULL, 1, 2, '2016-08-16 15:19:49', 1, 0),
(2313, NULL, 2, 2, '2016-08-16 15:19:49', 1, 0),
(2318, NULL, 1, 1, '2016-08-16 15:22:05', 1, 0),
(2319, NULL, 2, 1, '2016-08-16 15:22:05', 1, 0),
(2320, NULL, 1, 2, '2016-08-16 15:22:05', 1, 0),
(2321, NULL, 2, 2, '2016-08-16 15:22:05', 1, 0),
(2322, 11, 1, 1, '2016-08-16 15:23:43', 1, 0),
(2323, 11, 2, 1, '2016-08-16 15:23:43', 1, 0),
(2324, 11, 1, 2, '2016-08-16 15:23:43', 1, 0),
(2325, 11, 2, 2, '2016-08-16 15:23:43', 1, 0),
(2326, NULL, 1, 1, '2016-08-16 15:23:43', 1, 0),
(2327, NULL, 2, 1, '2016-08-16 15:23:43', 1, 0),
(2328, NULL, 1, 2, '2016-08-16 15:23:43', 1, 0),
(2329, NULL, 2, 2, '2016-08-16 15:23:43', 1, 0),
(2330, 12, 1, 1, '2016-08-16 15:25:19', 1, 0),
(2331, 12, 2, 1, '2016-08-16 15:25:19', 1, 0),
(2332, 12, 1, 2, '2016-08-16 15:25:19', 1, 0),
(2333, 12, 2, 2, '2016-08-16 15:25:19', 1, 0),
(2334, NULL, 1, 1, '2016-08-16 15:25:19', 1, 0),
(2335, NULL, 2, 1, '2016-08-16 15:25:19', 1, 0),
(2336, NULL, 1, 2, '2016-08-16 15:25:19', 1, 0),
(2337, NULL, 2, 2, '2016-08-16 15:25:19', 1, 0),
(2358, NULL, 1, 1, '2016-08-16 15:27:24', 1, 0),
(2359, NULL, 2, 1, '2016-08-16 15:27:24', 1, 0),
(2360, NULL, 1, 2, '2016-08-16 15:27:24', 1, 0),
(2361, NULL, 2, 2, '2016-08-16 15:27:24', 1, 0),
(2366, NULL, 1, 1, '2016-08-16 15:28:29', 1, 0),
(2367, NULL, 2, 1, '2016-08-16 15:28:29', 1, 0),
(2368, NULL, 1, 2, '2016-08-16 15:28:29', 1, 0),
(2369, NULL, 2, 2, '2016-08-16 15:28:29', 1, 0),
(2374, NULL, 1, 1, '2016-08-16 15:29:46', 1, 0),
(2375, NULL, 2, 1, '2016-08-16 15:29:46', 1, 0),
(2376, NULL, 1, 2, '2016-08-16 15:29:46', 1, 0),
(2377, NULL, 2, 2, '2016-08-16 15:29:46', 1, 0),
(2382, NULL, 1, 1, '2016-08-16 15:31:01', 1, 0),
(2383, NULL, 2, 1, '2016-08-16 15:31:01', 1, 0),
(2384, NULL, 1, 2, '2016-08-16 15:31:01', 1, 0),
(2385, NULL, 2, 2, '2016-08-16 15:31:01', 1, 0),
(2390, NULL, 1, 1, '2016-08-16 15:31:52', 1, 0),
(2391, NULL, 2, 1, '2016-08-16 15:31:52', 1, 0),
(2392, NULL, 1, 2, '2016-08-16 15:31:52', 1, 0),
(2393, NULL, 2, 2, '2016-08-16 15:31:52', 1, 0),
(2394, 20, 1, 1, '2016-08-16 15:33:03', 1, 0),
(2395, 20, 2, 1, '2016-08-16 15:33:03', 1, 0),
(2396, 20, 1, 2, '2016-08-16 15:33:03', 1, 0),
(2397, 20, 2, 2, '2016-08-16 15:33:03', 1, 0),
(2398, NULL, 1, 1, '2016-08-16 15:33:03', 1, 0),
(2399, NULL, 2, 1, '2016-08-16 15:33:03', 1, 0),
(2400, NULL, 1, 2, '2016-08-16 15:33:03', 1, 0),
(2401, NULL, 2, 2, '2016-08-16 15:33:03', 1, 0),
(2402, 21, 1, 1, '2016-08-16 15:33:51', 1, 0),
(2403, 21, 2, 1, '2016-08-16 15:33:51', 1, 0),
(2404, 21, 1, 2, '2016-08-16 15:33:51', 1, 0),
(2405, 21, 2, 2, '2016-08-16 15:33:51', 1, 0),
(2406, NULL, 1, 1, '2016-08-16 15:33:51', 1, 0),
(2407, NULL, 2, 1, '2016-08-16 15:33:51', 1, 0),
(2408, NULL, 1, 2, '2016-08-16 15:33:51', 1, 0),
(2409, NULL, 2, 2, '2016-08-16 15:33:51', 1, 0),
(2410, 22, 1, 1, '2016-08-16 15:34:56', 1, 0),
(2411, 22, 2, 1, '2016-08-16 15:34:56', 1, 0),
(2412, 22, 1, 2, '2016-08-16 15:34:56', 1, 0),
(2413, 22, 2, 2, '2016-08-16 15:34:56', 1, 0),
(2414, NULL, 1, 1, '2016-08-16 15:34:56', 1, 0),
(2415, NULL, 2, 1, '2016-08-16 15:34:56', 1, 0),
(2416, NULL, 1, 2, '2016-08-16 15:34:56', 1, 0),
(2417, NULL, 2, 2, '2016-08-16 15:34:56', 1, 0),
(2418, 14, 1, 1, '2016-08-17 08:40:50', 0, 0),
(2419, 14, 1, 2, '2016-08-17 08:40:50', 0, 0),
(2420, 5, 1, 1, '2016-08-17 08:41:19', 0, 0),
(2421, 5, 1, 2, '2016-08-17 08:41:19', 0, 0),
(2422, 5, 1, 3, '2016-08-17 08:41:19', 0, 0),
(2423, 5, 1, 4, '2016-08-17 08:41:19', 0, 0),
(2424, 4, 1, 1, '2016-08-17 08:41:44', 0, 0),
(2425, 4, 1, 2, '2016-08-17 08:41:44', 0, 0),
(2426, 4, 1, 3, '2016-08-17 08:41:44', 0, 0),
(2427, 4, 1, 4, '2016-08-17 08:41:44', 0, 1),
(2428, 15, 1, 1, '2016-08-17 08:41:56', 0, 0),
(2429, 15, 1, 2, '2016-08-17 08:41:56', 0, 0),
(2430, 15, 1, 3, '2016-08-17 08:41:56', 0, 0),
(2431, 15, 1, 4, '2016-08-17 08:41:56', 0, 0),
(2432, 16, 1, 1, '2016-08-17 08:42:32', 0, 0),
(2433, 16, 1, 2, '2016-08-17 08:42:32', 0, 0),
(2434, 16, 1, 3, '2016-08-17 08:42:32', 0, 0),
(2435, 16, 1, 4, '2016-08-17 08:42:32', 0, 0),
(2436, 17, 1, 1, '2016-08-17 08:43:02', 0, 0),
(2437, 17, 1, 2, '2016-08-17 08:43:02', 0, 0),
(2438, 17, 1, 3, '2016-08-17 08:43:02', 0, 0),
(2439, 17, 1, 4, '2016-08-17 08:43:02', 0, 0),
(2440, 7, 1, 1, '2016-08-17 08:44:00', 0, 0),
(2441, 7, 1, 2, '2016-08-17 08:44:00', 0, 0),
(2442, 7, 1, 3, '2016-08-17 08:44:00', 0, 0),
(2443, 7, 1, 4, '2016-08-17 08:44:00', 0, 0),
(2444, 19, 1, 1, '2016-08-17 08:44:23', 0, 0),
(2445, 19, 1, 2, '2016-08-17 08:44:23', 0, 1),
(2446, 19, 1, 3, '2016-08-17 08:44:23', 0, 0),
(2447, 19, 1, 4, '2016-08-17 08:44:23', 0, 0),
(2448, 18, 1, 1, '2016-08-17 10:58:03', 0, 0),
(2449, 18, 1, 2, '2016-08-17 10:58:03', 0, 0),
(2450, 18, 1, 3, '2016-08-17 10:58:03', 0, 1),
(2451, 18, 1, 4, '2016-08-17 10:58:03', 0, 0),
(2452, 3, 1, 1, '2016-08-18 06:32:10', 0, 0),
(2453, 3, 2, 2, '2016-08-18 06:32:10', 0, 0),
(2454, 3, 2, 3, '2016-08-18 06:32:10', 0, 0),
(2455, 3, 1, 4, '2016-08-18 06:32:10', 0, 0);

-- --------------------------------------------------------

--
-- Table structure for table `bmt_lane_mapping`
--

CREATE TABLE IF NOT EXISTS `bmt_lane_mapping` (
  `mapping_id` int(11) NOT NULL AUTO_INCREMENT,
  `ts_id` int(11) NOT NULL,
  `tc_id` int(11) NOT NULL,
  `lane_id` int(11) NOT NULL,
  `way_type` int(1) NOT NULL,
  UNIQUE KEY `mapping_id_2` (`mapping_id`),
  KEY `mapping_id` (`mapping_id`)
) ENGINE=InnoDB  DEFAULT CHARSET=latin1 AUTO_INCREMENT=162 ;

--
-- Dumping data for table `bmt_lane_mapping`
--

INSERT INTO `bmt_lane_mapping` (`mapping_id`, `ts_id`, `tc_id`, `lane_id`, `way_type`) VALUES
(134, 205, 4, 2425, 1),
(150, 190, 18, 2450, 3),
(154, 180, 19, 2445, 2),
(155, 180, 19, 2445, 2),
(156, 180, 19, 2445, 2),
(161, 214, 4, 2427, 4);

-- --------------------------------------------------------

--
-- Table structure for table `city`
--

CREATE TABLE IF NOT EXISTS `city` (
  `id` int(11) NOT NULL AUTO_INCREMENT,
  `city` varchar(256) NOT NULL,
  PRIMARY KEY (`id`)
) ENGINE=InnoDB  DEFAULT CHARSET=latin1 AUTO_INCREMENT=10 ;

--
-- Dumping data for table `city`
--

INSERT INTO `city` (`id`, `city`) VALUES
(1, 'Hyderabad'),
(2, 'Bangalore'),
(3, 'Delhi'),
(4, 'Mumbai'),
(5, 'Noida'),
(6, 'Gurgaon'),
(7, 'Chennai'),
(8, 'Kolkata'),
(9, 'Vijayawada');

-- --------------------------------------------------------

--
-- Table structure for table `latlng`
--

CREATE TABLE IF NOT EXISTS `latlng` (
  `id` int(10) NOT NULL AUTO_INCREMENT,
  `tc_id` int(10) NOT NULL,
  `lat` float(10,6) NOT NULL,
  `lng` float(10,6) NOT NULL,
  `way` tinyint(1) NOT NULL COMMENT '1=from,2=to',
  PRIMARY KEY (`id`)
) ENGINE=InnoDB  DEFAULT CHARSET=latin1 AUTO_INCREMENT=271 ;

--
-- Dumping data for table `latlng`
--

INSERT INTO `latlng` (`id`, `tc_id`, `lat`, `lng`, `way`) VALUES
(1, 1, 0.000000, 0.000000, 1),
(2, 1, 0.000000, 0.000000, 2),
(3, 1, 0.000000, 0.000000, 1),
(4, 1, 0.000000, 0.000000, 2),
(5, 0, 17.385044, 78.486671, 1),
(6, 0, 17.581194, 79.183273, 2),
(7, 0, 17.385044, 78.486671, 1),
(8, 0, 17.581194, 79.183273, 2),
(9, 1, 0.000000, 0.000000, 1),
(10, 1, 0.000000, 0.000000, 2),
(11, 1, 0.000000, 0.000000, 1),
(12, 1, 0.000000, 0.000000, 2),
(13, 1, 0.000000, 0.000000, 1),
(14, 1, 0.000000, 0.000000, 2),
(15, 1, 0.000000, 0.000000, 1),
(16, 1, 0.000000, 0.000000, 2),
(17, 1, 0.000000, 0.000000, 1),
(18, 1, 0.000000, 0.000000, 2),
(19, 1, 0.000000, 0.000000, 1),
(20, 1, 0.000000, 0.000000, 2),
(21, 1, 0.000000, 0.000000, 1),
(22, 1, 0.000000, 0.000000, 2),
(23, 2, 17.448299, 78.391502, 1),
(24, 2, 17.455000, 78.335503, 2),
(25, 1, 0.000000, 0.000000, 1),
(26, 1, 0.000000, 0.000000, 2),
(27, 2, 17.448299, 78.391502, 1),
(28, 2, 17.455000, 78.335503, 2),
(29, 3, 22.258699, 71.192398, 1),
(30, 3, 17.255899, 78.551804, 2),
(31, 4, 17.323601, 78.375702, 1),
(32, 4, 17.323601, 78.375702, 2),
(33, 5, 28.556200, 77.099998, 1),
(34, 5, 28.560301, 77.119499, 2),
(35, 6, 21.184116, 72.833931, 1),
(36, 6, 21.183321, 72.832298, 2),
(37, 7, 19.096399, 78.343002, 1),
(38, 7, 19.047199, 78.400299, 2),
(39, 8, 15.912900, 79.739990, 1),
(40, 8, 17.384899, 78.480202, 2),
(41, 9, 12.924100, 77.553001, 1),
(42, 9, 12.923800, 77.550903, 2),
(43, 11, 17.630199, 78.484200, 1),
(44, 11, 17.587099, 78.524803, 2),
(45, 12, 17.456800, 78.233398, 1),
(46, 12, 17.463301, 78.294701, 2),
(47, 13, 17.322100, 78.644096, 1),
(48, 13, 17.322001, 78.676804, 2),
(49, 14, 0.000000, 0.000000, 1),
(50, 14, 0.000000, 0.000000, 2),
(51, 15, 0.000000, 0.000000, 1),
(52, 15, 0.000000, 0.000000, 2),
(53, 16, 0.000000, 0.000000, 1),
(54, 16, 0.000000, 0.000000, 2),
(55, 17, 0.000000, 0.000000, 1),
(56, 17, 0.000000, 0.000000, 2),
(57, 18, 0.000000, 0.000000, 1),
(58, 18, 0.000000, 0.000000, 2),
(59, 19, 0.000000, 0.000000, 1),
(60, 19, 0.000000, 0.000000, 2),
(61, 20, 0.000000, 0.000000, 1),
(62, 20, 0.000000, 0.000000, 2),
(63, 21, 0.000000, 0.000000, 1),
(64, 21, 0.000000, 0.000000, 2),
(65, 22, 0.000000, 0.000000, 1),
(66, 22, 0.000000, 0.000000, 2),
(67, 23, 9.928240, 76.321198, 1),
(68, 23, 9.928208, 76.324280, 2),
(69, 24, 34.061699, -117.740997, 1),
(70, 24, 34.061501, -117.738998, 2),
(71, 25, 46.818199, 8.227510, 1),
(72, 25, 46.469101, 16.250200, 2),
(73, 26, 0.000000, 0.000000, 1),
(74, 26, 0.000000, 0.000000, 2),
(75, 27, 17.351625, 78.358261, 1),
(76, 27, 17.347788, 78.360947, 2),
(77, 28, 45.943199, 24.966801, 1),
(78, 28, 46.282398, 1.102750, 2),
(79, 29, 0.000000, 0.000000, 1),
(80, 29, 0.000000, 0.000000, 2),
(81, 30, 17.385044, 78.486671, 1),
(82, 30, 17.444992, 78.771629, 2),
(83, 31, 17.385044, 78.486671, 1),
(84, 31, 17.497389, 78.875656, 2),
(85, 32, 17.385044, 78.486671, 1),
(86, 32, 17.497389, 78.875656, 2),
(87, 33, 17.385044, 78.486671, 1),
(88, 33, 17.497389, 78.875656, 2),
(89, 34, 17.385044, 78.486671, 1),
(90, 34, 17.497389, 78.337326, 2),
(91, 35, 0.000000, 0.000000, 1),
(92, 35, 0.000000, 0.000000, 2),
(93, 36, 18.672504, 78.094086, 1),
(94, 36, 18.625750, 78.099403, 2),
(95, 37, 18.604500, 78.210602, 1),
(96, 37, 18.577000, 78.275101, 2),
(97, 38, 0.000000, 0.000000, 1),
(98, 38, 0.000000, 0.000000, 2),
(99, 1, 0.000000, 0.000000, 1),
(100, 1, 0.000000, 0.000000, 2),
(101, 2, 17.448299, 78.391502, 1),
(102, 2, 17.455000, 78.335503, 2),
(103, 3, 22.258699, 71.192398, 1),
(104, 3, 17.255899, 78.551804, 2),
(105, 4, 17.323601, 78.375702, 1),
(106, 4, 17.323601, 78.375702, 2),
(107, 5, 28.556200, 77.099998, 1),
(108, 5, 28.560301, 77.119499, 2),
(109, 6, 0.000000, 0.000000, 1),
(110, 6, 0.000000, 0.000000, 2),
(111, 7, 19.096399, 78.343002, 1),
(112, 7, 19.047199, 78.400299, 2),
(113, 8, 15.912900, 79.739990, 1),
(114, 8, 17.384899, 78.480202, 2),
(115, 9, 0.000000, 0.000000, 1),
(116, 9, 0.000000, 0.000000, 2),
(117, 11, 17.630199, 78.484200, 1),
(118, 11, 17.587099, 78.524803, 2),
(119, 12, 17.456800, 78.233398, 1),
(120, 12, 17.463301, 78.294701, 2),
(121, 13, 17.322100, 78.644096, 1),
(122, 13, 17.322001, 78.676804, 2),
(123, 14, 0.000000, 0.000000, 1),
(124, 14, 0.000000, 0.000000, 2),
(125, 15, 0.000000, 0.000000, 1),
(126, 15, 0.000000, 0.000000, 2),
(127, 17, 0.000000, 0.000000, 1),
(128, 17, 0.000000, 0.000000, 2),
(129, 18, 0.000000, 0.000000, 1),
(130, 18, 0.000000, 0.000000, 2),
(131, 19, 0.000000, 0.000000, 1),
(132, 19, 0.000000, 0.000000, 2),
(133, 20, 0.000000, 0.000000, 1),
(134, 20, 0.000000, 0.000000, 2),
(135, 21, 0.000000, 0.000000, 1),
(136, 21, 0.000000, 0.000000, 2),
(137, 22, 0.000000, 0.000000, 1),
(138, 22, 0.000000, 0.000000, 2),
(139, 23, 0.000000, 0.000000, 1),
(140, 23, 0.000000, 0.000000, 2),
(141, 24, 15.410754, 80.038933, 1),
(142, 24, 15.417298, 80.039711, 2),
(143, 25, 16.487410, 80.676170, 1),
(144, 25, 16.490749, 80.670128, 2),
(145, 26, 0.000000, 0.000000, 1),
(146, 26, 0.000000, 0.000000, 2),
(147, 27, 0.000000, 0.000000, 1),
(148, 27, 0.000000, 0.000000, 2),
(149, 28, 45.943199, 24.966801, 1),
(150, 28, 46.282398, 1.102750, 2),
(151, 1, 0.000000, 0.000000, 1),
(152, 1, 0.000000, 0.000000, 2),
(153, 2, 17.448299, 78.391502, 1),
(154, 2, 17.455000, 78.335503, 2),
(155, 3, 22.258699, 71.192398, 1),
(156, 3, 17.255899, 78.551804, 2),
(157, 4, 17.323601, 78.375702, 1),
(158, 4, 17.323601, 78.375702, 2),
(159, 5, 28.556200, 77.099998, 1),
(160, 5, 28.560301, 77.119499, 2),
(161, 6, 17.419655, 78.499001, 1),
(162, 6, 17.405033, 78.496246, 2),
(163, 7, 19.096399, 78.343002, 1),
(164, 7, 19.047199, 78.400299, 2),
(165, 8, 15.912900, 79.739990, 1),
(166, 8, 17.384899, 78.480202, 2),
(167, 1, 0.000000, 0.000000, 1),
(168, 1, 0.000000, 0.000000, 2),
(169, 2, 17.448299, 78.391502, 1),
(170, 2, 17.455000, 78.335503, 2),
(171, 3, 22.258699, 71.192398, 1),
(172, 3, 17.255899, 78.551804, 2),
(173, 4, 17.323601, 78.375702, 1),
(174, 4, 17.323601, 78.375702, 2),
(175, 5, 28.556200, 77.099998, 1),
(176, 5, 28.560301, 77.119499, 2),
(177, 6, 17.385044, 78.486671, 1),
(178, 6, 16.993755, 79.276657, 2),
(179, 7, 19.096399, 78.343002, 1),
(180, 7, 19.047199, 78.400299, 2),
(181, 8, 15.912900, 79.739990, 1),
(182, 8, 17.384899, 78.480202, 2),
(183, 9, 0.000000, 0.000000, 1),
(184, 9, 0.000000, 0.000000, 2),
(185, 10, 0.000000, 0.000000, 1),
(186, 10, 0.000000, 0.000000, 2),
(187, 11, 17.630199, 78.484200, 1),
(188, 11, 17.587099, 78.524803, 2),
(189, 12, 17.456800, 78.233398, 1),
(190, 12, 17.463301, 78.294701, 2),
(191, 13, 17.322100, 78.644096, 1),
(192, 13, 17.322001, 78.676804, 2),
(193, 14, 0.000000, 0.000000, 1),
(194, 14, 0.000000, 0.000000, 2),
(195, 15, 0.000000, 0.000000, 1),
(196, 15, 0.000000, 0.000000, 2),
(197, 16, 0.000000, 0.000000, 1),
(198, 16, 0.000000, 0.000000, 2),
(199, 17, 0.000000, 0.000000, 1),
(200, 17, 0.000000, 0.000000, 2),
(201, 18, 0.000000, 0.000000, 1),
(202, 18, 0.000000, 0.000000, 2),
(203, 19, 0.000000, 0.000000, 1),
(204, 19, 0.000000, 0.000000, 2),
(205, 20, 0.000000, 0.000000, 1),
(206, 20, 0.000000, 0.000000, 2),
(207, 21, 0.000000, 0.000000, 1),
(208, 21, 0.000000, 0.000000, 2),
(209, 22, 0.000000, 0.000000, 1),
(210, 22, 0.000000, 0.000000, 2),
(211, 23, 50.110924, 8.682127, 1),
(212, 23, 27.907059, 28.221130, 2),
(213, 24, 9.981636, 76.299881, 1),
(214, 24, 9.972739, 76.708046, 2),
(215, 25, 19.246469, -99.101349, 1),
(216, 25, 19.038427, -97.720383, 2),
(217, 26, 47.162495, 19.503304, 1),
(218, 26, 47.143028, 9.164658, 2),
(219, 27, 37.431572, -78.656891, 1),
(220, 27, 37.664253, -70.112686, 2),
(221, 28, 45.943199, 24.966801, 1),
(222, 28, 46.282398, 1.102750, 2),
(223, 29, 0.000000, 0.000000, 1),
(224, 29, 0.000000, 0.000000, 2),
(225, 30, 0.000000, 0.000000, 1),
(226, 30, 0.000000, 0.000000, 2),
(227, 31, 0.000000, 0.000000, 1),
(228, 31, 0.000000, 0.000000, 2),
(229, 32, 0.000000, 0.000000, 1),
(230, 32, 0.000000, 0.000000, 2),
(231, 33, 0.000000, 0.000000, 1),
(232, 33, 0.000000, 0.000000, 2),
(233, 34, 0.000000, 0.000000, 1),
(234, 34, 0.000000, 0.000000, 2),
(235, 35, 0.000000, 0.000000, 1),
(236, 35, 0.000000, 0.000000, 2),
(237, 36, 0.000000, 0.000000, 1),
(238, 36, 0.000000, 0.000000, 2),
(239, 37, 0.000000, 0.000000, 1),
(240, 37, 0.000000, 0.000000, 2),
(241, 38, 0.000000, 0.000000, 1),
(242, 38, 0.000000, 0.000000, 2),
(243, 39, 0.000000, 0.000000, 1),
(244, 39, 0.000000, 0.000000, 2),
(245, 40, 0.000000, 0.000000, 1),
(246, 40, 0.000000, 0.000000, 2),
(247, 41, 0.000000, 0.000000, 1),
(248, 41, 11.391487, 73.114006, 2),
(249, 42, 0.000000, 0.000000, 1),
(250, 42, 0.000000, 0.000000, 2),
(251, 43, 0.000000, 0.000000, 1),
(252, 43, 0.000000, 0.000000, 2),
(253, 44, 0.000000, 0.000000, 1),
(254, 44, 0.000000, 0.000000, 2),
(255, 45, 0.000000, 0.000000, 1),
(256, 45, 0.000000, 0.000000, 2),
(257, 46, 0.000000, 0.000000, 1),
(258, 46, 0.000000, 0.000000, 2),
(259, 47, 0.000000, 0.000000, 1),
(260, 47, 0.000000, 0.000000, 2),
(261, 48, 0.000000, 0.000000, 1),
(262, 48, 0.000000, 0.000000, 2),
(263, 49, 0.000000, 0.000000, 1),
(264, 49, 0.000000, 0.000000, 2),
(265, 50, 0.000000, 0.000000, 1),
(266, 50, 0.000000, 0.000000, 2),
(267, 51, 0.000000, 0.000000, 1),
(268, 51, 0.000000, 0.000000, 2),
(269, 52, 0.000000, 0.000000, 1),
(270, 52, 0.000000, 0.000000, 2);

-- --------------------------------------------------------

--
-- Table structure for table `orders`
--

CREATE TABLE IF NOT EXISTS `orders` (
  `id` int(11) NOT NULL AUTO_INCREMENT,
  `order_id` varchar(100) NOT NULL,
  `user_id` int(11) NOT NULL,
  `tracking_id` varchar(100) DEFAULT NULL,
  `order_status` varchar(20) DEFAULT NULL,
  `amount` float DEFAULT NULL,
  `transaction_date` datetime DEFAULT NULL,
  PRIMARY KEY (`id`)
) ENGINE=InnoDB  DEFAULT CHARSET=latin1 AUTO_INCREMENT=354 ;

--
-- Dumping data for table `orders`
--

INSERT INTO `orders` (`id`, `order_id`, `user_id`, `tracking_id`, `order_status`, `amount`, `transaction_date`) VALUES
(39, '716491', 5, '305002777695', 'Success', 40, '2016-06-14 19:33:55'),
(40, '595241', 24, '305002777696', 'Success', 40, '2016-06-14 19:34:06'),
(41, '730739', 5, '305002777703', 'Success', 40, '2016-06-14 19:43:06'),
(42, '539449', 5, '305002777705', 'Success', 40, '2016-06-14 19:45:39'),
(43, '767566', 5, '305002777740', 'Success', 40, '2016-06-14 20:26:04'),
(44, '813518', 5, '305002777742', 'Success', 40, '2016-06-14 20:28:36'),
(45, '924011', 131, '305002778079', 'Success', 40, '2016-06-15 11:28:57'),
(46, '713141', 131, '305002778158', 'Success', 40, '2016-06-15 11:45:11'),
(47, '828132', 131, '305002778207', 'Success', 40, '2016-06-15 11:58:00'),
(48, '675336', 24, '305002778445', 'Success', 40, '2016-06-15 13:35:40'),
(49, '226812', 24, '305002778448', 'Success', 40, '2016-06-15 13:38:57'),
(50, '341811', 24, '305002778477', 'Success', 40, '2016-06-15 13:59:04'),
(51, '332218', 24, '305002778484', 'Success', 40, '2016-06-15 14:02:16'),
(52, '397456', 24, '305002778497', 'Success', 40, '2016-06-15 14:05:35'),
(53, '788957', 24, '305002778498', 'Success', 40, '2016-06-15 14:06:09'),
(54, '188106', 131, '305002778743', 'Success', 40, '2016-06-15 15:38:23'),
(55, '525651', 131, '305002778820', 'Success', 40, '2016-06-15 16:02:29'),
(56, '344710', 24, '305002778854', 'Success', 40, '2016-06-15 16:13:13'),
(57, '834447', 24, '305002778933', 'Success', 40, '2016-06-15 16:38:41'),
(58, '829228', 24, '305002778948', 'Success', 40, '2016-06-15 16:45:09'),
(59, '302379', 131, '305002779015', 'Success', 40, '2016-06-15 17:06:17'),
(60, '727291', 24, '305002779094', 'Success', 40, '2016-06-15 17:28:01'),
(61, '560995', 132, '305002779203', 'Success', 40, '2016-06-15 18:07:43'),
(62, '214571', 23, '305002779219', 'Success', 40, '2016-06-15 18:18:20'),
(63, '928141', 132, '305002779239', 'Success', 40, '2016-06-15 18:36:32'),
(64, '261662', 131, '305002779252', 'Success', 40, '2016-06-15 18:43:35'),
(65, '964062', 23, '305002779284', 'Success', 40, '2016-06-15 19:07:16'),
(66, '282100', 1, '305002779426', 'Success', 40, '2016-06-16 11:09:14'),
(67, '616602', 131, '305002779764', 'Success', 41, '2016-06-16 14:11:03'),
(68, '334742', 131, '305002779792', 'Success', 41, '2016-06-16 14:34:08'),
(69, '406874', 131, '305002779795', 'Success', 41, '2016-06-16 14:35:00'),
(70, '495759', 131, '305002779892', 'Success', 41, '2016-06-16 15:12:30'),
(71, '20', 1, '305002779986', 'Success', 46, '2016-06-16 15:48:59'),
(72, '935100', 24, '305002780022', 'Success', 41, '2016-06-16 16:00:52'),
(73, '441635', 131, '305002780023', 'Success', 41, '2016-06-16 16:01:06'),
(74, '480820', 24, '305002780032', 'Success', 41, '2016-06-16 16:03:08'),
(75, '910265', 131, '305002780045', 'Success', 41, '2016-06-16 16:06:24'),
(76, '399492', 131, '305002780056', 'Success', 41, '2016-06-16 16:09:13'),
(77, '429267', 24, '305002780129', 'Success', 41, '2016-06-16 16:45:54'),
(78, '876001', 132, '305002780253', 'Success', 41, '2016-06-16 17:54:04'),
(79, '620772', 131, '305002780255', 'Success', 41, '2016-06-16 17:54:15'),
(80, '423432', 132, '305002780269', 'Success', 41, '2016-06-16 18:01:10'),
(81, '949495', 131, '305002780270', 'Success', 41, '2016-06-16 18:01:19'),
(82, '156844', 132, '305002780287', 'Success', 41, '2016-06-16 18:06:34'),
(83, '884440', 59, '305002780310', 'Success', 41, '2016-06-16 18:14:54'),
(84, '467876', 59, '305002780322', 'Success', 41, '2016-06-16 18:22:14'),
(85, '400779', 132, '305002780337', 'Success', 41, '2016-06-16 18:29:46'),
(86, '986428', 132, '305002780359', 'Success', 41, '2016-06-16 18:41:10'),
(87, '314510', 14, '305002780392', 'Success', 41, '2016-06-16 18:59:16'),
(88, '352045', 14, '305002780405', 'Success', 41, '2016-06-16 19:05:04'),
(89, '800969', 14, '305002780416', 'Success', 41, '2016-06-16 19:08:11'),
(90, '744583', 14, '305002780426', 'Success', 41, '2016-06-16 19:12:08'),
(91, '629396', 101, '305002780431', 'Success', 41, '2016-06-16 19:16:26'),
(92, '352978', 14, '305002780440', 'Success', 41, '2016-06-16 19:23:43'),
(93, '480807', 122, '305002780452', 'Success', 41, '2016-06-16 19:41:12'),
(94, '593951', 133, '305002780450', 'Success', 41, '2016-06-16 19:41:14'),
(95, '476521', 131, '305002780451', 'Success', 41, '2016-06-16 19:41:17'),
(96, '346548', 113, '305002780455', 'Success', 41, '2016-06-16 19:44:52'),
(97, '415069', 133, '305002780456', 'Success', 41, '2016-06-16 19:44:59'),
(98, '560730', 131, '305002780457', 'Success', 41, '2016-06-16 19:45:03'),
(99, '461112', 122, '305002780458', 'Success', 41, '2016-06-16 19:45:04'),
(100, '702363', 134, '305002780460', 'Success', 41, '2016-06-16 19:45:07'),
(101, '730234', 14, '305002780459', 'Success', 41, '2016-06-16 19:45:07'),
(102, '530556', 113, '305002780462', 'Success', 41, '2016-06-16 19:46:36'),
(103, '773933', 133, '305002780464', 'Success', 41, '2016-06-16 19:46:49'),
(104, '937421', 131, '305002780463', 'Success', 41, '2016-06-16 19:46:54'),
(105, '764219', 122, '305002780466', 'Success', 41, '2016-06-16 19:46:56'),
(106, '598676', 14, '305002780468', 'Success', 41, '2016-06-16 19:47:00'),
(107, '792365', 113, '305002780469', 'Success', 41, '2016-06-16 19:48:23'),
(108, '536779', 133, '305002780470', 'Success', 41, '2016-06-16 19:48:23'),
(109, '216987', 122, '305002780472', 'Success', 41, '2016-06-16 19:48:27'),
(110, '786353', 131, '305002780473', 'Success', 41, '2016-06-16 19:48:29'),
(111, '328554', 14, '305002780471', 'Success', 41, '2016-06-16 19:48:32'),
(112, '912790', 133, '305002780477', 'Success', 41, '2016-06-16 19:49:46'),
(113, '297098', 113, '305002780478', 'Success', 41, '2016-06-16 19:49:46'),
(114, '130237', 122, '305002780480', 'Success', 41, '2016-06-16 19:49:53'),
(115, '544819', 131, '305002780481', 'Success', 41, '2016-06-16 19:49:53'),
(116, '378539', 131, '305002780489', 'Success', 41, '2016-06-16 19:59:47'),
(117, '650842', 136, '305002780488', 'Success', 41, '2016-06-16 19:59:50'),
(118, '901863', 134, '305002780490', 'Success', 41, '2016-06-16 19:59:51'),
(119, '523454', 113, '305002780492', 'Success', 41, '2016-06-16 19:59:54'),
(120, '144422', 122, '305002780491', 'Success', 41, '2016-06-16 19:59:55'),
(121, '674842', 14, '305002780493', 'Success', 41, '2016-06-16 20:00:10'),
(122, '759754', 133, '305002780487', 'Success', 41, '2016-06-16 20:00:11'),
(123, '783882', 113, '305002780494', 'Success', 41, '2016-06-16 20:01:46'),
(124, '989872', 133, '305002780495', 'Success', 41, '2016-06-16 20:01:47'),
(125, '238670', 131, '305002780498', 'Success', 41, '2016-06-16 20:01:56'),
(126, '992986', 14, '305002780500', 'Success', 41, '2016-06-16 20:02:00'),
(127, '743166', 122, '305002780501', 'Success', 41, '2016-06-16 20:02:03'),
(128, '708720', 136, '305002780504', 'Success', 41, '2016-06-16 20:06:47'),
(129, '276787', 113, '305002780503', 'Success', 41, '2016-06-16 20:06:47'),
(130, '165232', 131, '305002780506', 'Success', 41, '2016-06-16 20:06:50'),
(131, '144624', 134, '305002780502', 'Success', 41, '2016-06-16 20:06:50'),
(132, '749283', 122, '305002780507', 'Success', 41, '2016-06-16 20:06:51'),
(133, '642469', 133, '305002780508', 'Success', 41, '2016-06-16 20:07:10'),
(134, '888320', 14, '305002780505', 'Success', 41, '2016-06-16 20:07:12'),
(135, '813999', 113, '305002780509', 'Success', 41, '2016-06-16 20:08:37'),
(136, '999855', 122, '305002780513', 'Success', 41, '2016-06-16 20:08:47'),
(137, '658706', 131, '305002780514', 'Success', 41, '2016-06-16 20:08:47'),
(138, '737283', 133, '305002780511', 'Success', 41, '2016-06-16 20:09:07'),
(139, '616990', 14, '305002780517', 'Success', 41, '2016-06-16 20:13:56'),
(140, '389973', 122, '305002780518', 'Success', 41, '2016-06-16 20:14:02'),
(141, '350639', 131, '305002780520', 'Success', 41, '2016-06-16 20:14:08'),
(142, '668638', 133, '305002780522', 'Success', 41, '2016-06-16 20:14:11'),
(143, '700533', 113, '305002780521', 'Success', 41, '2016-06-16 20:14:16'),
(144, '781048', 14, '305002780524', 'Success', 41, '2016-06-16 20:17:47'),
(145, '948033', 130, '305002780527', 'Success', 41, '2016-06-16 20:17:49'),
(146, '383545', 122, '305002780525', 'Success', 41, '2016-06-16 20:17:51'),
(147, '339028', 131, '305002780529', 'Success', 41, '2016-06-16 20:17:59'),
(148, '749103', 113, '305002780528', 'Success', 41, '2016-06-16 20:18:07'),
(149, '583625', 122, '305002780533', 'Success', 41, '2016-06-16 20:20:20'),
(150, '904801', 113, '305002780532', 'Success', 41, '2016-06-16 20:20:22'),
(151, '447834', 133, '305002780534', 'Success', 41, '2016-06-16 20:20:26'),
(152, '423825', 131, '305002780537', 'Success', 41, '2016-06-16 20:20:32'),
(153, '317044', 122, '305002780538', 'Success', 41, '2016-06-16 20:22:25'),
(154, '639553', 133, '305002780541', 'Success', 41, '2016-06-16 20:22:26'),
(155, '868777', 113, '305002780542', 'Success', 41, '2016-06-16 20:22:29'),
(156, '708739', 131, '305002780543', 'Success', 41, '2016-06-16 20:22:38'),
(157, '134208', 133, '305002780545', 'Success', 41, '2016-06-16 20:24:50'),
(158, '961061', 122, '305002780544', 'Success', 41, '2016-06-16 20:24:51'),
(159, '991059', 131, '305002780549', 'Success', 41, '2016-06-16 20:24:58'),
(160, '140165', 113, '305002780548', 'Success', 41, '2016-06-16 20:25:03'),
(161, '386038', 131, '305002780550', 'Success', 41, '2016-06-16 20:27:58'),
(162, '436015', 125, '305002780551', 'Success', 41, '2016-06-16 20:28:08'),
(163, '307391', 131, '305002780553', 'Success', 41, '2016-06-16 20:29:19'),
(164, '550055', 133, '305002780555', 'Success', 41, '2016-06-16 20:31:08'),
(165, '815033', 133, '305002780558', 'Success', 41, '2016-06-16 20:36:30'),
(166, '189278', 131, '305002780566', 'Success', 41, '2016-06-16 20:51:08'),
(167, '872052', 131, '305002780567', 'Success', 41, '2016-06-16 20:51:53'),
(168, '142834', 131, '305002780568', 'Success', 41, '2016-06-16 20:52:57'),
(169, '960493', 133, '305002780570', 'Success', 41, '2016-06-16 20:54:03'),
(170, '985301', 133, '305002780571', 'Success', 41, '2016-06-16 20:54:39'),
(171, '510304', 130, '305002780575', 'Success', 41, '2016-06-16 21:10:04'),
(172, '487642', 130, '305002780576', 'Success', 41, '2016-06-16 21:10:35'),
(173, '953074', 130, '305002780578', 'Success', 41, '2016-06-16 21:12:47'),
(174, '231095', 131, '305002780579', 'Success', 41, '2016-06-16 21:16:39'),
(175, '406194', 130, '305002780580', 'Success', 41, '2016-06-16 21:16:41'),
(176, '636369', 14, '305002780583', 'Success', 41, '2016-06-16 21:16:41'),
(177, '573180', 133, '305002780584', 'Success', 41, '2016-06-16 21:16:42'),
(178, '962434', 122, '305002780585', 'Success', 41, '2016-06-16 21:16:48'),
(179, '719305', 113, '305002780581', 'Success', 41, '2016-06-16 21:16:54'),
(180, '344311', 136, '305002780582', 'Success', 41, '2016-06-16 21:16:59'),
(181, '769944', 14, '305002780586', 'Success', 41, '2016-06-16 21:17:59'),
(182, '530774', 133, '305002780588', 'Success', 41, '2016-06-16 21:18:02'),
(183, '853245', 130, '305002780589', 'Success', 41, '2016-06-16 21:18:02'),
(184, '664367', 131, '305002780587', 'Success', 41, '2016-06-16 21:18:03'),
(185, '665534', 122, '305002780591', 'Success', 41, '2016-06-16 21:18:07'),
(186, '171874', 136, '305002780590', 'Success', 41, '2016-06-16 21:18:16'),
(187, '668138', 113, '305002780592', 'Success', 41, '2016-06-16 21:18:22'),
(188, '155700', 131, '305002780593', 'Success', 41, '2016-06-16 21:19:14'),
(189, '736982', 130, '305002780594', 'Success', 41, '2016-06-16 21:19:20'),
(190, '196529', 14, '305002780595', 'Success', 41, '2016-06-16 21:19:20'),
(191, '503659', 133, '305002780596', 'Success', 41, '2016-06-16 21:19:23'),
(192, '822850', 122, '305002780598', 'Success', 41, '2016-06-16 21:19:27'),
(193, '605535', 136, '305002780599', 'Success', 41, '2016-06-16 21:19:30'),
(194, '847559', 113, '305002780597', 'Success', 41, '2016-06-16 21:19:31'),
(195, '622915', 14, '305002780620', 'Success', 51, '2016-06-16 22:30:34'),
(196, '652254', 113, '305002780619', 'Success', 51, '2016-06-16 22:30:35'),
(197, '659257', 133, '305002780621', 'Success', 51, '2016-06-16 22:30:41'),
(198, '998906', 131, '305002780930', 'Success', 51, '2016-06-17 12:59:38'),
(199, '675401', 122, '305002780980', 'Success', 51, '2016-06-17 13:51:16'),
(200, '202536', 122, '305002780981', 'Success', 51, '2016-06-17 13:53:03'),
(201, '537767', 14, '305002781135', 'Success', 51, '2016-06-17 15:19:31'),
(202, '535261', 113, '305002781145', 'Success', 51, '2016-06-17 15:22:57'),
(203, '761746', 14, '305002781146', 'Success', 51, '2016-06-17 15:23:06'),
(204, '337504', 132, '305002781147', 'Success', 51, '2016-06-17 15:23:24'),
(205, '723335', 132, '305002781150', 'Success', 51, '2016-06-17 15:23:48'),
(206, '226213', 113, '305002781149', 'Success', 51, '2016-06-17 15:23:55'),
(207, '923779', 14, '305002781148', 'Success', 51, '2016-06-17 15:23:58'),
(208, '476873', 132, '305002781160', 'Success', 51, '2016-06-17 15:30:08'),
(209, '820824', 122, '305002781164', 'Success', 51, '2016-06-17 15:30:15'),
(210, '299229', 113, '305002781161', 'Success', 51, '2016-06-17 15:30:15'),
(211, '376993', 14, '305002781163', 'Success', 51, '2016-06-17 15:30:27'),
(212, '181527', 14, '305002781165', 'Success', 51, '2016-06-17 15:30:55'),
(213, '238786', 119, '305002781301', 'Success', 51, '2016-06-17 16:22:47'),
(214, '482608', 119, '305002781315', 'Success', 51, '2016-06-17 16:27:24'),
(215, '987709', 132, '305002781313', 'Success', 51, '2016-06-17 16:27:28'),
(216, '464901', 132, '305002781321', 'Success', 51, '2016-06-17 16:30:08'),
(217, '168042', 132, '305002781323', 'Success', 51, '2016-06-17 16:31:06'),
(218, '160900', 138, '305002781324', 'Success', 51, '2016-06-17 16:31:13'),
(219, '404819', 24, '305002783840', 'Success', 11, '2016-06-21 12:19:49'),
(220, '375666', 24, '305002783846', 'Success', 11, '2016-06-21 12:22:31'),
(221, '144597', 24, '305002783902', 'Success', 11, '2016-06-21 12:50:40'),
(222, '405593', 131, '305002783918', 'Success', 11, '2016-06-21 12:57:41'),
(223, '328253', 122, '305002784089', 'Success', 11, '2016-06-21 14:53:07'),
(224, '200132', 122, '305002784103', 'Success', 11, '2016-06-21 14:58:49'),
(225, '895840', 132, '305002784140', 'Success', 11, '2016-06-21 15:28:11'),
(226, '873752', 131, '305002784141', 'Success', 11, '2016-06-21 15:28:34'),
(227, '147943', 132, '305002784144', 'Success', 11, '2016-06-21 15:29:49'),
(228, '351025', 132, '305002784153', 'Success', 11, '2016-06-21 15:34:32'),
(229, '143324', 131, '305002784219', 'Success', 11, '2016-06-21 16:01:43'),
(230, '133624', 131, '305002784226', 'Success', 11, '2016-06-21 16:04:45'),
(231, '279906', 24, '305002784227', 'Success', 11, '2016-06-21 16:05:03'),
(232, '222347', 134, '305002814243', 'Success', 41, '2016-07-22 18:22:30'),
(233, '841444', 122, '305002814242', 'Success', 41, '2016-07-22 18:22:31'),
(234, '701242', 134, '305002814252', 'Success', 41, '2016-07-22 18:27:39'),
(235, '843305', 122, '305002814251', 'Success', 41, '2016-07-22 18:27:39'),
(236, '801920', 122, '305002814302', 'Success', 100, '2016-07-22 19:29:06'),
(237, '801920', 122, '305002814302', 'Success', 100, '2016-07-22 19:31:46'),
(238, '383259', 138, '305002814378', 'Success', 41, '2016-07-22 20:08:28'),
(239, '554508', 122, '305002815218', 'Success', 11, '2016-07-25 11:34:04'),
(240, '450784', 122, '305002815226', 'Success', 11, '2016-07-25 11:36:50'),
(241, '598980', 122, '305002815232', 'Success', 11, '2016-07-25 11:41:02'),
(242, '826359', 122, '305002815241', 'Success', 11, '2016-07-25 11:43:38'),
(243, '343143', 122, '305002815284', 'Success', 11, '2016-07-25 12:02:30'),
(244, '963180', 122, '305002815460', 'Success', 51, '2016-07-25 13:53:23'),
(245, '872077', 122, '305002815471', 'Success', 91, '2016-07-25 14:00:52'),
(246, '854662', 133, '305002815474', 'Success', 41, '2016-07-25 14:06:35'),
(247, '168053', 131, '305002815537', 'Success', 11, '2016-07-25 14:38:54'),
(248, '308484', 131, '305002815553', 'Success', 11, '2016-07-25 14:41:15'),
(249, '686411', 131, '305002815763', 'Success', 51, '2016-07-25 16:14:33'),
(250, '537095', 134, '305002815762', 'Success', 51, '2016-07-25 16:14:36'),
(251, '277373', 131, '305002815783', 'Success', 91, '2016-07-25 16:21:07'),
(252, '444403', 134, '305002815786', 'Success', 91, '2016-07-25 16:21:50'),
(253, '426418', 134, '305002815796', 'Success', 41, '2016-07-25 16:24:18'),
(254, '644499', 131, '305002815797', 'Success', 41, '2016-07-25 16:24:44'),
(255, '343', 1, '305002815818', 'Success', 1, '2016-07-25 16:30:41'),
(256, '806658', 134, '305002815825', 'Success', 11, '2016-07-25 16:35:09'),
(257, '960700', 133, '305002815875', 'Success', 11, '2016-07-25 16:48:41'),
(258, '771930', 131, '305002815878', 'Success', 11, '2016-07-25 16:49:25'),
(259, '429816', 131, '305002815890', 'Success', 11, '2016-07-25 16:58:57'),
(260, '532974', 131, '305002815917', 'Success', 11, '2016-07-25 17:01:17'),
(261, '508974', 122, '305002815960', 'Success', 11, '2016-07-25 17:17:30'),
(262, '672979', 33, '305002817001', 'Success', 21, '2016-07-26 15:08:40'),
(263, '241664', 7, '305002817005', 'Success', 21, '2016-07-26 15:12:18'),
(264, '729459', 33, '305002817080', 'Success', 21, '2016-07-26 15:54:44'),
(265, '366466', 7, '305002817081', 'Success', 21, '2016-07-26 15:55:06'),
(266, '709801', 33, '305002817135', 'Success', 21, '2016-07-26 16:24:48'),
(267, '675691', 7, '305002817136', 'Success', 21, '2016-07-26 16:24:51'),
(268, '872813', 7, '305002817178', 'Success', 11, '2016-07-26 16:37:07'),
(269, '883578', 33, '305002817179', 'Success', 11, '2016-07-26 16:37:23'),
(270, '309276', 33, '305002817256', 'Success', 31, '2016-07-26 17:18:50'),
(271, '629680', 7, '305002817257', 'Success', 31, '2016-07-26 17:18:57'),
(272, '486012', 33, '305002817406', 'Success', 31, '2016-07-26 18:23:30'),
(273, '259760', 7, '305002817407', 'Success', 31, '2016-07-26 18:23:35'),
(274, '230523', 33, '305002817458', 'Success', 21, '2016-07-26 18:45:36'),
(275, '277483', 7, '305002817459', 'Success', 21, '2016-07-26 18:45:42'),
(276, '171430', 34, '305002822259', 'Success', 11, '2016-08-01 15:19:48'),
(277, '584090', 34, '305002822303', 'Success', 11, '2016-08-01 15:30:36'),
(278, '781599', 35, '305002822309', 'Success', 11, '2016-08-01 15:31:48'),
(279, '692010', 35, '305002822322', 'Success', 1, '2016-08-01 15:37:56'),
(280, '942028', 7, '305002828820', 'Success', 11, '2016-08-07 16:12:06'),
(281, '846101', 7, '305002828834', 'Success', 1, '2016-08-07 16:35:38'),
(282, '814437', 7, '305002828847', 'Success', 11, '2016-08-07 17:00:55'),
(283, '806106', 7, '305002828852', 'Success', 21, '2016-08-07 17:21:04'),
(284, '803034', 134, '305002829647', 'Success', 101, '2016-08-08 15:46:19'),
(285, '978238', 33, '305002830040', 'Success', 11, '2016-08-08 18:49:11'),
(286, '253658', 7, '305002830039', 'Success', 11, '2016-08-08 18:49:12'),
(287, '272835', 7, '305002830076', 'Success', 11, '2016-08-08 19:07:21'),
(288, '316065', 33, '305002830092', 'Success', 11, '2016-08-08 19:28:05'),
(289, '549881', 7, '305002830093', 'Success', 11, '2016-08-08 19:28:11'),
(290, '854430', 33, '305002830119', 'Success', 11, '2016-08-08 19:59:46'),
(291, '137733', 7, '305002830120', 'Success', 11, '2016-08-08 19:59:48'),
(292, '568416', 7, '305002830141', 'Success', 11, '2016-08-08 20:26:30'),
(293, '859559', 7, '305002830624', 'Success', 11, '2016-08-09 13:00:39'),
(294, '387502', 34, '305002830626', 'Success', 11, '2016-08-09 13:01:18'),
(295, '645491', 35, '305002830628', 'Success', 11, '2016-08-09 13:02:33'),
(296, '624215', 35, '305002830644', 'Success', 11, '2016-08-09 13:11:36'),
(297, '922516', 7, '305002830645', 'Success', 11, '2016-08-09 13:11:44'),
(298, '731511', 34, '305002830647', 'Success', 11, '2016-08-09 13:12:08'),
(299, '743687', 34, '305002830780', 'Success', 11, '2016-08-09 14:26:03'),
(300, '191189', 7, '305002830781', 'Success', 11, '2016-08-09 14:26:33'),
(301, '133374', 35, '305002830793', 'Success', 11, '2016-08-09 14:33:15'),
(302, '564515', 33, '305002830805', 'Success', 11, '2016-08-09 14:38:14'),
(303, '922168', 7, '305002830809', 'Success', 11, '2016-08-09 14:39:08'),
(304, '280494', 33, '305002830831', 'Success', 11, '2016-08-09 14:47:57'),
(305, '882875', 34, '305002830832', 'Success', 11, '2016-08-09 14:48:02'),
(306, '778646', 7, '305002830830', 'Success', 11, '2016-08-09 14:48:04'),
(307, '694575', 33, '305002830844', 'Success', 11, '2016-08-09 14:54:41'),
(308, '796241', 7, '305002830846', 'Success', 11, '2016-08-09 14:54:55'),
(309, '912853', 34, '305002830845', 'Success', 11, '2016-08-09 14:54:57'),
(310, '571654', 33, '305002830894', 'Success', 21, '2016-08-09 15:17:02'),
(311, '208842', 34, '305002830895', 'Success', 21, '2016-08-09 15:17:19'),
(312, '234395', 7, '305002830917', 'Success', 11, '2016-08-09 15:25:53'),
(313, '797392', 33, '305002830916', 'Success', 11, '2016-08-09 15:25:55'),
(314, '643848', 34, '305002830919', 'Success', 11, '2016-08-09 15:26:09'),
(315, '293969', 33, '305002830935', 'Success', 11, '2016-08-09 15:33:30'),
(316, '482783', 34, '305002830937', 'Success', 11, '2016-08-09 15:34:04'),
(317, '554994', 7, '305002830942', 'Success', 11, '2016-08-09 15:34:41'),
(318, '500545', 34, '305002832031', 'Success', 11, '2016-08-10 14:40:03'),
(319, '330431', 7, '305002832032', 'Success', 11, '2016-08-10 14:40:04'),
(320, '679430', 33, '305002832033', 'Success', 11, '2016-08-10 14:40:19'),
(321, '771685', 7, '305002832948', 'Success', 21, '2016-08-11 10:06:06'),
(322, '279388', 34, '305002832993', 'Success', 21, '2016-08-11 10:51:52'),
(323, '823322', 7, '305002832992', 'Success', 21, '2016-08-11 10:52:00'),
(324, '465240', 131, '305002835313', 'Success', 41, '2016-08-12 17:51:02'),
(325, '930046', 131, '305002835345', 'Success', 41, '2016-08-12 18:02:49'),
(326, '534092', 134, '305002835346', 'Success', 41, '2016-08-12 18:02:51'),
(327, '138223', 7, '305002836036', 'Success', 455, '2016-08-13 15:42:26'),
(328, '454963', 7, '305002836076', 'Success', 422, '2016-08-13 16:24:43'),
(329, '481958', 7, '305002836252', 'Success', 787, '2016-08-14 07:25:47'),
(330, '312290', 7, '305002836309', 'Success', 455, '2016-08-14 16:24:45'),
(331, '477554', 7, '305002836312', 'Success', 455, '2016-08-14 17:05:43'),
(332, '554031', 7, '305002836316', 'Success', 422, '2016-08-14 17:32:44'),
(333, '832938', 7, '305002836318', 'Success', 252, '2016-08-14 17:55:58'),
(334, '544792', 7, '305002836319', 'Success', 990, '2016-08-14 18:12:31'),
(335, '301117', 7, '305002836320', 'Success', 124, '2016-08-14 18:38:47'),
(336, '774616', 7, '305002836321', 'Success', 787, '2016-08-14 18:48:11'),
(337, '190649', 7, '305002836914', 'Success', 11, '2016-08-16 13:40:38'),
(338, '915182', 7, '305002836938', 'Success', 11, '2016-08-16 13:58:10'),
(339, '779473', 7, '305002836953', 'Success', 11, '2016-08-16 14:12:53'),
(340, '428233', 7, '305002836996', 'Success', 11, '2016-08-16 14:38:56'),
(341, '494907', 7, '305002837238', 'Success', 11, '2016-08-16 16:29:45'),
(342, '840052', 7, '305002837275', 'Success', 11, '2016-08-16 16:46:04'),
(343, '828184', 7, '305002837314', 'Success', 11, '2016-08-16 17:01:06'),
(344, '587879', 7, '305002837336', 'Success', 11, '2016-08-16 17:16:52'),
(345, '386949', 7, '305002838201', 'Success', 11, '2016-08-17 14:33:16'),
(346, '598754', 7, '305002838285', 'Success', 11, '2016-08-17 15:16:20'),
(347, '424062', 33, '305002838286', 'Success', 11, '2016-08-17 15:16:27'),
(348, '686055', 33, '305002838414', 'Success', 11, '2016-08-17 16:13:59'),
(349, '749643', 7, '305002838416', 'Success', 11, '2016-08-17 16:14:10'),
(350, '858576', 7, '305002838442', 'Success', 11, '2016-08-17 16:35:26'),
(351, '493285', 33, '305002838443', 'Success', 11, '2016-08-17 16:35:29'),
(352, '365911', 7, '305002838466', 'Success', 11, '2016-08-17 16:51:45'),
(353, '463801', 7, '305002838527', 'Success', 11, '2016-08-17 17:33:57');

-- --------------------------------------------------------

--
-- Table structure for table `orr_toll_center`
--

CREATE TABLE IF NOT EXISTS `orr_toll_center` (
  `orr_toll_center_id` int(11) NOT NULL AUTO_INCREMENT,
  `interchange_number` varchar(10) NOT NULL,
  `interchange_name` varchar(255) NOT NULL,
  `city_id` int(11) NOT NULL,
  PRIMARY KEY (`orr_toll_center_id`),
  KEY `orr_toll_center_id` (`orr_toll_center_id`)
) ENGINE=InnoDB  DEFAULT CHARSET=latin1 AUTO_INCREMENT=44 ;

--
-- Dumping data for table `orr_toll_center`
--

INSERT INTO `orr_toll_center` (`orr_toll_center_id`, `interchange_number`, `interchange_name`, `city_id`) VALUES
(1, '1', 'Kokapet', 1),
(2, '2', 'Edulanagulapally', 1),
(3, '3', 'Patancheru', 1),
(4, '4', 'Sultanpur', 1),
(5, '5', 'Dundigal', 1),
(6, '6a', 'Medchal', 1),
(7, '6b', 'Kandlakoya', 1),
(8, '7', 'Shamirpet', 1),
(9, '9', 'Ghatkesar', 1),
(10, '10', 'Taramatipet', 1),
(11, '11', 'Pedda Amberpet', 1),
(12, '12', 'Bongulur', 1),
(13, '13', 'Raviryal', 1),
(14, '14', 'Tukkuguda', 1),
(15, '15', 'Pedda Golconda', 1),
(16, '16', 'Shamshabad', 1),
(17, '17', 'Rajendra Nagar', 1),
(18, '18', 'Appa ', 1),
(19, '19', 'Nanakramguda', 1),
(21, '1', 'BlrKokapet', 2),
(22, '2', 'BlrEdulanagulapally', 2),
(23, '3', 'BlrPatancheru', 2),
(24, '4', 'BlrSultanpur', 2),
(25, '5', 'BlrDundigal', 2),
(26, '6a', 'BlrMedchal', 2),
(27, '6b', 'BlrKandlakoya', 2),
(28, '7', 'BlrShamirpet', 2),
(29, '9', 'BlrGhatkesar', 2),
(30, '10', 'BlrTaramatipet', 2),
(31, '11', 'BlrPedda Amberpet', 2),
(32, '12', 'BlrBongulur', 2),
(33, '13', 'BlrRaviryal', 2),
(34, '14', 'BlrTukkuguda', 2),
(35, '15', 'BlrPedda Golconda', 2),
(36, '16', 'BlrShamshabad', 2),
(37, '17', 'BlrRajendra Nagar', 2),
(38, '18', 'BlrAppa ', 2),
(39, '19', 'BlrNanakramguda', 2),
(40, '1', 'YousufGuda', 4),
(41, '2', 'Madhuranagar', 4),
(42, '3', 'Ameerpet', 4);

-- --------------------------------------------------------

--
-- Table structure for table `outerringroad_charge`
--

CREATE TABLE IF NOT EXISTS `outerringroad_charge` (
  `charge_id` int(11) NOT NULL AUTO_INCREMENT,
  `from_tc_id` varchar(11) NOT NULL,
  `to_tc_id` varchar(11) NOT NULL,
  `type_of_vehicle_id` int(11) NOT NULL,
  `charge` int(11) NOT NULL,
  `city_id` int(11) NOT NULL,
  `created_on` timestamp NULL DEFAULT CURRENT_TIMESTAMP,
  PRIMARY KEY (`charge_id`)
) ENGINE=InnoDB  DEFAULT CHARSET=latin1 AUTO_INCREMENT=693 ;

--
-- Dumping data for table `outerringroad_charge`
--

INSERT INTO `outerringroad_charge` (`charge_id`, `from_tc_id`, `to_tc_id`, `type_of_vehicle_id`, `charge`, `city_id`, `created_on`) VALUES
(1, '1', '2', 1, 10, 1, '2016-08-04 09:56:53'),
(2, '1', '3', 1, 20, 1, '2016-08-04 09:56:53'),
(3, '1', '4', 1, 30, 1, '2016-08-04 09:56:53'),
(4, '1', '5', 1, 40, 1, '2007-08-16 09:23:00'),
(5, '1', '6a', 1, 50, 1, '2008-08-16 09:23:00'),
(6, '1', '6b', 1, 0, 1, '2009-08-16 09:23:00'),
(7, '1', '7', 1, 0, 1, '2010-08-16 09:23:00'),
(8, '1', '9', 1, 80, 1, '2011-08-16 09:23:00'),
(9, '1', '10', 1, 70, 1, '2012-08-16 09:23:00'),
(10, '1', '11', 1, 60, 1, '2013-08-16 09:23:00'),
(11, '1', '12', 1, 50, 1, '2014-08-16 09:23:00'),
(12, '1', '13', 1, 40, 1, '2015-08-16 09:23:00'),
(13, '1', '14', 1, 40, 1, '2016-08-16 09:23:00'),
(14, '1', '15', 1, 30, 1, '2017-08-16 09:23:00'),
(15, '1', '16', 1, 20, 1, '2018-08-16 09:23:00'),
(16, '1', '17', 1, 10, 1, '2019-08-16 09:23:00'),
(17, '1', '18', 1, 10, 1, '2020-08-16 09:23:00'),
(18, '1', '19', 1, 10, 1, '2021-08-16 09:23:00'),
(19, '2', '3', 1, 10, 1, '2022-08-16 09:23:00'),
(20, '2', '4', 1, 20, 1, '2023-08-16 09:23:00'),
(21, '2', '5', 1, 30, 1, '2024-08-16 09:23:00'),
(22, '2', '6a', 1, 40, 1, '2025-08-16 09:23:00'),
(23, '2', '6b', 1, 0, 1, '2026-08-16 09:23:00'),
(24, '2', '7', 1, 0, 1, '2027-08-16 09:23:00'),
(25, '2', '9', 1, 90, 1, '2028-08-16 09:23:00'),
(26, '2', '10', 1, 80, 1, '2029-08-16 09:23:00'),
(27, '2', '11', 1, 70, 1, '2030-08-16 09:23:00'),
(28, '2', '12', 1, 60, 1, '2031-08-16 09:23:00'),
(29, '2', '13', 1, 50, 1, '2001-09-16 09:23:00'),
(30, '2', '14', 1, 50, 1, '2002-09-16 09:23:00'),
(31, '2', '15', 1, 40, 1, '2003-09-16 09:23:00'),
(32, '2', '16', 1, 30, 1, '2004-09-16 09:23:00'),
(33, '2', '17', 1, 20, 1, '2005-09-16 09:23:00'),
(34, '2', '18', 1, 20, 1, '2006-09-16 09:23:00'),
(35, '2', '19', 1, 20, 1, '2007-09-16 09:23:00'),
(36, '2', '1', 1, 10, 1, '2008-09-16 09:23:00'),
(37, '3', '4', 1, 10, 1, '2009-09-16 09:23:00'),
(38, '3', '5', 1, 20, 1, '2010-09-16 09:23:00'),
(39, '3', '6a', 1, 30, 1, '2011-09-16 09:23:00'),
(40, '3', '6b', 1, 0, 1, '2012-09-16 09:23:00'),
(41, '3', '7', 1, 0, 1, '2013-09-16 09:23:00'),
(42, '3', '9', 1, 100, 1, '2014-09-16 09:23:00'),
(43, '3', '10', 1, 90, 1, '2015-09-16 09:23:00'),
(44, '3', '11', 1, 80, 1, '2016-09-16 09:23:00'),
(45, '3', '12', 1, 70, 1, '2017-09-16 09:23:00'),
(46, '3', '13', 1, 60, 1, '2018-09-16 09:23:00'),
(47, '3', '14', 1, 60, 1, '2019-09-16 09:23:00'),
(48, '3', '15', 1, 50, 1, '2020-09-16 09:23:00'),
(49, '3', '16', 1, 40, 1, '2021-09-16 09:23:00'),
(50, '3', '17', 1, 30, 1, '2022-09-16 09:23:00'),
(51, '3', '18', 1, 30, 1, '2023-09-16 09:23:00'),
(52, '3', '19', 1, 30, 1, '2024-09-16 09:23:00'),
(53, '3', '1', 1, 20, 1, '2025-09-16 09:23:00'),
(54, '3', '2', 1, 10, 1, '2026-09-16 09:23:00'),
(55, '4', '5', 1, 10, 1, '2027-09-16 09:23:00'),
(56, '4', '6a', 1, 20, 1, '2028-09-16 09:23:00'),
(57, '4', '6b', 1, 0, 1, '2029-09-16 09:23:00'),
(58, '4', '7', 1, 0, 1, '2030-09-16 09:23:00'),
(59, '4', '9', 1, 110, 1, '2001-10-16 09:23:00'),
(60, '4', '10', 1, 100, 1, '2002-10-16 09:23:00'),
(61, '4', '11', 1, 90, 1, '2003-10-16 09:23:00'),
(62, '4', '12', 1, 80, 1, '2004-10-16 09:23:00'),
(63, '4', '13', 1, 70, 1, '2005-10-16 09:23:00'),
(64, '4', '14', 1, 70, 1, '2006-10-16 09:23:00'),
(65, '4', '15', 1, 60, 1, '2007-10-16 09:23:00'),
(66, '4', '16', 1, 50, 1, '2008-10-16 09:23:00'),
(67, '4', '17', 1, 40, 1, '2009-10-16 09:23:00'),
(68, '4', '18', 1, 40, 1, '2010-10-16 09:23:00'),
(69, '4', '19', 1, 40, 1, '2011-10-16 09:23:00'),
(70, '4', '1', 1, 30, 1, '2012-10-16 09:23:00'),
(71, '4', '2', 1, 20, 1, '2013-10-16 09:23:00'),
(72, '4', '3', 1, 10, 1, '2014-10-16 09:23:00'),
(73, '5', '6a', 1, 10, 1, '2015-10-16 09:23:00'),
(74, '5', '6b', 1, 0, 1, '2016-10-16 09:23:00'),
(75, '5', '7', 1, 0, 1, '2017-10-16 09:23:00'),
(76, '5', '9', 1, 120, 1, '2018-10-16 09:23:00'),
(77, '5', '10', 1, 110, 1, '2019-10-16 09:23:00'),
(78, '5', '11', 1, 100, 1, '2020-10-16 09:23:00'),
(79, '5', '12', 1, 90, 1, '2021-10-16 09:23:00'),
(80, '5', '13', 1, 80, 1, '2022-10-16 09:23:00'),
(81, '5', '14', 1, 80, 1, '2023-10-16 09:23:00'),
(82, '5', '15', 1, 70, 1, '2024-10-16 09:23:00'),
(83, '5', '16', 1, 60, 1, '2025-10-16 09:23:00'),
(84, '5', '17', 1, 50, 1, '2026-10-16 09:23:00'),
(85, '5', '18', 1, 50, 1, '2027-10-16 09:23:00'),
(86, '5', '19', 1, 50, 1, '2028-10-16 09:23:00'),
(87, '5', '1', 1, 40, 1, '2029-10-16 09:23:00'),
(88, '5', '2', 1, 30, 1, '2030-10-16 09:23:00'),
(89, '5', '3', 1, 20, 1, '2031-10-16 09:23:00'),
(90, '5', '4', 1, 10, 1, '2001-11-16 09:23:00'),
(91, '6a', '6b', 1, 0, 1, '2002-11-16 09:23:00'),
(92, '6a', '7', 1, 0, 1, '2003-11-16 09:23:00'),
(93, '6a', '9', 1, 130, 1, '2004-11-16 09:23:00'),
(94, '6a', '10', 1, 120, 1, '2005-11-16 09:23:00'),
(95, '6a', '11', 1, 120, 1, '2006-11-16 09:23:00'),
(96, '6a', '12', 1, 100, 1, '2007-11-16 09:23:00'),
(97, '6a', '13', 1, 100, 1, '2008-11-16 09:23:00'),
(98, '6a', '14', 1, 90, 1, '2009-11-16 09:23:00'),
(99, '6a', '15', 1, 80, 1, '2010-11-16 09:23:00'),
(100, '6a', '16', 1, 70, 1, '2011-11-16 09:23:00'),
(101, '6a', '17', 1, 70, 1, '2012-11-16 09:23:00'),
(102, '6a', '18', 1, 60, 1, '2013-11-16 09:23:00'),
(103, '6a', '19', 1, 60, 1, '2014-11-16 09:23:00'),
(104, '6a', '1', 1, 50, 1, '2015-11-16 09:23:00'),
(105, '6a', '2', 1, 40, 1, '2016-11-16 09:23:00'),
(106, '6a', '3', 1, 30, 1, '2017-11-16 09:23:00'),
(107, '6a', '4', 1, 20, 1, '2018-11-16 09:23:00'),
(108, '6a', '5', 1, 10, 1, '2019-11-16 09:23:00'),
(109, '6b', '7', 1, 10, 1, '2020-11-16 09:23:00'),
(110, '6b', '9', 1, 0, 1, '2021-11-16 09:23:00'),
(111, '6b', '10', 1, 0, 1, '2022-11-16 09:23:00'),
(112, '6b', '11', 1, 0, 1, '2023-11-16 09:23:00'),
(113, '6b', '12', 1, 0, 1, '2024-11-16 09:23:00'),
(114, '6b', '13', 1, 0, 1, '2025-11-16 09:23:00'),
(115, '6b', '14', 1, 0, 1, '2026-11-16 09:23:00'),
(116, '6b', '15', 1, 0, 1, '2027-11-16 09:23:00'),
(117, '6b', '16', 1, 0, 1, '2028-11-16 09:23:00'),
(118, '6b', '17', 1, 0, 1, '2029-11-16 09:23:00'),
(119, '6b', '18', 1, 0, 1, '2030-11-16 09:23:00'),
(120, '6b', '19', 1, 0, 1, '2001-12-16 09:23:00'),
(121, '6b', '1', 1, 0, 1, '2002-12-16 09:23:00'),
(122, '6b', '2', 1, 0, 1, '2003-12-16 09:23:00'),
(123, '6b', '3', 1, 0, 1, '2004-12-16 09:23:00'),
(124, '6b', '4', 1, 0, 1, '2005-12-16 09:23:00'),
(125, '6b', '5', 1, 0, 1, '2006-12-16 09:23:00'),
(126, '6b', '6a', 1, 0, 1, '2007-12-16 09:23:00'),
(127, '8', '9', 1, 0, 1, '2008-12-16 09:23:00'),
(128, '8', '10', 1, 0, 1, '2009-12-16 09:23:00'),
(129, '8', '11', 1, 0, 1, '2010-12-16 09:23:00'),
(130, '8', '12', 1, 0, 1, '2011-12-16 09:23:00'),
(131, '8', '13', 1, 0, 1, '2012-12-16 09:23:00'),
(132, '8', '14', 1, 0, 1, '2013-12-16 09:23:00'),
(133, '8', '15', 1, 0, 1, '2014-12-16 09:23:00'),
(134, '8', '16', 1, 0, 1, '2015-12-16 09:23:00'),
(135, '8', '17', 1, 0, 1, '2016-12-16 09:23:00'),
(136, '8', '18', 1, 0, 1, '2017-12-16 09:23:00'),
(137, '8', '19', 1, 0, 1, '2018-12-16 09:23:00'),
(138, '8', '1', 1, 0, 1, '2019-12-16 09:23:00'),
(139, '8', '2', 1, 0, 1, '2020-12-16 09:23:00'),
(140, '8', '3', 1, 0, 1, '2021-12-16 09:23:00'),
(141, '8', '4', 1, 0, 1, '2022-12-16 09:23:00'),
(142, '8', '5', 1, 0, 1, '2023-12-16 09:23:00'),
(143, '8', '6a', 1, 0, 1, '2024-12-16 09:23:00'),
(144, '8', '6b', 1, 10, 1, '2025-12-16 09:23:00'),
(145, '11', '9', 1, 20, 1, '2026-12-16 09:23:00'),
(146, '11', '10', 1, 10, 1, '2027-12-16 09:23:00'),
(147, '11', '12', 1, 10, 1, '2028-12-16 09:23:00'),
(148, '11', '13', 1, 20, 1, '2029-12-16 09:23:00'),
(149, '11', '14', 1, 30, 1, '2030-12-16 09:23:00'),
(150, '11', '15', 1, 30, 1, '2031-12-16 09:23:00'),
(151, '11', '16', 1, 40, 1, '2001-01-17 09:23:00'),
(152, '11', '17', 1, 50, 1, '2002-01-17 09:23:00'),
(153, '11', '18', 1, 50, 1, '2003-01-17 09:23:00'),
(154, '11', '19', 1, 60, 1, '2004-01-17 09:23:00'),
(155, '11', '1', 1, 60, 1, '2005-01-17 09:23:00'),
(156, '11', '2', 1, 70, 1, '2006-01-17 09:23:00'),
(157, '11', '3', 1, 80, 1, '2007-01-17 09:23:00'),
(158, '11', '4', 1, 90, 1, '2008-01-17 09:23:00'),
(159, '11', '5', 1, 100, 1, '2009-01-17 09:23:00'),
(160, '11', '6a', 1, 120, 1, '2010-01-17 09:23:00'),
(161, '11', '6b', 1, 0, 1, '2011-01-17 09:23:00'),
(162, '11', '7', 1, 0, 1, '2012-01-17 09:23:00'),
(163, '12', '13', 1, 10, 1, '2013-01-17 09:23:00'),
(164, '12', '14', 1, 10, 1, '2014-01-17 09:23:00'),
(165, '12', '15', 1, 20, 1, '2015-01-17 09:23:00'),
(166, '12', '16', 1, 30, 1, '2016-01-17 09:23:00'),
(167, '12', '17', 1, 40, 1, '2017-01-17 09:23:00'),
(168, '12', '18', 1, 40, 1, '2018-01-17 09:23:00'),
(169, '12', '19', 1, 50, 1, '2019-01-17 09:23:00'),
(170, '12', '1', 1, 50, 1, '2020-01-17 09:23:00'),
(171, '12', '2', 1, 60, 1, '2021-01-17 09:23:00'),
(172, '12', '3', 1, 70, 1, '2022-01-17 09:23:00'),
(173, '12', '4', 1, 80, 1, '2023-01-17 09:23:00'),
(174, '12', '5', 1, 90, 1, '2024-01-17 09:23:00'),
(175, '12', '6a', 1, 100, 1, '2025-01-17 09:23:00'),
(176, '12', '6b', 1, 0, 1, '2026-01-17 09:23:00'),
(177, '12', '7', 1, 0, 1, '2027-01-17 09:23:00'),
(178, '12', '9', 1, 30, 1, '2028-01-17 09:23:00'),
(179, '12', '10', 1, 20, 1, '2029-01-17 09:23:00'),
(180, '12', '11', 1, 10, 1, '2030-01-17 09:23:00'),
(181, '13', '14', 1, 10, 1, '2031-01-17 09:23:00'),
(182, '13', '15', 1, 10, 1, '2001-02-17 09:23:00'),
(183, '13', '16', 1, 20, 1, '2002-02-17 09:23:00'),
(184, '13', '17', 1, 30, 1, '2003-02-17 09:23:00'),
(185, '13', '18', 1, 30, 1, '2004-02-17 09:23:00'),
(186, '13', '19', 1, 40, 1, '2005-02-17 09:23:00'),
(187, '13', '1', 1, 40, 1, '2006-02-17 09:23:00'),
(188, '13', '2', 1, 50, 1, '2007-02-17 09:23:00'),
(189, '13', '3', 1, 60, 1, '2008-02-17 09:23:00'),
(190, '13', '4', 1, 70, 1, '2009-02-17 09:23:00'),
(191, '13', '5', 1, 80, 1, '2010-02-17 09:23:00'),
(192, '13', '6a', 1, 100, 1, '2011-02-17 09:23:00'),
(193, '13', '6b', 1, 0, 1, '2012-02-17 09:23:00'),
(194, '13', '7', 1, 0, 1, '2013-02-17 09:23:00'),
(195, '13', '9', 1, 40, 1, '2014-02-17 09:23:00'),
(196, '13', '10', 1, 30, 1, '2015-02-17 09:23:00'),
(197, '13', '11', 1, 20, 1, '2016-02-17 09:23:00'),
(198, '13', '12', 1, 10, 1, '2017-02-17 09:23:00'),
(199, '14', '15', 1, 10, 1, '2018-02-17 09:23:00'),
(200, '14', '16', 1, 20, 1, '2019-02-17 09:23:00'),
(201, '14', '17', 1, 20, 1, '2020-02-17 09:23:00'),
(202, '14', '18', 1, 30, 1, '2021-02-17 09:23:00'),
(203, '14', '19', 1, 40, 1, '2022-02-17 09:23:00'),
(204, '14', '1', 1, 40, 1, '2023-02-17 09:23:00'),
(205, '14', '2', 1, 50, 1, '2024-02-17 09:23:00'),
(206, '14', '3', 1, 60, 1, '2025-02-17 09:23:00'),
(207, '14', '4', 1, 70, 1, '2026-02-17 09:23:00'),
(208, '14', '5', 1, 80, 1, '2027-02-17 09:23:00'),
(209, '14', '6a', 1, 90, 1, '2028-02-17 09:23:00'),
(210, '14', '6b', 1, 0, 1, '2001-03-17 09:23:00'),
(211, '14', '7', 1, 0, 1, '2002-03-17 09:23:00'),
(212, '14', '9', 1, 40, 1, '2003-03-17 09:23:00'),
(213, '14', '10', 1, 30, 1, '2004-03-17 09:23:00'),
(214, '14', '11', 1, 30, 1, '2005-03-17 09:23:00'),
(215, '14', '12', 1, 10, 1, '2006-03-17 09:23:00'),
(216, '14', '13', 1, 10, 1, '2007-03-17 09:23:00'),
(217, '15', '16', 1, 10, 1, '2008-03-17 09:23:00'),
(218, '15', '17', 1, 20, 1, '2009-03-17 09:23:00'),
(219, '15', '18', 1, 20, 1, '2010-03-17 09:23:00'),
(220, '15', '19', 1, 30, 1, '2011-03-17 09:23:00'),
(221, '15', '1', 1, 30, 1, '2012-03-17 09:23:00'),
(222, '15', '2', 1, 40, 1, '2013-03-17 09:23:00'),
(223, '15', '3', 1, 50, 1, '2014-03-17 09:23:00'),
(224, '15', '4', 1, 60, 1, '2015-03-17 09:23:00'),
(225, '15', '5', 1, 70, 1, '2016-03-17 09:23:00'),
(226, '15', '6a', 1, 80, 1, '2017-03-17 09:23:00'),
(227, '15', '6b', 1, 0, 1, '2018-03-17 09:23:00'),
(228, '15', '7', 1, 0, 1, '2019-03-17 09:23:00'),
(229, '15', '9', 1, 50, 1, '2020-03-17 09:23:00'),
(230, '15', '10', 1, 40, 1, '2021-03-17 09:23:00'),
(231, '15', '11', 1, 30, 1, '2022-03-17 09:23:00'),
(232, '15', '12', 1, 20, 1, '2023-03-17 09:23:00'),
(233, '15', '13', 1, 10, 1, '2024-03-17 09:23:00'),
(234, '15', '14', 1, 10, 1, '2025-03-17 09:23:00'),
(235, '16', '17', 1, 10, 1, '2026-03-17 09:23:00'),
(236, '16', '18', 1, 10, 1, '2027-03-17 09:23:00'),
(237, '16', '19', 1, 20, 1, '2028-03-17 09:23:00'),
(238, '16', '1', 1, 20, 1, '2029-03-17 09:23:00'),
(239, '16', '2', 1, 30, 1, '2030-03-17 09:23:00'),
(240, '16', '3', 1, 40, 1, '2031-03-17 09:23:00'),
(241, '16', '4', 1, 50, 1, '2001-04-17 09:23:00'),
(242, '16', '5', 1, 60, 1, '2002-04-17 09:23:00'),
(243, '16', '6a', 1, 70, 1, '2003-04-17 09:23:00'),
(244, '16', '6b', 1, 0, 1, '2004-04-17 09:23:00'),
(245, '16', '7', 1, 0, 1, '2005-04-17 09:23:00'),
(246, '16', '9', 1, 60, 1, '2006-04-17 09:23:00'),
(247, '16', '10', 1, 50, 1, '2007-04-17 09:23:00'),
(248, '16', '11', 1, 40, 1, '2008-04-17 09:23:00'),
(249, '16', '12', 1, 30, 1, '2009-04-17 09:23:00'),
(250, '16', '13', 1, 20, 1, '2010-04-17 09:23:00'),
(251, '16', '14', 1, 20, 1, '2011-04-17 09:23:00'),
(252, '16', '15', 1, 10, 1, '2012-04-17 09:23:00'),
(253, '17', '18', 1, 10, 1, '2013-04-17 09:23:00'),
(254, '17', '19', 1, 10, 1, '2014-04-17 09:23:00'),
(255, '17', '1', 1, 10, 1, '2015-04-17 09:23:00'),
(256, '17', '2', 1, 20, 1, '2016-04-17 09:23:00'),
(257, '17', '3', 1, 30, 1, '2017-04-17 09:23:00'),
(258, '17', '4', 1, 40, 1, '2018-04-17 09:23:00'),
(259, '17', '5', 1, 50, 1, '2019-04-17 09:23:00'),
(260, '17', '6a', 1, 70, 1, '2020-04-17 09:23:00'),
(261, '17', '6b', 1, 0, 1, '2021-04-17 09:23:00'),
(262, '17', '7', 1, 0, 1, '2022-04-17 09:23:00'),
(263, '17', '9', 1, 70, 1, '2023-04-17 09:23:00'),
(264, '17', '10', 1, 60, 1, '2024-04-17 09:23:00'),
(265, '17', '11', 1, 50, 1, '2025-04-17 09:23:00'),
(266, '17', '12', 1, 40, 1, '2026-04-17 09:23:00'),
(267, '17', '13', 1, 30, 1, '2027-04-17 09:23:00'),
(268, '17', '14', 1, 20, 1, '2028-04-17 09:23:00'),
(269, '17', '15', 1, 20, 1, '2029-04-17 09:23:00'),
(270, '17', '16', 1, 10, 1, '2030-04-17 09:23:00'),
(271, '18', '19', 1, 10, 1, '2001-05-17 09:23:00'),
(272, '18', '1', 1, 10, 1, '2002-05-17 09:23:00'),
(273, '18', '2', 1, 20, 1, '2003-05-17 09:23:00'),
(274, '18', '3', 1, 30, 1, '2004-05-17 09:23:00'),
(275, '18', '4', 1, 40, 1, '2005-05-17 09:23:00'),
(276, '18', '5', 1, 50, 1, '2006-05-17 09:23:00'),
(277, '18', '6a', 1, 60, 1, '2007-05-17 09:23:00'),
(278, '18', '6b', 1, 0, 1, '2008-05-17 09:23:00'),
(279, '18', '7', 1, 0, 1, '2009-05-17 09:23:00'),
(280, '18', '9', 1, 70, 1, '2010-05-17 09:23:00'),
(281, '18', '10', 1, 60, 1, '2011-05-17 09:23:00'),
(282, '18', '11', 1, 50, 1, '2012-05-17 09:23:00'),
(283, '18', '12', 1, 40, 1, '2013-05-17 09:23:00'),
(284, '18', '13', 1, 30, 1, '2014-05-17 09:23:00'),
(285, '18', '14', 1, 30, 1, '2015-05-17 09:23:00'),
(286, '18', '15', 1, 20, 1, '2016-05-17 09:23:00'),
(287, '18', '16', 1, 10, 1, '2017-05-17 09:23:00'),
(288, '18', '17', 1, 10, 1, '2018-05-17 09:23:00'),
(289, '19', '1', 1, 10, 1, '2019-05-17 09:23:00'),
(290, '19', '2', 1, 20, 1, '2020-05-17 09:23:00'),
(291, '19', '3', 1, 30, 1, '2021-05-17 09:23:00'),
(292, '19', '4', 1, 40, 1, '2022-05-17 09:23:00'),
(293, '19', '5', 1, 50, 1, '2023-05-17 09:23:00'),
(294, '19', '6a', 1, 60, 1, '2024-05-17 09:23:00'),
(295, '19', '6b', 1, 0, 1, '2025-05-17 09:23:00'),
(296, '19', '7', 1, 0, 1, '2026-05-17 09:23:00'),
(297, '19', '9', 1, 80, 1, '2027-05-17 09:23:00'),
(298, '19', '10', 1, 70, 1, '2028-05-17 09:23:00'),
(299, '19', '11', 1, 60, 1, '2029-05-17 09:23:00'),
(300, '19', '12', 1, 50, 1, '2030-05-17 09:23:00'),
(301, '19', '13', 1, 40, 1, '2031-05-17 09:23:00'),
(302, '19', '14', 1, 40, 1, '2001-06-17 09:23:00'),
(303, '19', '15', 1, 30, 1, '2002-06-17 09:23:00'),
(304, '19', '16', 1, 20, 1, '2003-06-17 09:23:00'),
(305, '19', '17', 1, 10, 1, '2004-06-17 09:23:00'),
(306, '19', '18', 1, 10, 1, '2005-06-17 09:23:00'),
(307, '9', '10', 1, 10, 1, '2006-06-17 09:23:00'),
(308, '9', '11', 1, 20, 1, '2007-06-17 09:23:00'),
(309, '9', '12', 1, 30, 1, '2008-06-17 09:23:00'),
(310, '9', '13', 1, 40, 1, '2009-06-17 09:23:00'),
(311, '9', '14', 1, 40, 1, '2010-06-17 09:23:00'),
(312, '9', '15', 1, 50, 1, '2011-06-17 09:23:00'),
(313, '9', '16', 1, 60, 1, '2012-06-17 09:23:00'),
(314, '9', '17', 1, 70, 1, '2013-06-17 09:23:00'),
(315, '9', '18', 1, 70, 1, '2014-06-17 09:23:00'),
(316, '9', '19', 1, 80, 1, '2015-06-17 09:23:00'),
(317, '9', '1', 1, 80, 1, '2016-06-17 09:23:00'),
(318, '9', '2', 1, 90, 1, '2017-06-17 09:23:00'),
(319, '9', '3', 1, 100, 1, '2018-06-17 09:23:00'),
(320, '9', '4', 1, 110, 1, '2019-06-17 09:23:00'),
(321, '9', '5', 1, 120, 1, '2020-06-17 09:23:00'),
(322, '9', '6a', 1, 130, 1, '2021-06-17 09:23:00'),
(323, '9', '6b', 1, 0, 1, '2022-06-17 09:23:00'),
(324, '9', '8', 1, 0, 1, '2023-06-17 09:23:00'),
(325, '10', '9', 1, 10, 1, '2024-06-17 09:23:00'),
(326, '10', '11', 1, 10, 1, '2025-06-17 09:23:00'),
(327, '10', '12', 1, 20, 1, '2026-06-17 09:23:00'),
(328, '10', '13', 1, 30, 1, '2027-06-17 09:23:00'),
(329, '10', '14', 1, 30, 1, '2028-06-17 09:23:00'),
(330, '10', '15', 1, 40, 1, '2029-06-17 09:23:00'),
(331, '10', '16', 1, 50, 1, '2030-06-17 09:23:00'),
(332, '10', '17', 1, 60, 1, '2001-07-17 09:23:00'),
(333, '10', '18', 1, 60, 1, '2002-07-17 09:23:00'),
(334, '10', '19', 1, 70, 1, '2003-07-17 09:23:00'),
(335, '10', '1', 1, 70, 1, '2004-07-17 09:23:00'),
(336, '10', '2', 1, 80, 1, '2005-07-17 09:23:00'),
(337, '10', '3', 1, 90, 1, '2006-07-17 09:23:00'),
(338, '10', '4', 1, 100, 1, '2007-07-17 09:23:00'),
(339, '10', '5', 1, 110, 1, '2008-07-17 09:23:00'),
(340, '10', '6a', 1, 120, 1, '2009-07-17 09:23:00'),
(341, '10', '6b', 1, 0, 1, '2010-07-17 09:23:00'),
(342, '10', '8', 1, 0, 1, '2011-07-17 09:23:00'),
(344, '1', '2', 1, 100, 2, '2016-08-04 11:18:05'),
(345, '1', '3', 1, 200, 2, '2016-08-04 11:18:05'),
(346, '1', '4', 1, 300, 2, '2016-08-04 11:18:05'),
(347, '1', '5', 1, 400, 2, '2016-08-04 11:18:05'),
(348, '1', '6a', 1, 500, 2, '2016-08-04 11:18:05'),
(349, '1', '6b', 1, 0, 2, '2016-08-04 11:18:05'),
(350, '1', '7', 1, 0, 2, '2016-08-04 11:18:05'),
(351, '1', '9', 1, 800, 2, '2016-08-04 11:18:05'),
(352, '1', '10', 1, 700, 2, '2016-08-04 11:18:05'),
(353, '1', '11', 1, 600, 2, '2016-08-04 11:18:05'),
(354, '1', '12', 1, 500, 2, '2016-08-04 11:18:05'),
(355, '1', '13', 1, 400, 2, '2016-08-04 11:18:05'),
(356, '1', '14', 1, 400, 2, '2016-08-04 11:18:05'),
(357, '1', '15', 1, 300, 2, '2016-08-04 11:18:05'),
(358, '1', '16', 1, 200, 2, '2016-08-04 11:18:05'),
(359, '1', '17', 1, 100, 2, '2016-08-04 11:18:05'),
(360, '1', '18', 1, 100, 2, '2016-08-04 11:18:05'),
(361, '1', '19', 1, 100, 2, '2016-08-04 11:18:05'),
(362, '2', '3', 1, 100, 2, '2016-08-04 11:18:05'),
(363, '2', '4', 1, 200, 2, '2016-08-04 11:18:05'),
(364, '2', '5', 1, 300, 2, '2016-08-04 11:18:05'),
(365, '2', '6a', 1, 400, 2, '2016-08-04 11:18:05'),
(366, '2', '6b', 1, 0, 2, '2016-08-04 11:18:05'),
(367, '2', '7', 1, 0, 2, '2016-08-04 11:18:05'),
(368, '2', '9', 1, 900, 2, '2016-08-04 11:18:05'),
(369, '2', '10', 1, 800, 2, '2016-08-04 11:18:05'),
(370, '2', '11', 1, 700, 2, '2016-08-04 11:18:05'),
(371, '2', '12', 1, 600, 2, '2016-08-04 11:18:05'),
(372, '2', '13', 1, 500, 2, '2016-08-04 11:18:05'),
(373, '2', '14', 1, 500, 2, '2016-08-04 11:18:05'),
(374, '2', '15', 1, 400, 2, '2016-08-04 11:18:05'),
(375, '2', '16', 1, 300, 2, '2016-08-04 11:18:05'),
(376, '2', '17', 1, 200, 2, '2016-08-04 11:18:05'),
(377, '2', '18', 1, 200, 2, '2016-08-04 11:18:05'),
(378, '2', '19', 1, 200, 2, '2016-08-04 11:18:05'),
(379, '2', '1', 1, 100, 2, '2016-08-04 11:18:05'),
(380, '3', '4', 1, 100, 2, '2016-08-04 11:18:05'),
(381, '3', '5', 1, 200, 2, '2016-08-04 11:18:05'),
(382, '3', '6a', 1, 300, 2, '2016-08-04 11:18:05'),
(383, '3', '6b', 1, 0, 2, '2016-08-04 11:18:05'),
(384, '3', '7', 1, 0, 2, '2016-08-04 11:18:05'),
(385, '3', '9', 1, 1000, 2, '2016-08-04 11:18:05'),
(386, '3', '10', 1, 900, 2, '2016-08-04 11:18:05'),
(387, '3', '11', 1, 800, 2, '2016-08-04 11:18:05'),
(388, '3', '12', 1, 700, 2, '2016-08-04 11:18:05'),
(389, '3', '13', 1, 600, 2, '2016-08-04 11:18:05'),
(390, '3', '14', 1, 600, 2, '2016-08-04 11:18:05'),
(391, '3', '15', 1, 500, 2, '2016-08-04 11:18:05'),
(392, '3', '16', 1, 400, 2, '2016-08-04 11:18:05'),
(393, '3', '17', 1, 300, 2, '2016-08-04 11:18:05'),
(394, '3', '18', 1, 300, 2, '2016-08-04 11:18:05'),
(395, '3', '19', 1, 300, 2, '2016-08-04 11:18:05'),
(396, '3', '1', 1, 200, 2, '2016-08-04 11:18:05'),
(397, '3', '2', 1, 100, 2, '2016-08-04 11:18:05'),
(398, '4', '5', 1, 100, 2, '2016-08-04 11:18:05'),
(399, '4', '6a', 1, 200, 2, '2016-08-04 11:18:05'),
(400, '4', '6b', 1, 0, 2, '2016-08-04 11:18:05'),
(401, '4', '7', 1, 0, 2, '2016-08-04 11:18:05'),
(402, '4', '9', 1, 1100, 2, '2016-08-04 11:18:05'),
(403, '4', '10', 1, 1000, 2, '2016-08-04 11:18:05'),
(404, '4', '11', 1, 900, 2, '2016-08-04 11:18:05'),
(405, '4', '12', 1, 800, 2, '2016-08-04 11:18:05'),
(406, '4', '13', 1, 700, 2, '2016-08-04 11:18:05'),
(407, '4', '14', 1, 700, 2, '2016-08-04 11:18:05'),
(408, '4', '15', 1, 600, 2, '2016-08-04 11:18:05'),
(409, '4', '16', 1, 500, 2, '2016-08-04 11:18:05'),
(410, '4', '17', 1, 400, 2, '2016-08-04 11:18:05'),
(411, '4', '18', 1, 400, 2, '2016-08-04 11:18:05'),
(412, '4', '19', 1, 400, 2, '2016-08-04 11:18:05'),
(413, '4', '1', 1, 300, 2, '2016-08-04 11:18:05'),
(414, '4', '2', 1, 200, 2, '2016-08-04 11:18:05'),
(415, '4', '3', 1, 100, 2, '2016-08-04 11:18:05'),
(416, '5', '6a', 1, 100, 2, '2016-08-04 11:18:05'),
(417, '5', '6b', 1, 0, 2, '2016-08-04 11:18:05'),
(418, '5', '7', 1, 0, 2, '2016-08-04 11:18:05'),
(419, '5', '9', 1, 1200, 2, '2016-08-04 11:18:05'),
(420, '5', '10', 1, 1100, 2, '2016-08-04 11:18:05'),
(421, '5', '11', 1, 1000, 2, '2016-08-04 11:18:05'),
(422, '5', '12', 1, 900, 2, '2016-08-04 11:18:05'),
(423, '5', '13', 1, 800, 2, '2016-08-04 11:18:05'),
(424, '5', '14', 1, 800, 2, '2016-08-04 11:18:05'),
(425, '5', '15', 1, 700, 2, '2016-08-04 11:18:05'),
(426, '5', '16', 1, 600, 2, '2016-08-04 11:18:05'),
(427, '5', '17', 1, 500, 2, '2016-08-04 11:18:05'),
(428, '5', '18', 1, 500, 2, '2016-08-04 11:18:05'),
(429, '5', '19', 1, 500, 2, '2016-08-04 11:18:05'),
(430, '5', '1', 1, 400, 2, '2016-08-04 11:18:05'),
(431, '5', '2', 1, 300, 2, '2016-08-04 11:18:05'),
(432, '5', '3', 1, 200, 2, '2016-08-04 11:18:05'),
(433, '5', '4', 1, 100, 2, '2016-08-04 11:18:05'),
(434, '6a', '6b', 1, 0, 2, '2016-08-04 11:18:05'),
(435, '6a', '7', 1, 0, 2, '2016-08-04 11:18:05'),
(436, '6a', '9', 1, 1300, 2, '2016-08-04 11:18:05'),
(437, '6a', '10', 1, 1200, 2, '2016-08-04 11:18:05'),
(438, '6a', '11', 1, 1200, 2, '2016-08-04 11:18:05'),
(439, '6a', '12', 1, 1000, 2, '2016-08-04 11:18:05'),
(440, '6a', '13', 1, 1000, 2, '2016-08-04 11:18:05'),
(441, '6a', '14', 1, 900, 2, '2016-08-04 11:18:05'),
(442, '6a', '15', 1, 800, 2, '2016-08-04 11:18:05'),
(443, '6a', '16', 1, 700, 2, '2016-08-04 11:18:05'),
(444, '6a', '17', 1, 700, 2, '2016-08-04 11:18:05'),
(445, '6a', '18', 1, 600, 2, '2016-08-04 11:18:05'),
(446, '6a', '19', 1, 600, 2, '2016-08-04 11:18:05'),
(447, '6a', '1', 1, 500, 2, '2016-08-04 11:18:05'),
(448, '6a', '2', 1, 400, 2, '2016-08-04 11:18:05'),
(449, '6a', '3', 1, 300, 2, '2016-08-04 11:18:05'),
(450, '6a', '4', 1, 200, 2, '2016-08-04 11:18:05'),
(451, '6a', '5', 1, 100, 2, '2016-08-04 11:18:05'),
(452, '6b', '7', 1, 100, 2, '2016-08-04 11:18:05'),
(453, '6b', '9', 1, 0, 2, '2016-08-04 11:18:05'),
(454, '6b', '10', 1, 0, 2, '2016-08-04 11:18:05'),
(455, '6b', '11', 1, 0, 2, '2016-08-04 11:18:05'),
(456, '6b', '12', 1, 0, 2, '2016-08-04 11:18:05'),
(457, '6b', '13', 1, 0, 2, '2016-08-04 11:18:05'),
(458, '6b', '14', 1, 0, 2, '2016-08-04 11:18:05'),
(459, '6b', '15', 1, 0, 2, '2016-08-04 11:18:05'),
(460, '6b', '16', 1, 0, 2, '2016-08-04 11:18:05'),
(461, '6b', '17', 1, 0, 2, '2016-08-04 11:18:05'),
(462, '6b', '18', 1, 0, 2, '2016-08-04 11:18:05'),
(463, '6b', '19', 1, 0, 2, '2016-08-04 11:18:05'),
(464, '6b', '1', 1, 0, 2, '2016-08-04 11:18:05'),
(465, '6b', '2', 1, 0, 2, '2016-08-04 11:18:05'),
(466, '6b', '3', 1, 0, 2, '2016-08-04 11:18:05'),
(467, '6b', '4', 1, 0, 2, '2016-08-04 11:18:05'),
(468, '6b', '5', 1, 0, 2, '2016-08-04 11:18:05'),
(469, '6b', '6a', 1, 0, 2, '2016-08-04 11:18:05'),
(470, '8', '9', 1, 0, 2, '2016-08-04 11:18:05'),
(471, '8', '10', 1, 0, 2, '2016-08-04 11:18:05'),
(472, '8', '11', 1, 0, 2, '2016-08-04 11:18:05'),
(473, '8', '12', 1, 0, 2, '2016-08-04 11:18:05'),
(474, '8', '13', 1, 0, 2, '2016-08-04 11:18:05'),
(475, '8', '14', 1, 0, 2, '2016-08-04 11:18:05'),
(476, '8', '15', 1, 0, 2, '2016-08-04 11:18:05'),
(477, '8', '16', 1, 0, 2, '2016-08-04 11:18:05'),
(478, '8', '17', 1, 0, 2, '2016-08-04 11:18:05'),
(479, '8', '18', 1, 0, 2, '2016-08-04 11:18:05'),
(480, '8', '19', 1, 0, 2, '2016-08-04 11:18:05'),
(481, '8', '1', 1, 0, 2, '2016-08-04 11:18:05'),
(482, '8', '2', 1, 0, 2, '2016-08-04 11:18:05'),
(483, '8', '3', 1, 0, 2, '2016-08-04 11:18:05'),
(484, '8', '4', 1, 0, 2, '2016-08-04 11:18:05'),
(485, '8', '5', 1, 0, 2, '2016-08-04 11:18:05'),
(486, '8', '6a', 1, 0, 2, '2016-08-04 11:18:05'),
(487, '8', '6b', 1, 100, 2, '2016-08-04 11:18:05'),
(488, '11', '9', 1, 200, 2, '2016-08-04 11:18:05'),
(489, '11', '10', 1, 100, 2, '2016-08-04 11:18:05'),
(490, '11', '12', 1, 100, 2, '2016-08-04 11:18:05'),
(491, '11', '13', 1, 200, 2, '2016-08-04 11:18:05'),
(492, '11', '14', 1, 300, 2, '2016-08-04 11:18:05'),
(493, '11', '15', 1, 300, 2, '2016-08-04 11:18:05'),
(494, '11', '16', 1, 400, 2, '2016-08-04 11:18:05'),
(495, '11', '17', 1, 500, 2, '2016-08-04 11:18:05'),
(496, '11', '18', 1, 500, 2, '2016-08-04 11:18:05'),
(497, '11', '19', 1, 600, 2, '2016-08-04 11:18:05'),
(498, '11', '1', 1, 600, 2, '2016-08-04 11:18:05'),
(499, '11', '2', 1, 700, 2, '2016-08-04 11:18:05'),
(500, '11', '3', 1, 800, 2, '2016-08-04 11:18:05'),
(501, '11', '4', 1, 900, 2, '2016-08-04 11:18:05'),
(502, '11', '5', 1, 1000, 2, '2016-08-04 11:18:05'),
(503, '11', '6a', 1, 1200, 2, '2016-08-04 11:18:05'),
(504, '11', '6b', 1, 0, 2, '2016-08-04 11:18:05'),
(505, '11', '7', 1, 0, 2, '2016-08-04 11:18:05'),
(506, '12', '13', 1, 100, 2, '2016-08-04 11:18:05'),
(507, '12', '14', 1, 100, 2, '2016-08-04 11:18:05'),
(508, '12', '15', 1, 200, 2, '2016-08-04 11:18:05'),
(509, '12', '16', 1, 300, 2, '2016-08-04 11:18:05'),
(510, '12', '17', 1, 400, 2, '2016-08-04 11:18:05'),
(511, '12', '18', 1, 400, 2, '2016-08-04 11:18:05'),
(512, '12', '19', 1, 500, 2, '2016-08-04 11:18:05'),
(513, '12', '1', 1, 500, 2, '2016-08-04 11:18:05'),
(514, '12', '2', 1, 600, 2, '2016-08-04 11:18:05'),
(515, '12', '3', 1, 700, 2, '2016-08-04 11:18:05'),
(516, '12', '4', 1, 800, 2, '2016-08-04 11:18:05'),
(517, '12', '5', 1, 900, 2, '2016-08-04 11:18:05'),
(518, '12', '6a', 1, 1000, 2, '2016-08-04 11:18:05'),
(519, '12', '6b', 1, 0, 2, '2016-08-04 11:18:05'),
(520, '12', '7', 1, 0, 2, '2016-08-04 11:18:05'),
(521, '12', '9', 1, 300, 2, '2016-08-04 11:18:05'),
(522, '12', '10', 1, 200, 2, '2016-08-04 11:18:05'),
(523, '12', '11', 1, 100, 2, '2016-08-04 11:18:05'),
(524, '13', '14', 1, 100, 2, '2016-08-04 11:18:05'),
(525, '13', '15', 1, 100, 2, '2016-08-04 11:18:05'),
(526, '13', '16', 1, 200, 2, '2016-08-04 11:18:05'),
(527, '13', '17', 1, 300, 2, '2016-08-04 11:18:05'),
(528, '13', '18', 1, 300, 2, '2016-08-04 11:18:05'),
(529, '13', '19', 1, 400, 2, '2016-08-04 11:18:05'),
(530, '13', '1', 1, 400, 2, '2016-08-04 11:18:05'),
(531, '13', '2', 1, 500, 2, '2016-08-04 11:18:05'),
(532, '13', '3', 1, 600, 2, '2016-08-04 11:18:05'),
(533, '13', '4', 1, 700, 2, '2016-08-04 11:18:05'),
(534, '13', '5', 1, 800, 2, '2016-08-04 11:18:05'),
(535, '13', '6a', 1, 1000, 2, '2016-08-04 11:18:05'),
(536, '13', '6b', 1, 0, 2, '2016-08-04 11:18:05'),
(537, '13', '7', 1, 0, 2, '2016-08-04 11:18:05'),
(538, '13', '9', 1, 400, 2, '2016-08-04 11:18:05'),
(539, '13', '10', 1, 300, 2, '2016-08-04 11:18:05'),
(540, '13', '11', 1, 200, 2, '2016-08-04 11:18:05'),
(541, '13', '12', 1, 100, 2, '2016-08-04 11:18:05'),
(542, '14', '15', 1, 100, 2, '2016-08-04 11:18:05'),
(543, '14', '16', 1, 200, 2, '2016-08-04 11:18:05'),
(544, '14', '17', 1, 200, 2, '2016-08-04 11:18:05'),
(545, '14', '18', 1, 300, 2, '2016-08-04 11:18:05'),
(546, '14', '19', 1, 400, 2, '2016-08-04 11:18:05'),
(547, '14', '1', 1, 400, 2, '2016-08-04 11:18:05'),
(548, '14', '2', 1, 500, 2, '2016-08-04 11:18:05'),
(549, '14', '3', 1, 600, 2, '2016-08-04 11:18:05'),
(550, '14', '4', 1, 700, 2, '2016-08-04 11:18:05'),
(551, '14', '5', 1, 800, 2, '2016-08-04 11:18:05'),
(552, '14', '6a', 1, 900, 2, '2016-08-04 11:18:05'),
(553, '14', '6b', 1, 0, 2, '2016-08-04 11:18:05'),
(554, '14', '7', 1, 0, 2, '2016-08-04 11:18:05'),
(555, '14', '9', 1, 400, 2, '2016-08-04 11:18:05'),
(556, '14', '10', 1, 300, 2, '2016-08-04 11:18:05'),
(557, '14', '11', 1, 300, 2, '2016-08-04 11:18:05'),
(558, '14', '12', 1, 100, 2, '2016-08-04 11:18:05'),
(559, '14', '13', 1, 100, 2, '2016-08-04 11:18:05'),
(560, '15', '16', 1, 100, 2, '2016-08-04 11:18:05'),
(561, '15', '17', 1, 200, 2, '2016-08-04 11:18:05'),
(562, '15', '18', 1, 200, 2, '2016-08-04 11:18:05'),
(563, '15', '19', 1, 300, 2, '2016-08-04 11:18:05'),
(564, '15', '1', 1, 300, 2, '2016-08-04 11:18:05'),
(565, '15', '2', 1, 400, 2, '2016-08-04 11:18:05'),
(566, '15', '3', 1, 500, 2, '2016-08-04 11:18:05'),
(567, '15', '4', 1, 600, 2, '2016-08-04 11:18:05'),
(568, '15', '5', 1, 700, 2, '2016-08-04 11:18:05'),
(569, '15', '6a', 1, 800, 2, '2016-08-04 11:18:05'),
(570, '15', '6b', 1, 0, 2, '2016-08-04 11:18:05'),
(571, '15', '7', 1, 0, 2, '2016-08-04 11:18:05'),
(572, '15', '9', 1, 500, 2, '2016-08-04 11:18:05'),
(573, '15', '10', 1, 400, 2, '2016-08-04 11:18:05'),
(574, '15', '11', 1, 300, 2, '2016-08-04 11:18:05'),
(575, '15', '12', 1, 200, 2, '2016-08-04 11:18:05'),
(576, '15', '13', 1, 100, 2, '2016-08-04 11:18:05'),
(577, '15', '14', 1, 100, 2, '2016-08-04 11:18:05'),
(578, '16', '17', 1, 100, 2, '2016-08-04 11:18:05'),
(579, '16', '18', 1, 100, 2, '2016-08-04 11:18:05'),
(580, '16', '19', 1, 200, 2, '2016-08-04 11:18:05'),
(581, '16', '1', 1, 200, 2, '2016-08-04 11:18:05'),
(582, '16', '2', 1, 300, 2, '2016-08-04 11:18:05'),
(583, '16', '3', 1, 400, 2, '2016-08-04 11:18:05'),
(584, '16', '4', 1, 500, 2, '2016-08-04 11:18:05'),
(585, '16', '5', 1, 600, 2, '2016-08-04 11:18:05'),
(586, '16', '6a', 1, 700, 2, '2016-08-04 11:18:05'),
(587, '16', '6b', 1, 0, 2, '2016-08-04 11:18:05'),
(588, '16', '7', 1, 0, 2, '2016-08-04 11:18:05'),
(589, '16', '9', 1, 600, 2, '2016-08-04 11:18:05'),
(590, '16', '10', 1, 500, 2, '2016-08-04 11:18:05'),
(591, '16', '11', 1, 400, 2, '2016-08-04 11:18:05'),
(592, '16', '12', 1, 300, 2, '2016-08-04 11:18:05'),
(593, '16', '13', 1, 200, 2, '2016-08-04 11:18:05'),
(594, '16', '14', 1, 200, 2, '2016-08-04 11:18:05'),
(595, '16', '15', 1, 100, 2, '2016-08-04 11:18:05'),
(596, '17', '18', 1, 100, 2, '2016-08-04 11:18:05'),
(597, '17', '19', 1, 100, 2, '2016-08-04 11:18:05'),
(598, '17', '1', 1, 100, 2, '2016-08-04 11:18:05'),
(599, '17', '2', 1, 200, 2, '2016-08-04 11:18:05'),
(600, '17', '3', 1, 300, 2, '2016-08-04 11:18:05'),
(601, '17', '4', 1, 400, 2, '2016-08-04 11:18:05'),
(602, '17', '5', 1, 500, 2, '2016-08-04 11:18:05'),
(603, '17', '6a', 1, 700, 2, '2016-08-04 11:18:05'),
(604, '17', '6b', 1, 0, 2, '2016-08-04 11:18:05'),
(605, '17', '7', 1, 0, 2, '2016-08-04 11:18:05'),
(606, '17', '9', 1, 700, 2, '2016-08-04 11:18:05'),
(607, '17', '10', 1, 600, 2, '2016-08-04 11:18:05'),
(608, '17', '11', 1, 500, 2, '2016-08-04 11:18:05'),
(609, '17', '12', 1, 400, 2, '2016-08-04 11:18:05'),
(610, '17', '13', 1, 300, 2, '2016-08-04 11:18:05'),
(611, '17', '14', 1, 200, 2, '2016-08-04 11:18:05'),
(612, '17', '15', 1, 200, 2, '2016-08-04 11:18:05'),
(613, '17', '16', 1, 100, 2, '2016-08-04 11:18:05'),
(614, '18', '19', 1, 100, 2, '2016-08-04 11:18:05'),
(615, '18', '1', 1, 100, 2, '2016-08-04 11:18:05'),
(616, '18', '2', 1, 200, 2, '2016-08-04 11:18:05'),
(617, '18', '3', 1, 300, 2, '2016-08-04 11:18:05'),
(618, '18', '4', 1, 400, 2, '2016-08-04 11:18:05'),
(619, '18', '5', 1, 500, 2, '2016-08-04 11:18:05'),
(620, '18', '6a', 1, 600, 2, '2016-08-04 11:18:05'),
(621, '18', '6b', 1, 0, 2, '2016-08-04 11:18:05'),
(622, '18', '7', 1, 0, 2, '2016-08-04 11:18:05'),
(623, '18', '9', 1, 700, 2, '2016-08-04 11:18:05'),
(624, '18', '10', 1, 600, 2, '2016-08-04 11:18:05'),
(625, '18', '11', 1, 500, 2, '2016-08-04 11:18:05'),
(626, '18', '12', 1, 400, 2, '2016-08-04 11:18:05'),
(627, '18', '13', 1, 300, 2, '2016-08-04 11:18:05'),
(628, '18', '14', 1, 300, 2, '2016-08-04 11:18:05'),
(629, '18', '15', 1, 200, 2, '2016-08-04 11:18:05'),
(630, '18', '16', 1, 100, 2, '2016-08-04 11:18:05'),
(631, '18', '17', 1, 10, 2, '2016-08-04 11:18:05'),
(632, '19', '1', 1, 100, 2, '2016-08-04 11:18:05'),
(633, '19', '2', 1, 200, 2, '2016-08-04 11:18:05'),
(634, '19', '3', 1, 300, 2, '2016-08-04 11:18:05'),
(635, '19', '4', 1, 400, 2, '2016-08-04 11:18:05'),
(636, '19', '5', 1, 500, 2, '2016-08-04 11:18:05'),
(637, '19', '6a', 1, 600, 2, '2016-08-04 11:18:05'),
(638, '19', '6b', 1, 0, 2, '2016-08-04 11:18:05'),
(639, '19', '7', 1, 0, 2, '2016-08-04 11:18:05'),
(640, '19', '9', 1, 800, 2, '2016-08-04 11:18:05'),
(641, '19', '10', 1, 700, 2, '2016-08-04 11:18:05'),
(642, '19', '11', 1, 600, 2, '2016-08-04 11:18:05'),
(643, '19', '12', 1, 500, 2, '2016-08-04 11:18:05'),
(644, '19', '13', 1, 400, 2, '2016-08-04 11:18:05'),
(645, '19', '14', 1, 400, 2, '2016-08-04 11:18:05'),
(646, '19', '15', 1, 300, 2, '2016-08-04 11:18:05'),
(647, '19', '16', 1, 200, 2, '2016-08-04 11:18:05'),
(648, '19', '17', 1, 100, 2, '2016-08-04 11:18:05'),
(649, '19', '18', 1, 100, 2, '2016-08-04 11:18:05'),
(650, '9', '10', 1, 100, 2, '2016-08-04 11:18:05'),
(651, '9', '11', 1, 200, 2, '2016-08-04 11:18:05'),
(652, '9', '12', 1, 300, 2, '2016-08-04 11:18:05'),
(653, '9', '13', 1, 400, 2, '2016-08-04 11:18:05'),
(654, '9', '14', 1, 400, 2, '2016-08-04 11:18:05'),
(655, '9', '15', 1, 500, 2, '2016-08-04 11:18:05'),
(656, '9', '16', 1, 600, 2, '2016-08-04 11:18:05'),
(657, '9', '17', 1, 700, 2, '2016-08-04 11:18:05'),
(658, '9', '18', 1, 700, 2, '2016-08-04 11:18:05'),
(659, '9', '19', 1, 800, 2, '2016-08-04 11:18:05'),
(660, '9', '1', 1, 800, 2, '2016-08-04 11:18:05'),
(661, '9', '2', 1, 900, 2, '2016-08-04 11:18:05'),
(662, '9', '3', 1, 1000, 2, '2016-08-04 11:18:05'),
(663, '9', '4', 1, 1100, 2, '2016-08-04 11:18:05'),
(664, '9', '5', 1, 1200, 2, '2016-08-04 11:18:05'),
(665, '9', '6a', 1, 1300, 2, '2016-08-04 11:18:05'),
(666, '9', '6b', 1, 0, 2, '2016-08-04 11:18:05'),
(667, '9', '8', 1, 0, 2, '2016-08-04 11:18:05'),
(668, '10', '9', 1, 100, 2, '2016-08-04 11:18:05'),
(669, '10', '11', 1, 100, 2, '2016-08-04 11:18:05'),
(670, '10', '12', 1, 200, 2, '2016-08-04 11:18:05'),
(671, '10', '13', 1, 300, 2, '2016-08-04 11:18:05'),
(672, '10', '14', 1, 300, 2, '2016-08-04 11:18:05'),
(673, '10', '15', 1, 400, 2, '2016-08-04 11:18:05'),
(674, '10', '16', 1, 500, 2, '2016-08-04 11:18:05'),
(675, '10', '17', 1, 600, 2, '2016-08-04 11:18:05'),
(676, '10', '18', 1, 600, 2, '2016-08-04 11:18:05'),
(677, '10', '19', 1, 700, 2, '2016-08-04 11:18:05'),
(678, '10', '1', 1, 700, 2, '2016-08-04 11:18:05'),
(679, '10', '2', 1, 800, 2, '2016-08-04 11:18:05'),
(680, '10', '3', 1, 900, 2, '2016-08-04 11:18:05'),
(681, '10', '4', 1, 1000, 2, '2016-08-04 11:18:05'),
(682, '10', '5', 1, 1100, 2, '2016-08-04 11:18:05'),
(683, '10', '6a', 1, 1200, 2, '2016-08-04 11:18:05'),
(684, '10', '6b', 1, 0, 2, '2016-08-04 11:18:05'),
(685, '10', '8', 1, 0, 2, '2016-08-04 11:18:05'),
(687, '1', '2', 1, 454, 4, '2016-08-13 04:40:13'),
(688, '1', '3', 1, 989, 4, '2016-08-13 04:40:13'),
(689, '2', '1', 1, 786, 4, '2016-08-13 04:40:13'),
(690, '2', '3', 1, 421, 4, '2016-08-13 04:40:13'),
(691, '3', '1', 1, 251, 4, '2016-08-13 04:40:13'),
(692, '3', '2', 1, 123, 4, '2016-08-13 04:40:13');

-- --------------------------------------------------------

--
-- Table structure for table `push_status`
--

CREATE TABLE IF NOT EXISTS `push_status` (
  `id` int(11) NOT NULL AUTO_INCREMENT,
  `tc_id` int(11) NOT NULL,
  `user_id` int(11) NOT NULL,
  `vehicle_id` varchar(20) DEFAULT NULL,
  `msg_type` int(1) NOT NULL COMMENT '1=welcome,2=vechicle availability(defaulr or no vehicle),3=bmt lane,4= lane number,5=transaction comleted,6=send success to beacon',
  `date_sent` datetime NOT NULL,
  PRIMARY KEY (`id`)
) ENGINE=InnoDB  DEFAULT CHARSET=latin1 AUTO_INCREMENT=8 ;

--
-- Dumping data for table `push_status`
--

INSERT INTO `push_status` (`id`, `tc_id`, `user_id`, `vehicle_id`, `msg_type`, `date_sent`) VALUES
(1, 1, 1, NULL, 2, '2016-06-21 11:54:53'),
(2, 5, 24, NULL, 2, '2016-06-21 14:40:57'),
(3, 1, 101, NULL, 2, '2016-07-19 16:16:56'),
(4, 1, 101, NULL, 2, '2016-07-19 16:16:56'),
(5, 1, 134, NULL, 2, '2016-07-20 13:18:12'),
(6, 1, 138, NULL, 2, '2016-07-20 13:50:07'),
(7, 2, 138, NULL, 2, '2016-07-20 13:51:09');

-- --------------------------------------------------------

--
-- Table structure for table `request_log`
--

CREATE TABLE IF NOT EXISTS `request_log` (
  `id` int(11) NOT NULL AUTO_INCREMENT,
  `request` text NOT NULL,
  `created_date` timestamp NOT NULL DEFAULT CURRENT_TIMESTAMP,
  PRIMARY KEY (`id`)
) ENGINE=InnoDB  DEFAULT CHARSET=latin1 AUTO_INCREMENT=112 ;

--
-- Dumping data for table `request_log`
--

INSERT INTO `request_log` (`id`, `request`, `created_date`) VALUES
(1, '{"vehicle_id":"152","user_id":"7","beacon_id":"26"}', '2016-08-17 08:51:03'),
(2, '{"vehicle_id":"152","user_id":"7","beacon_id":"26"}', '2016-08-17 08:51:08'),
(3, '{"vehicle_id":"143","user_id":"33","beacon_id":"91"}', '2016-08-17 09:02:45'),
(4, '{"vehicle_id":"143","user_id":"33","beacon_id":"91"}', '2016-08-17 09:02:48'),
(5, '{"vehicle_id":"152","user_id":"7","beacon_id":"91"}', '2016-08-17 09:02:54'),
(6, '{"vehicle_id":"143","user_id":"33","beacon_id":"7"}', '2016-08-17 09:42:47'),
(7, '{"vehicle_id":"152","user_id":"7","beacon_id":"7"}', '2016-08-17 09:42:51'),
(8, '{"vehicle_id":"143","user_id":"33","beacon_id":"7"}', '2016-08-17 09:42:52'),
(9, '{"vehicle_id":"152","user_id":"7","beacon_id":"88"}', '2016-08-17 09:45:57'),
(10, '{"vehicle_id":"143","user_id":"33","beacon_id":"88"}', '2016-08-17 09:45:59'),
(11, '{"vehicle_id":"152","user_id":"7","beacon_id":"88"}', '2016-08-17 09:46:01'),
(12, '{"vehicle_id":"143","user_id":"33","beacon_id":"88"}', '2016-08-17 09:46:03'),
(13, '{"vehicle_id":"152","user_id":"7","beacon_id":"88"}', '2016-08-17 09:46:06'),
(14, '{"vehicle_id":"143","user_id":"33","beacon_id":"88"}', '2016-08-17 09:46:07'),
(15, '{"vehicle_id":"152","user_id":"7","beacon_id":"88"}', '2016-08-17 09:46:12'),
(16, '{"vehicle_id":"152","user_id":"7","beacon_id":"88"}', '2016-08-17 09:46:16'),
(17, '{"vehicle_id":"143","user_id":"33","beacon_id":"88"}', '2016-08-17 09:46:17'),
(18, '{"vehicle_id":"152","user_id":"7","beacon_id":"88"}', '2016-08-17 09:46:21'),
(19, '{"vehicle_id":"143","user_id":"33","beacon_id":"88"}', '2016-08-17 09:46:21'),
(20, '{"vehicle_id":"143","user_id":"33","beacon_id":"88"}', '2016-08-17 09:46:26'),
(21, '{"vehicle_id":"152","user_id":"7","beacon_id":"88"}', '2016-08-17 09:46:26'),
(22, '{"vehicle_id":"152","user_id":"7","beacon_id":"88"}', '2016-08-17 09:46:31'),
(23, '{"vehicle_id":"143","user_id":"33","beacon_id":"88"}', '2016-08-17 09:46:32'),
(24, '{"vehicle_id":"143","user_id":"33","beacon_id":"88"}', '2016-08-17 09:46:36'),
(25, '{"vehicle_id":"152","user_id":"7","beacon_id":"88"}', '2016-08-17 09:46:37'),
(26, '{"vehicle_id":"152","user_id":"7","beacon_id":"88"}', '2016-08-17 09:46:41'),
(27, '{"vehicle_id":"143","user_id":"33","beacon_id":"88"}', '2016-08-17 09:46:41'),
(28, '{"vehicle_id":"152","user_id":"7","beacon_id":"88"}', '2016-08-17 09:46:46'),
(29, '{"vehicle_id":"143","user_id":"33","beacon_id":"88"}', '2016-08-17 09:46:46'),
(30, '{"vehicle_id":"152","user_id":"7","beacon_id":"88"}', '2016-08-17 09:46:51'),
(31, '{"vehicle_id":"143","user_id":"33","beacon_id":"88"}', '2016-08-17 09:46:51'),
(32, '{"vehicle_id":"152","user_id":"7","beacon_id":"88"}', '2016-08-17 09:46:56'),
(33, '{"vehicle_id":"152","user_id":"7","beacon_id":"88"}', '2016-08-17 09:47:09'),
(34, '{"vehicle_id":"143","user_id":"33","beacon_id":"89"}', '2016-08-17 09:48:24'),
(35, '{"vehicle_id":"143","user_id":"33","beacon_id":"5"}', '2016-08-17 09:56:27'),
(36, '{"vehicle_id":"152","user_id":"7","beacon_id":"5"}', '2016-08-17 09:56:27'),
(37, '{"vehicle_id":"152","user_id":"7","beacon_id":"5"}', '2016-08-17 09:56:30'),
(38, '{"vehicle_id":"143","user_id":"33","beacon_id":"5"}', '2016-08-17 09:56:30'),
(39, '{"vehicle_id":"152","user_id":"7","beacon_id":"5"}', '2016-08-17 09:56:34'),
(40, '{"vehicle_id":"152","user_id":"7","beacon_id":"5"}', '2016-08-17 09:56:37'),
(41, '{"vehicle_id":"152","user_id":"7","beacon_id":"5"}', '2016-08-17 09:56:42'),
(42, '{"vehicle_id":"143","user_id":"33","beacon_id":"87"}', '2016-08-17 10:02:58'),
(43, '{"vehicle_id":"143","user_id":"33","beacon_id":"87"}', '2016-08-17 10:03:05'),
(44, '{"vehicle_id":"152","user_id":"7","beacon_id":"87"}', '2016-08-17 10:03:11'),
(45, '{"vehicle_id":"143","user_id":"33","beacon_id":"87"}', '2016-08-17 10:03:11'),
(46, '{"vehicle_id":"152","user_id":"7","beacon_id":"87"}', '2016-08-17 10:03:15'),
(47, '{"vehicle_id":"143","user_id":"33","beacon_id":"87"}', '2016-08-17 10:03:20'),
(48, '{"vehicle_id":"143","user_id":"33","beacon_id":"87"}', '2016-08-17 10:03:25'),
(49, '{"vehicle_id":"143","user_id":"33","beacon_id":"87"}', '2016-08-17 10:03:33'),
(50, '{"vehicle_id":"152","user_id":"7","beacon_id":"87"}', '2016-08-17 10:03:53'),
(51, '{"vehicle_id":"143","user_id":"33","beacon_id":"87"}', '2016-08-17 10:03:54'),
(52, '{"vehicle_id":"143","user_id":"33","beacon_id":"87"}', '2016-08-17 10:04:00'),
(53, '{"vehicle_id":"152","user_id":"7","beacon_id":"87"}', '2016-08-17 10:04:00'),
(54, '{"vehicle_id":"152","user_id":"7","beacon_id":"87"}', '2016-08-17 10:04:06'),
(55, '{"vehicle_id":"143","user_id":"33","beacon_id":"87"}', '2016-08-17 10:04:06'),
(56, '{"vehicle_id":"143","user_id":"33","beacon_id":"87"}', '2016-08-17 10:04:09'),
(57, '{"vehicle_id":"152","user_id":"7","beacon_id":"87"}', '2016-08-17 10:04:13'),
(58, '{"vehicle_id":"143","user_id":"33","beacon_id":"87"}', '2016-08-17 10:04:14'),
(59, '{"vehicle_id":"143","user_id":"33","beacon_id":"86"}', '2016-08-17 10:14:48'),
(60, '{"vehicle_id":"143","user_id":"33","beacon_id":"86"}', '2016-08-17 10:15:05'),
(61, '{"vehicle_id":"143","user_id":"33","beacon_id":"83"}', '2016-08-17 10:20:22'),
(62, '{"vehicle_id":"143","user_id":"33","beacon_id":"83"}', '2016-08-17 10:20:35'),
(63, '{"vehicle_id":"152","user_id":"7","beacon_id":"83"}', '2016-08-17 10:20:35'),
(64, '{"vehicle_id":"143","user_id":"33","beacon_id":"82"}', '2016-08-17 10:27:25'),
(65, '{"vehicle_id":"152","user_id":"7","beacon_id":"82"}', '2016-08-17 10:27:46'),
(66, '{"vehicle_id":"152","user_id":"7","beacon_id":"82"}', '2016-08-17 10:32:34'),
(67, '{"vehicle_id":"152","user_id":"7","beacon_id":"82"}', '2016-08-17 10:32:39'),
(68, '{"vehicle_id":"143","user_id":"33","beacon_id":"82"}', '2016-08-17 10:32:41'),
(69, '{"vehicle_id":"152","user_id":"7","beacon_id":"82"}', '2016-08-17 10:32:42'),
(70, '{"vehicle_id":"152","user_id":"7","beacon_id":"82"}', '2016-08-17 10:32:48'),
(71, '{"vehicle_id":"143","user_id":"33","beacon_id":"82"}', '2016-08-17 10:32:50'),
(72, '{"vehicle_id":"152","user_id":"7","beacon_id":"82"}', '2016-08-17 10:32:52'),
(73, '{"vehicle_id":"143","user_id":"33","beacon_id":"82"}', '2016-08-17 10:32:55'),
(74, '{"vehicle_id":"152","user_id":"7","beacon_id":"82"}', '2016-08-17 10:32:57'),
(75, '{"vehicle_id":"143","user_id":"33","beacon_id":"82"}', '2016-08-17 10:33:00'),
(76, '{"vehicle_id":"143","user_id":"33","beacon_id":"77"}', '2016-08-17 10:43:27'),
(77, '{"vehicle_id":"152","user_id":"7","beacon_id":"77"}', '2016-08-17 10:43:32'),
(78, '{"vehicle_id":"152","user_id":"7","beacon_id":"77"}', '2016-08-17 10:43:38'),
(79, '{"vehicle_id":"143","user_id":"33","beacon_id":"77"}', '2016-08-17 10:43:39'),
(80, '{"vehicle_id":"152","user_id":"7","beacon_id":"77"}', '2016-08-17 10:43:44'),
(81, '{"vehicle_id":"152","user_id":"7","beacon_id":"77"}', '2016-08-17 10:43:48'),
(82, '{"vehicle_id":"152","user_id":"7","beacon_id":"77"}', '2016-08-17 10:43:54'),
(83, '{"vehicle_id":"152","user_id":"7","beacon_id":"77"}', '2016-08-17 10:43:57'),
(84, '{"vehicle_id":"152","user_id":"7","beacon_id":"77"}', '2016-08-17 10:44:03'),
(85, '{"vehicle_id":"152","user_id":"7","beacon_id":"77"}', '2016-08-17 10:44:07'),
(86, '{"vehicle_id":"152","user_id":"7","beacon_id":"77"}', '2016-08-17 10:44:13'),
(87, '{"vehicle_id":"152","user_id":"7","beacon_id":"77"}', '2016-08-17 10:44:15'),
(88, '{"vehicle_id":"152","user_id":"7","beacon_id":"77"}', '2016-08-17 10:44:18'),
(89, '{"vehicle_id":"152","user_id":"7","beacon_id":"77"}', '2016-08-17 10:44:23'),
(90, '{"vehicle_id":"152","user_id":"7","beacon_id":"77"}', '2016-08-17 10:44:28'),
(91, '{"vehicle_id":"152","user_id":"7","beacon_id":"77"}', '2016-08-17 10:44:35'),
(92, '{"vehicle_id":"152","user_id":"7","beacon_id":"77"}', '2016-08-17 10:44:38'),
(93, '{"vehicle_id":"152","user_id":"7","beacon_id":"77"}', '2016-08-17 10:44:43'),
(94, '{"vehicle_id":"152","user_id":"7","beacon_id":"77"}', '2016-08-17 10:44:48'),
(95, '{"vehicle_id":"152","user_id":"7","beacon_id":"76"}', '2016-08-17 10:49:52'),
(96, '{"vehicle_id":"143","user_id":"33","beacon_id":"76"}', '2016-08-17 10:52:20'),
(97, '{"vehicle_id":"143","user_id":"33","beacon_id":"76"}', '2016-08-17 10:52:25'),
(98, '{"vehicle_id":"143","user_id":"33","beacon_id":"76"}', '2016-08-17 10:52:30'),
(99, '{"vehicle_id":"143","user_id":"33","beacon_id":"76"}', '2016-08-17 10:52:35'),
(100, '{"vehicle_id":"143","user_id":"33","beacon_id":"73"}', '2016-08-17 11:04:57'),
(101, '{"vehicle_id":"152","user_id":"7","beacon_id":"73"}', '2016-08-17 11:05:04'),
(102, '{"vehicle_id":"152","user_id":"7","beacon_id":"72"}', '2016-08-17 11:11:54'),
(103, '{"vehicle_id":"152","user_id":"7","beacon_id":"72"}', '2016-08-17 11:11:57'),
(104, '{"vehicle_id":"143","user_id":"33","beacon_id":"72"}', '2016-08-17 11:11:57'),
(105, '{"vehicle_id":"152","user_id":"7","beacon_id":"72"}', '2016-08-17 11:12:05'),
(106, '{"vehicle_id":"143","user_id":"33","beacon_id":"72"}', '2016-08-17 11:12:10'),
(107, '{"vehicle_id":"152","user_id":"7","beacon_id":"69"}', '2016-08-17 11:21:26'),
(108, '{"vehicle_id":"152","user_id":"7","beacon_id":"69"}', '2016-08-17 11:21:31'),
(109, '{"vehicle_id":"152","user_id":"7","beacon_id":"9"}', '2016-08-17 11:34:44'),
(110, '{"vehicle_id":"152","user_id":"7","beacon_id":"66"}', '2016-08-17 12:03:39'),
(111, '{"vehicle_id":"152","user_id":"7","beacon_id":"66"}', '2016-08-17 12:03:49');

-- --------------------------------------------------------

--
-- Table structure for table `response_log`
--

CREATE TABLE IF NOT EXISTS `response_log` (
  `id` int(11) NOT NULL AUTO_INCREMENT,
  `response` text,
  `created_date` timestamp NOT NULL DEFAULT CURRENT_TIMESTAMP,
  PRIMARY KEY (`id`)
) ENGINE=InnoDB  DEFAULT CHARSET=latin1 AUTO_INCREMENT=82 ;

--
-- Dumping data for table `response_log`
--

INSERT INTO `response_log` (`id`, `response`, `created_date`) VALUES
(1, '{"msg":"Welcome to Nanakramguda Ringroad","html_content":"","payment_flag":false,"road_type":"ORR","msgcode":123}', '2016-08-17 08:51:03'),
(2, 'User already detected', '2016-08-17 08:51:08'),
(3, '{"html_content":"http://bookmytoll.com/payment?total_amount=11&transaction_id=386949&user_id=7&Authtoken=77f7a48582d5bbfdd50868c593921bbc&lane_number=1","detected_by":"Geofence","default_vehicle":"ka51m2874","payment_flag":true,"road_type":"ORR","msgcode":123}', '2016-08-17 09:02:54'),
(4, '{"msg":"Welcome to APPA Ringroad","html_content":"","payment_flag":false,"road_type":"ORR","msgcode":123}', '2016-08-17 09:42:47'),
(5, '{"msg":"Welcome to APPA Ringroad","html_content":"","payment_flag":false,"road_type":"ORR","msgcode":123}', '2016-08-17 09:42:51'),
(6, 'User already detected', '2016-08-17 09:42:52'),
(7, '{"html_content":"http://bookmytoll.com/payment?total_amount=11&transaction_id=598754&user_id=7&Authtoken=77f7a48582d5bbfdd50868c593921bbc&lane_number=1","detected_by":"Geofence","default_vehicle":"ka51m2874","payment_flag":true,"road_type":"ORR","msgcode":123}', '2016-08-17 09:45:57'),
(8, '{"html_content":"http://bookmytoll.com/payment?total_amount=11&transaction_id=424062&user_id=33&Authtoken=93eb1fb38522767ff245278f588cbbd4&lane_number=1","detected_by":"Geofence","default_vehicle":"ap28dh4829","payment_flag":true,"road_type":"ORR","msgcode":123}', '2016-08-17 09:45:59'),
(9, 'User already detected', '2016-08-17 09:46:01'),
(10, 'User already detected', '2016-08-17 09:46:03'),
(11, 'User already detected', '2016-08-17 09:46:06'),
(12, 'User already detected', '2016-08-17 09:46:07'),
(13, 'User already detected', '2016-08-17 09:46:12'),
(14, 'User already detected', '2016-08-17 09:46:16'),
(15, 'User already detected', '2016-08-17 09:46:17'),
(16, 'User already detected', '2016-08-17 09:46:21'),
(17, 'User already detected', '2016-08-17 09:46:26'),
(18, '{"msg":"Welcome to Rajendra Nagar Ringroad","html_content":"","payment_flag":false,"road_type":"ORR","msgcode":123}', '2016-08-17 09:56:27'),
(19, '{"msg":"Welcome to Rajendra Nagar Ringroad","html_content":"","payment_flag":false,"road_type":"ORR","msgcode":123}', '2016-08-17 09:56:27'),
(20, 'User already detected', '2016-08-17 09:56:30'),
(21, 'User already detected', '2016-08-17 09:56:30'),
(22, 'User already detected', '2016-08-17 09:56:34'),
(23, 'User already detected', '2016-08-17 09:56:37'),
(24, 'User already detected', '2016-08-17 09:56:42'),
(25, 'User already detected', '2016-08-17 10:03:05'),
(26, 'User already detected', '2016-08-17 10:03:11'),
(27, 'User already detected', '2016-08-17 10:03:15'),
(28, 'User already detected', '2016-08-17 10:03:20'),
(29, 'User already detected', '2016-08-17 10:03:25'),
(30, 'User already detected', '2016-08-17 10:03:33'),
(31, 'User already detected', '2016-08-17 10:03:53'),
(32, 'User already detected', '2016-08-17 10:03:54'),
(33, 'User already detected', '2016-08-17 10:04:00'),
(34, 'User already detected', '2016-08-17 10:04:00'),
(35, 'User already detected', '2016-08-17 10:04:06'),
(36, 'User already detected', '2016-08-17 10:04:06'),
(37, 'User already detected', '2016-08-17 10:04:09'),
(38, 'User already detected', '2016-08-17 10:04:13'),
(39, 'User already detected', '2016-08-17 10:04:14'),
(40, 'No toll operators available. Please pay manually.', '2016-08-17 10:14:48'),
(41, 'No toll operators available. Please pay manually.', '2016-08-17 10:15:05'),
(42, 'User already detected', '2016-08-17 10:20:35'),
(43, 'No toll operators available. Please pay manually.', '2016-08-17 10:27:25'),
(44, 'No toll operators available. Please pay manually.', '2016-08-17 10:27:46'),
(45, '{"msg":"Welcome to Pedda Golconda Ringroad","html_content":"","payment_flag":false,"road_type":"ORR","msgcode":123}', '2016-08-17 10:32:34'),
(46, 'User already detected', '2016-08-17 10:32:39'),
(47, '{"msg":"Welcome to Pedda Golconda Ringroad","html_content":"","payment_flag":false,"road_type":"ORR","msgcode":123}', '2016-08-17 10:32:41'),
(48, 'User already detected', '2016-08-17 10:32:42'),
(49, 'User already detected', '2016-08-17 10:32:48'),
(50, 'User already detected', '2016-08-17 10:32:50'),
(51, 'User already detected', '2016-08-17 10:32:52'),
(52, 'User already detected', '2016-08-17 10:32:55'),
(53, 'User already detected', '2016-08-17 10:32:57'),
(54, 'User already detected', '2016-08-17 10:33:00'),
(55, '{"html_content":"http://bookmytoll.com/payment?total_amount=11&transaction_id=686055&user_id=33&Authtoken=93eb1fb38522767ff245278f588cbbd4&lane_number=1","detected_by":"Geofence","default_vehicle":"ap28dh4829","payment_flag":true,"road_type":"ORR","msgcode":123}', '2016-08-17 10:43:27'),
(56, '{"html_content":"http://bookmytoll.com/payment?total_amount=11&transaction_id=749643&user_id=7&Authtoken=77f7a48582d5bbfdd50868c593921bbc&lane_number=1","detected_by":"Geofence","default_vehicle":"ka51m2874","payment_flag":true,"road_type":"ORR","msgcode":123}', '2016-08-17 10:43:32'),
(57, 'User already detected', '2016-08-17 10:43:38'),
(58, 'User already detected', '2016-08-17 10:43:39'),
(59, 'User already detected', '2016-08-17 10:43:44'),
(60, 'User already detected', '2016-08-17 10:43:48'),
(61, 'User already detected', '2016-08-17 10:43:54'),
(62, 'User already detected', '2016-08-17 10:43:57'),
(63, 'User already detected', '2016-08-17 10:44:03'),
(64, 'User already detected', '2016-08-17 10:44:07'),
(65, '{"msg":"Welcome to Tukkuguda Ringroad","html_content":"","payment_flag":false,"road_type":"ORR","msgcode":123}', '2016-08-17 10:49:52'),
(66, '{"msg":"Welcome to Tukkuguda Ringroad","html_content":"","payment_flag":false,"road_type":"ORR","msgcode":123}', '2016-08-17 10:52:20'),
(67, 'User already detected', '2016-08-17 10:52:25'),
(68, 'User already detected', '2016-08-17 10:52:30'),
(69, 'User already detected', '2016-08-17 10:52:35'),
(70, '{"html_content":"http://bookmytoll.com/payment?total_amount=11&transaction_id=493285&user_id=33&Authtoken=93eb1fb38522767ff245278f588cbbd4&lane_number=1","detected_by":"Geofence","default_vehicle":"ap28dh4829","payment_flag":true,"road_type":"ORR","msgcode":123}', '2016-08-17 11:04:57'),
(71, '{"html_content":"http://bookmytoll.com/payment?total_amount=11&transaction_id=858576&user_id=7&Authtoken=77f7a48582d5bbfdd50868c593921bbc&lane_number=1","detected_by":"Geofence","default_vehicle":"ka51m2874","payment_flag":true,"road_type":"ORR","msgcode":123}', '2016-08-17 11:05:04'),
(72, '{"msg":"Welcome to Raviryal Ringroad","html_content":"","payment_flag":false,"road_type":"ORR","msgcode":123}', '2016-08-17 11:11:54'),
(73, 'User already detected', '2016-08-17 11:11:57'),
(74, '{"msg":"Welcome to Raviryal Ringroad","html_content":"","payment_flag":false,"road_type":"ORR","msgcode":123}', '2016-08-17 11:11:57'),
(75, 'User already detected', '2016-08-17 11:12:05'),
(76, 'User already detected', '2016-08-17 11:12:10'),
(77, '{"html_content":"http://bookmytoll.com/payment?total_amount=11&transaction_id=365911&user_id=7&Authtoken=77f7a48582d5bbfdd50868c593921bbc&lane_number=1","detected_by":"Geofence","default_vehicle":"ka51m2874","payment_flag":true,"road_type":"ORR","msgcode":123}', '2016-08-17 11:21:26'),
(78, 'User already detected', '2016-08-17 11:21:31'),
(79, '{"msg":"Welcome to Bongulur Ringroad","html_content":"","payment_flag":false,"road_type":"ORR","msgcode":123}', '2016-08-17 11:34:44'),
(80, '{"html_content":"http://bookmytoll.com/payment?total_amount=11&transaction_id=463801&user_id=7&Authtoken=77f7a48582d5bbfdd50868c593921bbc&lane_number=1,1,1","detected_by":"Geofence","default_vehicle":"ka51m2874","payment_flag":true,"road_type":"ORR","msgcode":123}', '2016-08-17 12:03:39'),
(81, 'User already detected', '2016-08-17 12:03:49');

-- --------------------------------------------------------

--
-- Table structure for table `ringroad`
--

CREATE TABLE IF NOT EXISTS `ringroad` (
  `id` int(11) NOT NULL AUTO_INCREMENT,
  `tc_id` int(11) DEFAULT NULL,
  `major` int(20) DEFAULT NULL,
  `minor` int(20) DEFAULT NULL,
  `status` tinyint(1) NOT NULL DEFAULT '1' COMMENT '1:Entry Type, 0: Exit Type',
  `user_id` int(20) NOT NULL,
  `created_on` timestamp NOT NULL DEFAULT CURRENT_TIMESTAMP,
  PRIMARY KEY (`id`)
) ENGINE=InnoDB  DEFAULT CHARSET=latin1 AUTO_INCREMENT=590 ;

-- --------------------------------------------------------

--
-- Table structure for table `role`
--

CREATE TABLE IF NOT EXISTS `role` (
  `role_id` int(1) NOT NULL AUTO_INCREMENT,
  `role_name` varchar(50) NOT NULL,
  PRIMARY KEY (`role_id`)
) ENGINE=InnoDB  DEFAULT CHARSET=latin1 AUTO_INCREMENT=5 ;

--
-- Dumping data for table `role`
--

INSERT INTO `role` (`role_id`, `role_name`) VALUES
(1, 'Super Admin'),
(2, 'Admin'),
(3, 'Semi Admin'),
(4, 'Toll Operator');

-- --------------------------------------------------------

--
-- Table structure for table `tollcenter_coordinates`
--

CREATE TABLE IF NOT EXISTS `tollcenter_coordinates` (
  `id` int(11) NOT NULL AUTO_INCREMENT,
  `tc_id` int(11) NOT NULL,
  `coordinates` text NOT NULL,
  `radius` int(11) NOT NULL,
  `beacon_id` int(11) DEFAULT NULL,
  `created_on` timestamp NOT NULL DEFAULT CURRENT_TIMESTAMP,
  PRIMARY KEY (`id`)
) ENGINE=InnoDB  DEFAULT CHARSET=latin1 AUTO_INCREMENT=37 ;

--
-- Dumping data for table `tollcenter_coordinates`
--

INSERT INTO `tollcenter_coordinates` (`id`, `tc_id`, `coordinates`, `radius`, `beacon_id`, `created_on`) VALUES
(1, 14, '17.407960,78.354324;17.408311,78.354370;17.408671,78.354426;17.409018,78.354493', 20, 26, '2016-08-17 11:42:45'),
(2, 14, '17.406770,78.353643;17.406422,78.353557;17.406073,78.353456;17.405725,78.353406', 20, 94, '2016-08-17 11:42:45'),
(3, 5, '17.351222,78.359645;17.350892,78.359819;17.350605,78.360055', 20, 91, '2016-08-17 11:42:45'),
(4, 5, '17.349565,78.361534;17.349714,78.361860;', 20, 7, '2016-08-17 11:42:45'),
(5, 5, '17.349852,78.358995;17.349577,78.358761', 20, 92, '2016-08-17 11:42:45'),
(6, 5, '17.348207,78.360052;17.347964,78.360329;', 20, 93, '2016-08-17 11:42:45'),
(7, 4, '17.305777,78.377724;17.306164,78.377645;17.306513,78.377562', 20, 90, '2016-08-17 11:42:45'),
(8, 4, '17.323248,78.375108;17.322931,78.375251', 20, 89, '2016-08-17 11:42:45'),
(9, 4, '17.323758,78.375606;17.324102,78.375465;17.324445,78.375342', 20, 88, '2016-08-17 11:42:45'),
(10, 4, '17.308060,78.377836;17.308416,78.377776;', 20, 5, '2016-08-17 11:42:45'),
(11, 15, '17.249124,78.375367;17.249253,78.375712;17.249289,78.376084', 20, 85, '2016-08-17 11:42:45'),
(12, 15, '17.249723,78.375387;17.249492,78.375100', 20, 84, '2016-08-17 11:42:45'),
(13, 15, '17.253776,78.379584;17.253658,78.379227;17.253589,78.378849;17.253557,78.378470', 20, 87, '2016-08-17 11:42:45'),
(14, 15, '17.253138,78.379791;17.253414,78.380032', 20, 86, '2016-08-17 11:42:45'),
(15, 16, '17.203110,78.397725;17.203087,78.398080 ', 20, 80, '2016-08-17 11:42:45'),
(16, 16, '17.203017,78.400155;17.203040,78.400523;17.203058,78.400905', 20, 81, '2016-08-17 11:42:45'),
(17, 16, '17.204052,78.397357;17.204037,78.396982;17.204019,78.396599', 20, 83, '2016-08-17 11:42:45'),
(18, 16, '17.203980,78.399304;', 20, 82, '2016-08-17 11:42:45'),
(19, 17, '17.203527,78.478260;17.203530,78.478655;17.203545,78.479030', 20, 79, '2016-08-17 11:42:45'),
(20, 17, '17.203487,78.475056;17.203374,78.475407 ', 20, 78, '2016-08-17 11:42:45'),
(21, 17, '17.204252,78.474273;17.204244,78.473884;17.204241,78.473519', 20, 77, '2016-08-17 11:42:45'),
(22, 17, '17.204193,78.477577;17.204309,78.477219', 20, 76, '2016-08-17 11:42:45'),
(23, 18, '17.212639,78.531272;17.212698,78.531643;17.212778,78.532014', 20, 75, '2016-08-17 11:42:45'),
(24, 18, '17.211418,78.525665;17.211464,78.526037;17.211533,78.526358', 20, 74, '2016-08-17 11:42:45'),
(25, 18, '17.211616,78.524144;17.211516,78.523787;17.211426,78.523430', 20, 73, '2016-08-17 11:42:45'),
(26, 18, '17.213009,78.530516;17.212950,78.530126;', 20, 72, '2016-08-17 11:42:45'),
(27, 7, '17.237565,78.583630;17.237299,78.583579;17.236968,78.583521', 20, 69, '2016-08-17 11:42:45'),
(28, 7, '17.238434,78.584675;17.238749,78.584884;17.238913,78.585197;17.239038,78.585131', 20, 9, '2016-08-17 11:42:45'),
(29, 19, '17.319596,78.657878;17.319806,78.657544;17.319939,78.657190;17.319427, 78.657930', 20, 66, '2016-08-17 11:42:45'),
(30, 19, '17.319593,78.655048;17.319382,78.654771;17.319059,78.654583', 20, 65, '2016-08-17 11:42:45'),
(31, 20, '17.371105,78.680874;17.370750,78.680868;17.370395,78.680827', 20, 62, '2016-08-17 11:42:45'),
(32, 20, '17.373925,78.681320;17.373613,78.681298;', 20, 61, '2016-08-17 11:42:45'),
(33, 20, '17.374553,78.682384;17.374914,78.682408;17.375283,78.682459;', 20, 64, '2016-08-17 11:42:45'),
(34, 20, '17.372076,78.681989;17.372268,78.682017', 20, 63, '2016-08-17 11:42:45'),
(35, 21, '17.442879,78.666959;17.443172,78.667147;17.443398,78.667416;', 20, 58, '2016-08-17 11:42:45'),
(36, 21, '17.441476,78.666485;17.441135,78.666446;17.440770,78.666432', 20, 57, '2016-08-17 11:42:45');

-- --------------------------------------------------------

--
-- Table structure for table `toll_center`
--

CREATE TABLE IF NOT EXISTS `toll_center` (
  `tc_id` int(10) NOT NULL AUTO_INCREMENT,
  `assigned_id` varchar(30) NOT NULL,
  `city_id` int(11) DEFAULT NULL,
  `tc_name` varchar(30) NOT NULL,
  `tc_location` varchar(30) NOT NULL,
  `from_way_beacon_id` varchar(20) DEFAULT NULL,
  `to_way_beacon_id` varchar(20) DEFAULT NULL,
  `from_way_no_of_lanes` varchar(10) DEFAULT NULL,
  `from_way_no_of_bmt_lanes` varchar(50) NOT NULL,
  `tc_created_date` datetime NOT NULL,
  `status_flag` tinyint(1) NOT NULL DEFAULT '1',
  `from_way_location` varchar(20) NOT NULL,
  `to_way_location` varchar(20) NOT NULL,
  `orr_from_way_location` varchar(255) DEFAULT NULL,
  `orr_to_way_location` varchar(255) DEFAULT NULL,
  `to_way_no_of_lanes` varchar(10) NOT NULL,
  `to_way_no_of_bmt_lanes` varchar(50) NOT NULL,
  `image_url` varchar(250) DEFAULT NULL,
  `lat` float DEFAULT '0',
  `lng` float DEFAULT '0',
  `to_lat` float DEFAULT NULL,
  `to_lag` float DEFAULT NULL,
  `address` varchar(250) DEFAULT NULL,
  `toll_type_id` varchar(4) DEFAULT NULL,
  `orr_from_way_beacon_id` varchar(20) DEFAULT NULL,
  `orr_to_way_beacon_id` varchar(20) DEFAULT NULL,
  `orr_from_way_no_of_lanes` varchar(10) DEFAULT NULL,
  `orr_from_way_no_of_bmt_lanes` varchar(10) DEFAULT NULL,
  `orr_to_way_no_of_lanes` varchar(10) DEFAULT NULL,
  `orr_to_way_no_of_bmt_lanes` varchar(10) DEFAULT NULL,
  PRIMARY KEY (`tc_id`),
  KEY `toll_type_id` (`toll_type_id`)
) ENGINE=InnoDB  DEFAULT CHARSET=latin1 AUTO_INCREMENT=53 ;

--
-- Dumping data for table `toll_center`
--

INSERT INTO `toll_center` (`tc_id`, `assigned_id`, `city_id`, `tc_name`, `tc_location`, `from_way_beacon_id`, `to_way_beacon_id`, `from_way_no_of_lanes`, `from_way_no_of_bmt_lanes`, `tc_created_date`, `status_flag`, `from_way_location`, `to_way_location`, `orr_from_way_location`, `orr_to_way_location`, `to_way_no_of_lanes`, `to_way_no_of_bmt_lanes`, `image_url`, `lat`, `lng`, `to_lat`, `to_lag`, `address`, `toll_type_id`, `orr_from_way_beacon_id`, `orr_to_way_beacon_id`, `orr_from_way_no_of_lanes`, `orr_from_way_no_of_bmt_lanes`, `orr_to_way_no_of_lanes`, `orr_to_way_no_of_bmt_lanes`) VALUES
(1, '1', NULL, 'dfdf', 'dsfsd', '25', NULL, '41', '2', '2016-06-21 18:19:16', 0, 'fggf', '', NULL, NULL, '', '', '', 0, 0, 0, 0, '', '1', '', '', NULL, NULL, NULL, NULL),
(2, '1', 1, 'HYD_1', 'kokapet', '3', '31', '2', '1', '2016-06-21 18:21:38', 0, 'Hyd_1_Entry1', 'Hyd_1_Exit1', 'Hyd_1_Entry2', 'Hyd_1_Exit2', '2', '1', '', 17.4483, 78.3915, 17.455, 78.3355, 'Madhapur, Hyderabad, Telangana, India', '2', '32', '33', '2', '1', '2', '1'),
(3, '1', 1, 'HYD_5', 'Dundigal', '15', '34', '2', '1', '2016-06-21 18:23:25', 0, 'Hyd_5_Entry1', 'Hyd_5_Exit1', 'Hyd_5_Entry2', 'Hyd_5_Exit2', '2', '1', '', 22.2587, 71.1924, 17.2559, 78.5518, 'Gujarat, India', '2', '4', '35', '2', '1', '2', '1'),
(4, '1', 1, 'HYD_17', 'Rajendra Nagar', '5', '88', '2', '1', '2016-07-01 15:51:57', 0, 'HYD_17_Entry1', 'HYD_17_Exit1', 'HYD_17_Entry2', 'HYD_17_Exit2', '2', '1', '', 17.3236, 78.3757, 17.3236, 78.3757, 'Rajendra Nagar Toll Booth, Rajendranagar mandal, Hyderabad, Telangana, India', '2', '89', '90', '2', '1', '2', '1'),
(5, '1', 1, 'HYD_18', 'APPA', '7', '91', '2', '1', '2016-07-01 16:04:11', 0, 'HYD_18_Entry1', 'HYD_18_Exit1', 'HYD_18_Entry2', 'HYD_18_Exit2', '2', '1', '', 28.5562, 77.1, 28.5603, 77.1195, 'Indira Gandhi International Airport, New Delhi, Delhi, India', '2', '92', '93', '2', '1', '2', '1'),
(6, '1', 1, 'dfdfdf', 'dsfdsfdf', '8', NULL, '4', '2', '2016-07-05 12:09:33', 1, 'dfd', '', '', '', '', '', '', 17.385, 78.4867, 16.9938, 79.2767, 'Hyderabad, Telangana, India', '2', '', '', '', '', '', ''),
(7, '1', 1, 'HYD_12', 'Bongulur', '9', '69', '2', '1', '2016-07-05 12:13:04', 0, 'HYD_12_Entry1', 'HYD_12_Exit1', 'HYD_12_Entry2', 'HYD_12_Exit2', '2', '1', '', 19.0964, 78.343, 19.0472, 78.4003, 'Nirmal, Telangana, India', '2', '70', '71', '2', '1', '2', '1'),
(8, '1', 1, 'burstfs', 'bombay', '10', NULL, '6', '4', '2016-07-05 12:14:22', 1, 'rocks', '', '', '', '', '', '', 15.9129, 79.74, 17.3849, 78.4802, 'Indian Institute Of Technology, Chennai, Tamil Nadu, India', '2', '', '', '', '', '', ''),
(9, '1', 1, 'rajendraentry1', 'rajendraentry1', '11', '12', '4', '1', '2016-07-08 15:15:34', 1, 'rajendraentry', 'gffgh', 'dsfsdf', 'cgg', '5', '2', '', 0, 0, 0, 0, '', '2', '', '', '4', '4', '4', '2'),
(10, '1', 1, 'sss', 'sss', '16', '20', '4', '2', '2016-07-21 13:37:10', 1, 'sfds', 'sfds1', 'one1', 'two12', '4', '2', '', 0, 0, 0, 0, '', '2', '', '', '4', '2', '4', '2'),
(11, '1', 1, 'HYD_6A', 'Medchal', '17', '24', '2', '1', '2016-07-21 14:47:56', 0, 'Hyd_6A_Entry1', 'Hyd_6A_Exit1', 'Hyd_6A_Entry2', 'Hyd_6A_Exit2', '2', '1', '', 17.6302, 78.4842, 17.5871, 78.5248, 'Medchal, Secunderabad, Telangana, India', '2', '55', '56', '2', '1', '2', '1'),
(12, '1', 1, 'HYD_2', 'Edulanagulapally', '18', '48', '2', '1', '2016-07-21 14:50:05', 0, 'Hyd_2_Entry1', 'Hyd_2_Exit1', 'Hyd_2_Entry2', 'Hyd_2_Exit2', '2', '1', '', 17.4568, 78.2334, 17.4633, 78.2947, 'Edulanagulapalle, Telangana, India', '2', '49', '50', '2', '1', '2', '1'),
(14, '1', 1, 'HYD_19', 'Nanakramguda', '26', '94', '8', '1', '2016-07-25 18:07:17', 0, 'HYD_19_Entry', 'HYD_19_Exit', '', '', '8', '1', '', 0, 0, 0, 0, '', '2', '', '', '', '', '', ''),
(15, '1', 1, 'HYD_16', 'Shamshabad', '84', '85', '2', '1', '2016-07-25 18:49:55', 0, 'HYD_16_Entry1', 'HYD_16_Exit1', 'HYD_16_Entry2', 'HYD_16_Exit2', '2', '1', '', 0, 0, 0, 0, '', '2', '86', '87', '2', '1', '2', '1'),
(16, '1', 1, 'HYD_15', 'Pedda Golconda', '80', '81', '2', '1', '2016-07-25 18:59:29', 0, 'HYD_15_Entry1', 'HYD_15_Exit1', 'HYD_15_Entry2', 'HYD_15_Exit2', '2', '1', '', 0, 0, 0, 0, '', '2', '82', '83', '2', '1', '2', '1'),
(17, '1', 1, 'HYD_14', 'Tukkuguda', '76', '77', '2', '1', '2016-07-25 19:12:32', 0, 'HYD_14_Entry1', 'HYD_14_Exit1', 'HYD_14_Entry2', 'HYD_14_Exit2', '2', '1', '', 0, 0, 0, 0, '', '2', '78', '79', '2', '1', '2', '1'),
(18, '1', 1, 'HYD_13', 'Raviryal', '72', '73', '2', '1', '2016-07-25 19:44:11', 0, 'HYD_13_Entry1', 'HYD_13_Exit1', 'HYD_13_Entry2', 'HYD_13_Exit2', '2', '1', '', 0, 0, 0, 0, '', '2', '74', '75', '2', '1', '2', '1'),
(19, '1', 1, 'HYD_11', 'Pedda Amberpet', '65', '66', '2', '1', '2016-07-25 20:01:49', 0, 'Hyd_11_Entry1', 'Hyd_11_Exit1', 'Hyd_11_Entry2', 'Hyd_11_Exit2', '2', '1', '', 0, 0, 0, 0, '', '2', '67', '68', '2', '1', '2', '1'),
(20, '1', 1, 'HYD_10', 'Taramatipet', '61', '62', '2', '1', '2016-07-25 20:16:54', 0, 'HYD_10_Entry1', 'HYD_10_Exit1', 'HYD_10_Entry2', 'HYD_10_Exit2', '2', '1', '', 0, 0, 0, 0, '', '2', '63', '64', '2', '1', '2', '1'),
(21, '1', 1, 'HYD_9', 'Ghatkesar', '57', '58', '2', '1', '2016-07-25 20:23:06', 0, 'Hyd_9_Entry1', 'Hyd_9_Exit1', 'Hyd_9_Entry2', 'Hyd_9_Exit2', '2', '1', '', 0, 0, 0, 0, '', '2', '59', '60', '2', '1', '2', '1'),
(22, '1', 1, 'HYD_3', 'Patancheru', '51', '52', '2', '1', '2016-07-25 20:58:03', 0, 'Hyd_3_Entry1', 'Hyd_3_Exit1', 'Hyd_3_Entry2', 'Hyd_3_Exit2', '2', '1', '', 0, 0, 0, 0, '', '2', '53', '54', '2', '1', '2', '1'),
(23, '1', 3, 'testn1', 'testl1', NULL, NULL, '4', '3', '2016-08-01 15:21:35', 1, 'test1', '', '', '', '', '', '', 50.1109, 8.68213, 27.9071, 28.2211, 'Frankfurt, Germany', '2', '', '', '', '', '', ''),
(24, '1', 3, 'testn2', 'testl2', NULL, NULL, '2', '1', '2016-08-01 15:22:20', 1, 'test2', '', '', '', '', '', '', 9.98164, 76.2999, 9.97274, 76.708, 'Ernakulam, Kerala, India', '2', '', '', '', '', '', ''),
(25, '1', 4, 'testn3', 'test3l', NULL, NULL, '6', '3', '2016-08-01 15:23:04', 1, 'test3', '', '', '', '', '', '', 19.2465, -99.1013, 19.0384, -97.7204, 'Federal District, Mexico', '2', '', '', '', '', '', ''),
(26, '1', 5, 'Test4n', 'test4l', NULL, NULL, '9', '5', '2016-08-01 15:25:11', 1, 'test4', '', '', '', '', '', '', 47.1625, 19.5033, 47.143, 9.16466, 'Hungary', '2', '', '', '', '', '', ''),
(27, '1', 7, 'test5n', 'test5l', NULL, NULL, '6', '5', '2016-08-01 15:25:55', 1, 'test5', '', '', '', '', '', '', 37.4316, -78.6569, 37.6643, -70.1127, 'Virginia, United States', '2', '', '', '', '', '', ''),
(28, '1', 9, 'testing', 'testing', NULL, NULL, '5', '2', '2016-08-01 15:47:45', 1, 'test', '', '', '', '', '', '', 45.9432, 24.9668, 46.2824, 1.10275, 'Romania', '2', '', '', '', '', '', ''),
(29, '1', 1, 'fg', 'fg', '27', '28', '4', '2', '2016-08-02 16:06:19', 1, 'fdsjlfj', 'dksjflk', 'fskdlfjk', 'fskldfkjsl', '4', '2', '', 0, 0, 0, 0, '', '2', '29', '30', '4', '2', '4', '2'),
(30, '1', 2, 'Blr_1', 'BlrKokapet', NULL, NULL, '4', '1', '2016-08-04 17:16:22', 1, 'Blr_1', 'Blr_2', 'Blr_3', 'Blr_4', '4', '1', '', 0, 0, 0, 0, '', '2', NULL, NULL, '4', '1', '4', '1'),
(31, '1', 2, 'Blr_2', 'BlrEdulanagulapally', NULL, NULL, '4', '1', '2016-08-04 17:17:59', 1, 'Blr_1', 'Blr_2', 'Blr_3', 'Blr_4', '4', '1', '', 0, 0, 0, 0, '', '2', NULL, NULL, '4', '1', '4', '1'),
(32, '1', 2, 'Blr_3', 'BlrPatancheru', NULL, NULL, '4', '1', '2016-08-04 17:19:21', 1, 'Blr_1', 'Blr_2', 'Blr_3', 'Blr_4', '4', '1', '', 0, 0, 0, 0, '', '2', NULL, NULL, '4', '1', '4', '1'),
(33, '1', 2, 'Blr_4', 'BlrSultanpur', NULL, NULL, '4', '1', '2016-08-04 17:20:45', 1, 'Blr_1', 'Blr_2', 'Blr_3', 'Blr_4', '4', '1', '', 0, 0, 0, 0, '', '2', NULL, NULL, '4', '1', '4', '1'),
(34, '1', 2, 'Blr_5', 'BlrDundigal', NULL, NULL, '4', '1', '2016-08-04 17:26:42', 1, 'Blr_1', 'Blr_2', 'Blr_3', 'Blr_4', '4', '1', '', 0, 0, 0, 0, '', '2', NULL, NULL, '4', '1', '4', '1'),
(35, '1', 2, 'Blr_6a', 'BlrMedchal', NULL, NULL, '4', '1', '2016-08-04 17:28:14', 1, 'Blr_1', 'Blr_2', 'Blr_3', 'Blr_4', '4', '1', '', 0, 0, 0, 0, '', '2', NULL, NULL, '4', '1', '4', '1'),
(36, '1', 2, 'Blr_6B', 'BlrKandlakoya', NULL, NULL, '4', '1', '2016-08-04 17:30:50', 1, 'Blr_1', 'Blr_2', 'Blr_3', 'Blr_4', '4', '1', '', 0, 0, 0, 0, '', '2', NULL, NULL, '4', '1', '4', '1'),
(37, '1', 2, 'Blr_7', 'BlrShamirpet', NULL, NULL, '4', '1', '2016-08-04 17:32:24', 1, 'Blr_1', 'Blr_2', 'Blr_3', 'Blr_4', '4', '1', '', 0, 0, 0, 0, '', '2', NULL, NULL, '4', '1', '4', '1'),
(38, '1', 2, 'Blr_9', 'BlrGhatkesar', NULL, NULL, '4', '1', '2016-08-04 17:34:00', 1, 'Blr_1', 'Blr_2', 'Blr_3', 'Blr_4', '4', '1', '', 0, 0, 0, 0, '', '2', NULL, NULL, '4', '1', '4', '1'),
(39, '1', 2, 'Blr_10', 'BlrTaramatipet', NULL, NULL, '4', '1', '2016-08-04 17:35:33', 1, 'Blr_1', 'Blr_2', 'Blr_3', 'Blr_4', '4', '1', '', 0, 0, 0, 0, '', '2', NULL, NULL, '4', '1', '4', '1'),
(40, '1', 2, 'Blr_11', 'BlrPedda Amberpet', NULL, NULL, '4', '1', '2016-08-04 17:37:06', 1, 'Blr_1', 'Blr_2', 'Blr_3', 'Blr_4', '4', '1', '', 0, 0, 0, 0, '', '2', NULL, NULL, '4', '1', '4', '1'),
(41, '1', 2, 'Blr_12', 'BlrBongulur', NULL, NULL, '4', '1', '2016-08-04 17:38:31', 1, 'Blr_1', 'Blr_2', 'Blr_3', 'Blr_4', '4', '1', '', 0, 0, 11.3915, 73.114, '', '2', NULL, NULL, '4', '1', '4', '1'),
(42, '1', 2, 'Blr_13', 'BlrRaviryal', NULL, NULL, '4', '1', '2016-08-04 17:39:55', 1, 'Blr_1', 'Blr_2', 'Blr_3', 'Blr_4', '4', '1', '', 0, 0, 0, 0, '', '2', NULL, NULL, '4', '1', '4', '1'),
(43, '1', 2, 'Blr_14', 'BlrTukkuguda', NULL, NULL, '4', '1', '2016-08-04 17:41:16', 1, 'Blr_1', 'Blr_2', 'Blr_3', 'Blr_4', '4', '1', '', 0, 0, 0, 0, '', '2', NULL, NULL, '4', '1', '4', '1'),
(44, '1', 2, 'Blr_15', 'BlrPedda Golconda', NULL, NULL, '4', '1', '2016-08-04 17:42:33', 1, 'Blr_1', 'Blr_2', 'Blr_3', 'Blr_4', '4', '1', '', 0, 0, 0, 0, '', '2', NULL, NULL, '4', '1', '4', '1'),
(45, '1', 2, 'Blr_16', 'BlrShamshabad', NULL, NULL, '4', '1', '2016-08-04 17:44:04', 1, 'Blr_1', 'Blr_2', 'Blr_3', 'Blr_4', '4', '1', '', 0, 0, 0, 0, '', '2', NULL, NULL, '4', '1', '4', '1'),
(46, '1', 2, 'blr_17', 'BlrRajendra Nagar', NULL, NULL, '4', '1', '2016-08-04 17:45:20', 1, 'Blr_1', 'Blr_2', 'Blr_3', 'Blr_4', '4', '1', '', 0, 0, 0, 0, '', '2', NULL, NULL, '4', '1', '4', '1'),
(47, '1', 2, 'Blr_18', 'BlrAppa', NULL, NULL, '4', '1', '2016-08-04 17:46:44', 1, 'Blr_1', 'Blr_2', 'Blr_3', 'Blr_4', '4', '1', '', 0, 0, 0, 0, '', '2', NULL, NULL, '4', '1', '4', '1'),
(48, '1', 2, 'Blr_19', 'BlrNanakramguda', NULL, NULL, '4', '1', '2016-08-04 17:47:54', 1, 'Blr_1', 'Blr_2', 'Blr_3', 'Blr_4', '4', '1', '', 0, 0, 0, 0, '', '2', NULL, NULL, '4', '1', '4', '1'),
(49, '1', 4, 'Mum_1', 'YousufGuda', '36', '37', '4', '1', '2016-08-13 08:54:32', 0, 'YousufGuda', 'Madhuranagar', 'Yousufguda1', 'SrinagarColony', '4', '1', '', 0, 0, 0, 0, '', '2', '38', '39', '4', '1', '4', '1'),
(50, '1', 4, 'Mum_2', 'Madhuranagar', '40', '41', '4', '1', '2016-08-13 09:14:16', 0, 'Madhuranagar', 'YousufGuda', 'Madhuranagar1', 'Ameerpet', '4', '1', '', 0, 0, 0, 0, '', '2', '42', '43', '4', '1', '4', '1'),
(51, '1', 4, 'Mum_3', 'Ameerpet', '44', '45', '4', '1', '2016-08-13 09:26:08', 0, 'Ameerpet', 'Madhuranagar', 'Ameerpet1', 'Yousufguda', '4', '1', '', 0, 0, 0, 0, '', '2', '46', '47', '4', '1', '4', '1');

-- --------------------------------------------------------

--
-- Table structure for table `toll_charge`
--

CREATE TABLE IF NOT EXISTS `toll_charge` (
  `tcharge_id` int(10) NOT NULL AUTO_INCREMENT,
  `assigned_id` int(10) NOT NULL,
  `tc_id` varchar(10) NOT NULL,
  `type_id` varchar(30) NOT NULL,
  `one_way_charge` varchar(10) NOT NULL,
  `two_way_charge` varchar(10) NOT NULL,
  `multi_way_charge` varchar(10) NOT NULL,
  `orr_charges` varchar(11) DEFAULT NULL,
  `tcharge_created_date` datetime NOT NULL,
  `status_flag` tinyint(1) NOT NULL DEFAULT '0',
  PRIMARY KEY (`tcharge_id`)
) ENGINE=InnoDB  DEFAULT CHARSET=latin1 AUTO_INCREMENT=12 ;

--
-- Dumping data for table `toll_charge`
--

INSERT INTO `toll_charge` (`tcharge_id`, `assigned_id`, `tc_id`, `type_id`, `one_way_charge`, `two_way_charge`, `multi_way_charge`, `orr_charges`, `tcharge_created_date`, `status_flag`) VALUES
(1, 1, '21', '1', '10', '20', '30', '0', '2016-05-19 12:10:59', 0),
(2, 1, '1', '6', '11', '23', '34', '0', '2016-05-19 16:05:10', 0),
(3, 1, '2', '5', '135', '0', '0', '0', '2016-05-19 17:40:11', 0),
(4, 1, '2', '4', '0', '0', '0', '135', '2016-05-19 17:44:57', 0),
(6, 1, '20', '1', '45', '45', '63', '', '2016-06-10 10:53:25', 0),
(7, 1, '24', '1', '45', '45', '45', '', '2016-06-10 10:54:31', 0),
(8, 1, '26', '1', '', '', '', '4545', '2016-06-10 10:59:55', 0),
(9, 1, '27', '1', '', '', '', '45', '2016-06-10 11:00:41', 0),
(10, 1, '30', '1', '45', '50', '55', NULL, '0000-00-00 00:00:00', 0),
(11, 1, '1', '1', '45', '55', '66', '', '2016-07-25 15:40:45', 0);

-- --------------------------------------------------------

--
-- Table structure for table `toll_staff`
--

CREATE TABLE IF NOT EXISTS `toll_staff` (
  `ts_id` int(10) NOT NULL AUTO_INCREMENT,
  `assigned_id` int(10) NOT NULL,
  `roll_id` int(1) NOT NULL,
  `tc_id` varchar(255) NOT NULL,
  `first_name` varchar(30) NOT NULL,
  `last_name` varchar(20) NOT NULL,
  `email_id` varchar(30) NOT NULL,
  `password` varchar(30) NOT NULL,
  `mobile_no` varchar(10) NOT NULL,
  `profile_img` varchar(255) DEFAULT NULL,
  `auth_token` varchar(40) DEFAULT NULL,
  `created_date` datetime NOT NULL,
  `email_flag` tinyint(1) DEFAULT NULL,
  `status_flag` tinyint(1) NOT NULL DEFAULT '0',
  PRIMARY KEY (`ts_id`)
) ENGINE=InnoDB  DEFAULT CHARSET=latin1 AUTO_INCREMENT=215 ;

--
-- Dumping data for table `toll_staff`
--

INSERT INTO `toll_staff` (`ts_id`, `assigned_id`, `roll_id`, `tc_id`, `first_name`, `last_name`, `email_id`, `password`, `mobile_no`, `profile_img`, `auth_token`, `created_date`, `email_flag`, `status_flag`) VALUES
(1, 0, 1, '', 'Super', 'Admin', 'superadmin@bookmytoll.com', 'superadmin', '1111111111', NULL, '834a41369d73aba5ec2ef9ceee4f17bf', '0000-00-00 00:00:00', NULL, 0),
(18, 1, 3, '3', 'semiadmin', '1', 'semiadmin@gmail.com', 'semiadmin', '7539510258', NULL, '7a24ffcf9899771c9ffacae610a67f84', '2016-06-21 18:07:54', NULL, 0),
(19, 151, 4, '3', 'staff', '1', 'staff1@gmail.com', 'staff1', '9638527410', NULL, 'df8804c14f1acf5d19906cd31ef01371', '2016-06-21 18:08:38', NULL, 0),
(30, 1, 3, '8', 'bombay', 'semiadmin', 'bombaysemiadmin@bmt.com', 'bombaysemiadmin', '3216549873', NULL, '760632de53c5c39792dc247984d859cb', '2016-07-05 12:17:40', NULL, 1),
(31, 30, 4, '8', 'bombay', 'staff', 'bombaystaff@bmt.com', 'bombaystaff', '9876543219', NULL, '891f879fa2371b12c566cabbbb6ecefe', '2016-07-05 12:19:07', NULL, 1),
(33, 1, 3, '11', 'medchal', 'med', 'medchalsa@gmail.com', 'medchalsa', '9879874562', NULL, '4b5c227c59d3ed5fbda521ce7463cf73', '2016-07-21 15:42:49', NULL, 1),
(35, 1, 3, '13', 'Admin', 'Details', 'peddaamberpetsa@gmail.com', 'peddaamberpetsa', '6546541235', NULL, 'a5588e60dd8f2fceb8bf9a153bacba18', '2016-07-21 15:44:33', NULL, 0),
(36, 35, 4, '13', 'Staff', 'Details', 'pastaff@gmail.com', 'pastaff', '6545664555', NULL, 'c8772bd2ae55f59f1711be2757ed2f6b', '2016-07-21 15:45:42', NULL, 0),
(38, 151, 4, '11', 'Staff', 'Details', 'medchalstaff@gmail.com', 'medchalstaff', '1593674125', NULL, '6fadbc9f7edd997216d093004083c815', '2016-07-21 15:49:05', NULL, 0),
(39, 151, 4, '11', 'Staff', 'Details', 'medchalstaff2@gmail.com', 'medchalstaff2', '4563214569', NULL, '5ddcc84d9c31806c50a0b7ed19fb8d95', '2016-07-21 16:03:14', NULL, 0),
(40, 151, 4, '3', 'Details', 'Staff', 'staff4@gmail.com', 'staff4', '1595115951', NULL, 'c863964a187041f1e9f3141905b345c6', '2016-07-22 20:28:26', NULL, 0),
(41, 1, 3, '1', 'nh', 'semi', 'nhsa@gmail.com', 'nhsa', '3322663322', NULL, '6f055e08037eb36f37fdad8ea33b77b4', '2016-07-25 15:35:28', NULL, 0),
(42, 41, 4, '1', 'nh', 'stst', 'nhst@gmail.com', 'nhst', '9966553322', NULL, '84b6b075f82788c4aa843761b74f02fe', '2016-07-25 15:36:09', NULL, 0),
(103, 1, 3, '27', 'chennai', 'semiadmin', 'chennai@semiadmin.com', 'chennai', '9988778899', NULL, 'cdf4f58ae3a4b5212a2ef0585383561d', '2016-08-01 15:31:06', NULL, 1),
(104, 1, 3, '23,24', 'delhi', 'semiadmin', 'delhi@semiadmin.com', 'delhi', '1122332211', NULL, NULL, '2016-08-01 15:32:21', NULL, 1),
(105, 1, 2, '25', 'mumbai', 'semiadmin', 'mumbai@semiadmin.com', 'mumbai', '4455665544', NULL, NULL, '2016-08-01 15:34:23', NULL, 1),
(106, 1, 3, '26', 'noida', 'semiadmin', 'noida@semiadmin.com', 'noida', '9955115599', NULL, NULL, '2016-08-01 15:35:08', NULL, 1),
(107, 1, 3, '27,23,24,25,26', 'mumbai', 'semiadmin', 'mumbai2@semiadmin.com', 'mumbai2', '7755335177', NULL, '70ca3f03c22c1fba18c4bf7246d7e714', '2016-08-01 15:36:57', NULL, 0),
(108, 1, 3, '27,25,26', 'qwer', 'qwer', 'qwer@qwer.com', 'qwer', '7744112255', NULL, NULL, '2016-08-01 15:45:36', NULL, 1),
(109, 1, 3, '28', 'Semi', 'Admin', 'semi@admin.com', 'semi', '7896547896', NULL, NULL, '2016-08-01 15:50:02', NULL, 1),
(110, 1, 3, '28', 'test', 'test', 'test@test2.com', 'test', '1236541236', NULL, NULL, '2016-08-01 15:51:00', NULL, 1),
(111, 107, 4, '27', 'chennai', 'Staff1', 'chennai@staff1.com', 'chennai', '9988556699', NULL, '79a496be25998b600ab420e6b058a9b2', '2016-08-01 16:11:33', NULL, 1),
(112, 107, 4, '27', 'chennai', 'Staff2', 'chennai@staff2.com', 'chennai', '3322114141', NULL, 'a06007e1e0f01b43544be4a9ca2467cb', '2016-08-01 16:12:24', NULL, 1),
(113, 1, 3, '4', 'test32', 'test32', 'test32@rajnagar.com', 'test32', '4455221144', NULL, 'b4e73100d3629fad3fd665e80641f7fa', '2016-08-02 10:30:51', NULL, 0),
(114, 1, 3, '47,41,34,31,38,36,30,35,48,32,40,44,46,42,37,45,33,39,43', 'blr_sa', 'orr', 'blr_sa_orr@bookmytoll.com', 'blr_sa_orr', '9898989898', NULL, '4880b0bb1494397e936d5071866daf6d', '2016-08-04 18:01:02', NULL, 0),
(115, 114, 4, '30', 'blr_ts', 'orr_1', 'blr_ts_orr_1@bookmytoll.com', 'blr_ts_orr_1', '9797979797', NULL, NULL, '2016-08-04 18:03:29', NULL, 1),
(116, 114, 4, '31', 'blr_ts', 'orr_2', 'blr_ts_orr_2@bookmytoll.com', 'blr_ts_orr_2', '9696969696', NULL, NULL, '2016-08-04 18:06:03', NULL, 1),
(117, 114, 4, '32', 'blr_ts', 'orr_3', 'blr_ts_orr_3@bookmytoll.com', 'blr_ts_orr_3', '9595959595', NULL, NULL, '2016-08-04 18:07:53', NULL, 1),
(118, 114, 4, '33', 'blr_ts', 'orr_4', 'blr_ts_orr_4@bookmytoll.com', 'blr_ts_orr_4', '9393939393', NULL, NULL, '2016-08-04 18:08:47', NULL, 1),
(119, 114, 4, '34', 'blr_ts', 'orr_5', 'blr_ts_orr_5@bookmytoll.com', 'blr_ts_orr_5', '9292929292', NULL, NULL, '2016-08-04 18:09:31', NULL, 1),
(120, 114, 4, '35', 'blr_ts', 'orr_6a', 'blr_ts_orr_6a@bookmytoll.com', 'blr_ts_orr_6a', '9191919191', NULL, NULL, '2016-08-04 18:10:47', NULL, 1),
(121, 114, 4, '36', 'blr_ts', 'orr_6b', 'blr_ts_orr_6b@bookmytoll.com', 'blr_ts_orr_6b', '9090909090', NULL, NULL, '2016-08-04 18:11:30', NULL, 1),
(122, 114, 4, '37', 'blr_ts', 'orr_7', 'blr_ts_orr_7@bookmytoll.com', 'blr_ts_orr_7', '8989898989', NULL, NULL, '2016-08-04 18:12:15', NULL, 1),
(123, 114, 4, '38', 'blr_ts', 'orr_9', 'blr_ts_orr_9@bookmytoll.com', 'blr_ts_orr_9', '8787878787', NULL, NULL, '2016-08-04 18:21:22', NULL, 1),
(124, 114, 4, '39', 'blr_ts', 'orr_10', 'blr_ts_orr_10@bookmytoll.com', 'blr_ts_orr', '8686868686', NULL, NULL, '2016-08-04 18:22:26', NULL, 1),
(125, 114, 4, '40', 'blr_ts', 'orr_11', 'blr_ts_orr_11@bookmytoll.com', 'blr_ts_orr_11', '8585858585', NULL, 'a690ab5edd6c1a10ca81694e8e76e578', '2016-08-04 18:23:35', NULL, 1),
(126, 114, 4, '41', 'blr_ts', 'orr_12', 'blr_ts_orr_12@bookmytoll.com', 'blr_ts_orr_12', '8484848484', NULL, NULL, '2016-08-04 18:24:18', NULL, 1),
(127, 114, 4, '42', 'blr_ts', 'orr_13', 'blr_ts_orr_13@bookmytoll.com', 'blr_ts_orr_13', '8383838383', NULL, '52d4db26084dcd94d680cd1cfdbb9b2a', '2016-08-04 18:27:25', NULL, 1),
(128, 114, 4, '43', 'blr_ts', 'orr_14', 'blr_ts_orr_14@bookmytoll.com', 'blr_ts_orr_14', '8282828282', NULL, '82aaa9190e8e6b9afe67ea3539bc41b5', '2016-08-04 18:28:08', NULL, 1),
(129, 114, 4, '44', 'blr_ts', 'orr_15', 'blr_ts_orr_15@bookmytoll.com', 'blr_ts_orr_15', '8181818181', NULL, NULL, '2016-08-04 18:29:11', NULL, 1),
(130, 114, 4, '45', 'blr_ts', 'orr_16', 'blr_ts_orr_16@bookmytoll.com', 'blr_ts_orr_16', '8080808080', NULL, 'bd7dd8ab69625f9e54b42bca55856bd8', '2016-08-04 18:30:05', NULL, 1),
(131, 114, 4, '46', 'blr_ts', 'orr_17', 'blr_ts_orr_17@bookmytoll.com', 'blr_ts_orr_17', '7979797979', NULL, '5ca5d749f70fb69241644e6ac4e3a382', '2016-08-04 18:30:49', NULL, 1),
(132, 114, 4, '47', 'blr_ts', 'orr_18', 'blr_ts_orr_18@bookmytoll.com', 'blr_ts_orr_18', '7878787878', NULL, 'd7a02bdd3c249948679f5b925bd4d9bf', '2016-08-04 18:31:35', NULL, 1),
(133, 114, 4, '48', 'blr_ts', 'orr_19', 'blr_ts_orr_19@bookmytoll.com', 'blr_ts_orr_19', '7676767676', NULL, 'debfb1afeea2f6b79b90c4bf4dc37f0e', '2016-08-04 18:32:19', NULL, 1),
(134, 151, 4, '4', 'ts_11', 'orr_17', 'ts_11_orr_17@bookmytoll.com', 'ts_11_orr_17', '2327272727', NULL, '37f60dbc37993d9073ad8d5c2468b023', '2016-08-08 19:01:19', NULL, 0),
(135, 1, 3, '3,2', 'Semi', 'staff', 'semi@staff22.com', 'semi', '7788999988', NULL, 'd0f22b644246ad4bbf0e290cf8b466fe', '2016-08-12 12:11:53', NULL, 1),
(136, 151, 4, '3', 'dund', 'staff', 'dund@staff.com', 'dund', '1122333322', NULL, 'd1092e0bbc50ff599e69aadafeac80a4', '2016-08-12 12:12:56', NULL, 0),
(137, 1, 3, '51,50,49', 'sa_orr', 'Mumbai', 'mum_sa_orr@bookmytoll.com', 'mum_sa_orr', '1234123456', NULL, '65a7f5583681ed0e4c3426d9a5a77a12', '2016-08-13 13:37:20', NULL, 0),
(138, 137, 4, '49', 'ts_1', 'mum', 'mum_ts1_orr_1@bookmytoll.com', 'mum_ts1_orr_1', '4343434343', NULL, '196791f7dfc55fdae8093f905cae6a60', '2016-08-13 13:39:31', NULL, 0),
(139, 137, 4, '49', 'ts_2', 'Mumbai', 'mum_ts2_orr_1@bookmytoll.com', 'mum_ts2_orr_1', '4545454545', NULL, '1dcd6f30936f189492c910018ef77e57', '2016-08-13 13:41:44', NULL, 0),
(140, 137, 4, '49', 'ts_3', 'Mumbai', 'mum_ts3_orr_1@bookmytoll.com', 'mum_ts3_orr_1', '4646464646', NULL, 'f8afa90cc83cec7d0e927f6b60160ce1', '2016-08-13 13:42:33', NULL, 0),
(141, 137, 4, '49', 'ts_4', 'Mumbai', 'mum_ts4_orr_1@bookmytoll.com', 'mum_ts4_orr_1', '4747474747', NULL, '7af2a98b7c94a2e6885eb8348a3bdfef', '2016-08-13 13:43:20', NULL, 0),
(142, 137, 4, '50', 'ts_1_orr_2', 'Mumbai', 'mum_ts1_orr_2@bookmytoll.com', 'mum_ts1_orr_2', '4848484848', NULL, '25187f120b95d04f7ec9076f67ea9685', '2016-08-13 13:44:34', NULL, 0),
(144, 137, 4, '50', 'ts_2_orr_2', 'Mumbai', 'mum_ts2_orr_2@bookmytoll.com', 'mum_ts2_orr_2', '4949494949', NULL, '9a923b978c86432890c14cd1c78d66ea', '2016-08-13 13:48:18', NULL, 0),
(145, 137, 4, '50', 'ts_3_orr_2', 'Mumbai', 'mum_ts3_orr_2@bookmytoll.com', 'mum_ts3_orr_2', '5050505050', NULL, 'bcc522a0460a89a31ac6e099e1febac6', '2016-08-13 13:49:16', NULL, 0),
(146, 137, 4, '50', 'ts_4_orr_2', 'Mumbai', 'mum_ts4_orr_2@bookmytoll.com', 'mum_ts4_orr_2', '5151515151', NULL, '2381a33a6971353fbc54ff6b734f13f4', '2016-08-13 13:50:09', NULL, 0),
(147, 137, 4, '51', 'ts_1_orr_3', 'Mumbai', 'mum_ts1_orr_3@bookmytoll.com', 'mum_ts1_orr_3', '5252525252', NULL, '5d7f2e6dbcbf587a23f4442ac47317fe', '2016-08-13 13:51:12', NULL, 0),
(148, 137, 4, '51', 'ts_2_orr_3', 'Mumbai', 'mum_ts2_orr_3@bookmytoll.com', 'mum_ts2_orr_3', '5353535353', NULL, 'c4a6b3b0168e9d5924e13e8117d452d6', '2016-08-13 13:51:56', NULL, 0),
(149, 137, 4, '51', 'ts_3_orr_3', 'Mumbai', 'mum_ts3_orr_3@bookmytoll.com', 'mum_ts3_orr_3', '5454545454', NULL, 'd1ffd74b168b25fc4d52cfcd0645c208', '2016-08-13 13:53:07', NULL, 0),
(150, 137, 4, '51', 'ts_4_orr_3', 'Mumbai', 'mum_ts4_orr_3@bookmytoll.com', 'mum_ts4_orr_3', '5656565656', NULL, '4b0e77a1bbd3c3cc9dbd92e85bf33309', '2016-08-13 13:54:22', NULL, 0),
(151, 1, 3, '5,7,3,12,21,2,11,14,22,19,16,4,18,15,20,17', 'hyd_sa', 'orr', 'hyd_sa_orr@bookmytoll.com', 'hyd_sa_orr', '7070707070', NULL, '1b6de71bfafe95ffad93f383b8ab307f', '2016-08-14 20:54:19', NULL, 0),
(152, 151, 4, '2', 'hyd_ts1', 'orr_1', 'hyd_ts1_orr_1@bookmytoll.com', 'hyd_ts1_orr_1', '7070707071', NULL, '54e9102188a6930e7d38766fbaa19a48', '2016-08-15 10:37:51', NULL, 0),
(153, 151, 4, '2', 'hyd_ts2', 'orr_1', 'hyd_ts2_orr_1@bookmytoll.com', 'hyd_ts2_orr_1', '7070707072', NULL, NULL, '2016-08-15 10:38:35', NULL, 0),
(154, 151, 4, '2', 'hyd_ts3', 'orr_1', 'hyd_ts3_orr_1@bookmytoll.com', 'hyd_ts3_orr_1', '7070707073', NULL, NULL, '2016-08-15 10:39:27', NULL, 0),
(155, 151, 4, '2', 'hyd_ts4', 'orr_1', 'hyd_ts4_orr_1@bookmytoll.com', 'hyd_ts4_orr_1', '7070707074', NULL, NULL, '2016-08-15 10:41:25', NULL, 0),
(156, 151, 4, '12', 'hyd_ts1', 'orr_2', 'hyd_ts1_orr_2@bookmytoll.com', 'hyd_ts1_orr_2', '7070707075', NULL, NULL, '2016-08-15 10:44:56', NULL, 0),
(157, 151, 4, '12', 'hyd_ts2', 'orr_2', 'hyd_ts2_orr_2@bookmytoll.com', 'hyd_ts2_orr_2', '7070707076', NULL, NULL, '2016-08-15 10:46:17', NULL, 0),
(158, 151, 4, '12', 'hyd_ts3', 'orr_2', 'hyd_ts3_orr_2@bookmytoll.com', 'hyd_ts3_orr_2', '7070707077', NULL, NULL, '2016-08-15 10:46:54', NULL, 0),
(159, 151, 4, '12', 'hyd_ts4', 'orr_2', 'hyd_ts4_orr_2@bookmytoll.com', 'hyd_ts4_orr_2', '7070707078', NULL, NULL, '2016-08-15 10:47:58', NULL, 0),
(160, 151, 4, '22', 'hyd_ts1', 'orr_3', 'hyd_ts1_orr_3@bookmytoll.com', 'hyd_ts1_orr_3', '7070707079', NULL, NULL, '2016-08-15 10:49:37', NULL, 0),
(161, 151, 4, '22', 'hyd_ts3', 'orr_3', 'hyd_ts2_orr_3@bookmytoll.com', 'hyd_ts2_orr_3', '7070707080', NULL, NULL, '2016-08-15 10:51:27', NULL, 0),
(162, 151, 4, '22', 'hyd_ts3', 'orr_3', 'hyd_ts3_orr_3@bookmytoll.com', 'hyd_ts3_orr_3', '7070707081', NULL, NULL, '2016-08-15 10:52:46', NULL, 0),
(163, 151, 4, '22', 'hyd_ts4', 'orr_3', 'hyd_ts4_orr_3@bookmytoll.com', 'hyd_ts4_orr_3', '7070707082', NULL, NULL, '2016-08-15 10:53:36', NULL, 0),
(164, 151, 4, '3', 'hyd_ts1', 'orr_5', 'hyd_ts1_orr_5@bookmytoll.com', 'hyd_ts1_orr_5', '7070707083', NULL, NULL, '2016-08-15 10:55:04', NULL, 0),
(165, 151, 4, '3', 'hyd_ts2', 'orr_5', 'hyd_ts2_orr_5@bookmytoll.com', 'hyd_ts2_orr_5', '7070707084', NULL, NULL, '2016-08-15 10:56:01', NULL, 0),
(166, 151, 4, '3', 'hyd_ts3', 'orr_5', 'hyd_ts3_orr_5@bookmytoll.com', 'hyd_ts3_orr_5', '7070707085', NULL, NULL, '2016-08-15 10:57:07', NULL, 0),
(167, 151, 4, '3', 'hyd_ts4', 'orr_5', 'hyd_ts4_orr_5@bookmytoll.com', 'hyd_ts4_orr_5', '7070707086', NULL, NULL, '2016-08-15 10:59:33', NULL, 0),
(168, 151, 4, '11', 'hyd_ts1', 'orr_6a', 'hyd_ts1_orr_6a@bookmytoll.com', 'hyd_ts1_orr_6a', '7070707087', NULL, NULL, '2016-08-15 11:02:28', NULL, 0),
(169, 151, 4, '11', 'hyd_ts2', 'orr_6a', 'hyd_ts2_orr_6a@bookmytoll.com', 'hyd_ts2_orr_6a', '7070707088', NULL, NULL, '2016-08-15 11:05:27', NULL, 0),
(170, 151, 4, '11', 'hyd_ts3', 'orr_6a', 'hyd_ts3_orr_6a@bookmytoll.com', 'hyd_ts3_orr_6a', '7070707089', NULL, NULL, '2016-08-15 11:06:42', NULL, 0),
(171, 151, 4, '11', 'hyd_ts4', 'orr_6a', 'hyd_ts4_orr_6a@bookmytoll.com', 'hyd_ts4_orr_6a', '7070707090', NULL, NULL, '2016-08-15 11:07:38', NULL, 0),
(172, 151, 4, '21', 'hyd_ts1', 'orr_9', 'hyd_ts1_orr_9@bookmytoll.com', 'hyd_ts1_orr_9', '7070707091', NULL, NULL, '2016-08-15 11:09:25', NULL, 0),
(173, 151, 4, '21', 'hyd_ts2', 'orr_9', 'hyd_ts2_orr_9@bookmytoll.com', 'hyd_ts2_orr_9', '7070707092', NULL, NULL, '2016-08-15 11:10:19', NULL, 0),
(174, 151, 4, '21', 'hyd_ts3', 'orr_9', 'hyd_ts3_orr_9@bookmytoll.com', 'hyd_ts3_orr_9', '7070707093', NULL, NULL, '2016-08-15 11:11:35', NULL, 0),
(175, 151, 4, '21', 'hyd_ts4', 'orr_9', 'hyd_ts4_orr_9@bookmytoll.com', 'hyd_ts4_orr_9', '7070707094', NULL, NULL, '2016-08-15 11:12:26', NULL, 0),
(176, 151, 4, '20', 'hyd_ts1', 'orr_10', 'hyd_ts1_orr_10@bookmytoll.com', 'hyd_ts1_orr_10', '7070707095', NULL, NULL, '2016-08-15 11:13:15', NULL, 0),
(177, 151, 4, '20', 'hyd_ts2', 'orr_10', 'hyd_ts2_orr_10@bookmytoll.com', 'hyd_ts2_orr_10', '7070707096', NULL, NULL, '2016-08-15 11:18:35', NULL, 0),
(178, 151, 4, '20', 'hyd_ts3', 'orr_10', 'hyd_ts3_orr_10@bookmytoll.com', 'hyd_ts3_orr_10', '7070707097', NULL, NULL, '2016-08-15 11:19:26', NULL, 0),
(179, 151, 4, '20', 'hyd_ts4', 'orr_10', 'hyd_ts4_orr_10@bookmytoll.com', 'hyd_ts4_orr_10', '7070707098', NULL, NULL, '2016-08-15 11:20:20', NULL, 0),
(180, 151, 4, '19', 'hyd_ts1', 'orr_11', 'hyd_ts1_orr_11@bookmytoll.com', 'hyd_ts1_orr_11', '7070707099', NULL, 'dc108a3e7c826095771bd04c8b4f46c9', '2016-08-15 11:22:06', NULL, 0),
(181, 151, 4, '19', 'hyd_ts2', 'orr_11', 'hyd_ts2_orr_11@bookmytoll.com', 'hyd_ts2_orr_11', '7070707100', NULL, NULL, '2016-08-15 11:23:22', NULL, 0),
(182, 151, 4, '19', 'hyd_ts3', 'orr_11', 'hyd_ts3_orr_11@bookmytoll.com', 'hyd_ts3_orr_11', '7070707101', NULL, NULL, '2016-08-15 11:24:18', NULL, 0),
(183, 151, 4, '19', 'hyd_ts4', 'orr_11', 'hyd_ts4_orr_11@bookmytoll.com', 'hyd_ts4_orr_11', '7070707102', NULL, NULL, '2016-08-15 11:25:11', NULL, 0),
(184, 151, 4, '7', 'hyd_ts1', 'orr_12', 'hyd_ts1_orr_12@bookmytoll.com', 'hyd_ts1_orr_12', '7070707103', NULL, '9a7f56fa9034bd6128d09182f990fe2f', '2016-08-15 11:27:32', NULL, 0),
(185, 151, 4, '7', 'hyd_ts2', 'orr_12', 'hyd_ts2_orr_12@bookmytoll.com', 'hyd_ts2_orr_12', '7070707104', NULL, '82cbb73aaff23f48d1545f8d6311eda9', '2016-08-15 11:28:15', NULL, 0),
(186, 151, 4, '7', 'hyd_ts3', 'orr_12', 'hyd_ts3_orr_12@bookmytoll.com', 'hyd_ts3_orr_12', '7070707105', NULL, NULL, '2016-08-15 11:30:07', NULL, 0),
(187, 151, 4, '7', 'hyd_ts4', 'orr_12', 'hyd_ts4_orr_12@bookmytoll.com', 'hyd_ts4_orr_12', '7070707106', NULL, NULL, '2016-08-15 11:33:20', NULL, 0),
(188, 151, 4, '18', 'hyd_ts1', 'orr_13', 'hyd_ts1_orr_13@bookmytoll.com', 'hyd_ts1_orr_13', '7070707107', NULL, '785889d375353c2e5a3fd0f9454ad09b', '2016-08-15 11:34:29', NULL, 0),
(189, 151, 4, '18', 'hyd_ts2', 'orr_13', 'hyd_ts2_orr_13@bookmytoll.com', 'hyd_ts2_orr_13', '7070707108', NULL, 'ea971223a661ec4451ab4fab492e120a', '2016-08-15 11:35:14', NULL, 0),
(190, 151, 4, '18', 'hyd_ts3', 'orr_13', 'hyd_ts3_orr_13@bookmytoll.com', 'hyd_ts3_orr_13', '7070707109', NULL, 'cd7f4d0b92358e0415fcfd36ac07c721', '2016-08-15 11:35:59', NULL, 0),
(191, 151, 4, '18', 'hyd_ts4', 'orr_13', 'hyd_ts4_orr_13@bookmytoll.com', 'hyd_ts4_orr_13', '7070707110', NULL, '5a0a130d0874c3a48a6ed09fd6ea97c6', '2016-08-15 11:36:50', NULL, 0),
(192, 151, 4, '17', 'hyd_ts1', 'orr_14', 'hyd_ts1_orr_14@bookmytoll.com', 'hyd_ts1_orr_14', '7070707111', NULL, '6f3c57d52b7095b4d367154643db87e3', '2016-08-15 11:37:48', NULL, 0),
(193, 151, 4, '17', 'hyd_ts2', 'orr_14', 'hyd_ts2_orr_14@bookmytoll.com', 'hyd_ts2_orr_14', '7070707112', NULL, '52bce4265a37a1cca5a8d0dbcc07c10b', '2016-08-15 11:38:30', NULL, 0),
(194, 151, 4, '17', 'hyd_ts3', 'orr_14', 'hyd_ts3_orr_14@bookmytoll.com', 'hyd_ts3_orr_14', '7070707113', NULL, '63983e5f6aaa760c5c1305724127fe87', '2016-08-15 11:39:22', NULL, 0),
(195, 151, 4, '17', 'hyd_ts4', 'orr_14', 'hyd_ts4_orr_14@bookmytoll.com', 'hyd_ts4_orr_14', '7070707114', NULL, '81a9ca844733ad9478da94129b5861c1', '2016-08-15 11:40:06', NULL, 0),
(196, 151, 4, '16', 'hyd_ts1', 'orr_15', 'hyd_ts1_orr_15@bookmytoll.com', 'hyd_ts1_orr_15', '7070707115', NULL, 'e74e0c19eaa2f5ab08888b8fb2dafe62', '2016-08-15 11:41:06', NULL, 0),
(197, 151, 4, '16', 'hyd_ts2', 'orr_15', 'hyd_ts2_orr_15@bookmytoll.com', 'hyd_ts2_orr_15', '7070707116', NULL, 'b262a63fa7d4c076b17458ecb514ec49', '2016-08-15 11:42:06', NULL, 0),
(198, 151, 4, '16', 'hyd_ts3', 'orr_15', 'hyd_ts3_orr_15@bookmytoll.com', 'hyd_ts3_orr_15', '7070707117', NULL, 'a8a1604461c9df5fef86c45667905165', '2016-08-15 11:43:15', NULL, 0),
(199, 151, 4, '16', 'hyd_ts4', 'orr_15', 'hyd_ts4_orr_15@bookmytoll.com', 'hyd_ts4_orr_15', '7070707118', NULL, 'f5a39255acefe04058294daa7a18409c', '2016-08-15 11:43:57', NULL, 0),
(200, 151, 4, '15', 'hyd_ts1', 'orr_16', 'hyd_ts1_orr_16@bookmytoll.com', 'hyd_ts1_orr_16', '7070707119', NULL, '3e47435321f1833235a225476ab8776b', '2016-08-15 11:45:02', NULL, 0),
(201, 151, 4, '15', 'hyd_ts2', 'orr_16', 'hyd_ts2_orr_16@bookmytoll.com', 'hyd_ts2_orr_16', '7070707120', NULL, 'aa72c18b7153fe95ebcdb26c0d4695b6', '2016-08-15 11:45:42', NULL, 0),
(202, 151, 4, '15', 'hyd_ts3', 'orr_16', 'hyd_ts3_orr_16@bookmytoll.com', 'hyd_ts3_orr_16', '7070707121', NULL, 'a366fb56f975919277d9a7fb2736d8bd', '2016-08-15 11:46:21', NULL, 0),
(203, 151, 4, '15', 'hyd_ts4', 'orr_16', 'hyd_ts4_orr_16@bookmytoll.com', 'hyd_ts4_orr_16', '7070707122', NULL, 'bbb925709f410f52a464fda4643957f7', '2016-08-15 11:47:23', NULL, 0),
(204, 151, 4, '4', 'hyd_ts1', 'orr_17', 'hyd_ts1_orr_17@bookmytoll.com', 'hyd_ts1_orr_17', '7070707123', NULL, '307f876897a6f24cdef8ad276d3956cf', '2016-08-15 11:53:00', NULL, 0),
(205, 151, 4, '4', 'hyd_ts2', 'orr_17', 'hyd_ts2_orr_17@bookmytoll.com', 'hyd_ts2_orr_17', '7070707124', NULL, 'f20837fa462134a2654ee6f29135388d', '2016-08-15 11:53:42', NULL, 0),
(206, 151, 4, '4', 'hyd_ts3', 'orr_17', 'hyd_ts3_orr_17@bookmytoll.com', 'hyd_ts3_orr_17', '7070707125', NULL, 'b6c120c60542938057bb217a745ac6aa', '2016-08-15 11:54:49', NULL, 0),
(207, 151, 4, '4', 'hyd_ts4', 'orr_17', 'hyd_ts4_orr_17@bookmytoll.com', 'hyd_ts4_orr_17', '7070707126', NULL, 'fc237bf46d014687bd0949d610ea5e36', '2016-08-15 11:55:41', NULL, 0),
(208, 151, 4, '5', 'hyd_ts1', 'orr_18', 'hyd_ts1_orr_18@bookmytoll.com', 'hyd_ts1_orr_18', '7070707127', NULL, '2cef5f000929ff390d50036b0a453933', '2016-08-15 11:56:47', NULL, 0),
(209, 151, 4, '5', 'hyd_ts2', 'orr_18', 'hyd_ts2_orr_18@bookmytoll.com', 'hyd_ts2_orr_18', '7070707128', NULL, 'cfee74cdfded98d1f2e3f6355e25372b', '2016-08-15 11:57:24', NULL, 0),
(210, 151, 4, '5', 'hyd_ts3', 'orr_18', 'hyd_ts3_orr_18@bookmytoll.com', 'hyd_ts3_orr_18', '7070707129', NULL, 'df497166ee3711f6046315e1655460dc', '2016-08-15 11:58:13', NULL, 0),
(211, 151, 4, '5', 'hyd_ts4', 'orr_18', 'hyd_ts4_orr_18@bookmytoll.com', 'hyd_ts4_orr_18', '7070707130', NULL, '2830584c1b65a7ee74e81f751fda7a34', '2016-08-15 11:58:49', NULL, 0),
(212, 151, 4, '14', 'hyd_ts1', 'orr_19', 'hyd_ts1_orr_19@bookmytoll.com', 'hyd_ts1_orr_19', '7070707131', NULL, 'dfc85e1453cc3f2a80c45f21ac1203fd', '2016-08-15 11:59:47', NULL, 0),
(213, 151, 4, '14', 'hyd_ts2', 'orr_19', 'hyd_ts2_orr_19@bookmytoll.com', 'hyd_ts2_orr_19', '7070707132', NULL, '23a7592457a005a3bce190e690843afa', '2016-08-15 12:00:32', NULL, 0),
(214, 113, 4, '4', 'test', 'Staff', 'teststa@gmail.com', 'teststa', '1155663355', NULL, 'ea0c0620fed47029d81068c1d637199a', '2016-08-18 12:43:06', NULL, 0);

-- --------------------------------------------------------

--
-- Table structure for table `toll_type`
--

CREATE TABLE IF NOT EXISTS `toll_type` (
  `toll_type_id` int(11) NOT NULL AUTO_INCREMENT,
  `toll_type_name` varchar(255) NOT NULL,
  `status` enum('0','1') NOT NULL DEFAULT '0' COMMENT '0: Active,1: Inactive',
  `created_date` datetime NOT NULL,
  `modified_date` timestamp NOT NULL DEFAULT CURRENT_TIMESTAMP ON UPDATE CURRENT_TIMESTAMP,
  PRIMARY KEY (`toll_type_id`)
) ENGINE=InnoDB  DEFAULT CHARSET=latin1 AUTO_INCREMENT=5 ;

--
-- Dumping data for table `toll_type`
--

INSERT INTO `toll_type` (`toll_type_id`, `toll_type_name`, `status`, `created_date`, `modified_date`) VALUES
(1, 'NH', '0', '2016-06-20 12:06:54', '2016-06-20 06:37:13'),
(2, 'ORR', '0', '2016-06-20 12:06:54', '2016-06-20 06:37:15');

-- --------------------------------------------------------

--
-- Table structure for table `transactions`
--

CREATE TABLE IF NOT EXISTS `transactions` (
  `transaction_id` int(11) NOT NULL AUTO_INCREMENT,
  `ts_id` int(10) DEFAULT NULL,
  `tc_id` int(10) DEFAULT NULL,
  `user_id` int(10) DEFAULT NULL,
  `type_id` int(11) DEFAULT NULL,
  `make_id` int(11) DEFAULT NULL,
  `model_id` int(11) DEFAULT NULL,
  `vehicle_id` int(10) DEFAULT NULL,
  `vehicle_no` varchar(100) DEFAULT NULL,
  `lane_id` varchar(255) DEFAULT NULL,
  `way_type` tinyint(1) DEFAULT NULL,
  `email_id` varchar(30) DEFAULT NULL,
  `reg_type` varchar(250) DEFAULT NULL,
  `toll_charge` float DEFAULT NULL,
  `paytm_charge` float DEFAULT NULL,
  `bmt_charge` float DEFAULT NULL,
  `total_amount` float DEFAULT NULL,
  `passing_status` tinyint(1) DEFAULT NULL,
  `paid_status` tinyint(1) DEFAULT NULL,
  `refund_status` tinyint(1) NOT NULL DEFAULT '0',
  `reference_id` varchar(255) DEFAULT NULL,
  `transaction_date` datetime DEFAULT NULL,
  UNIQUE KEY `transaction_id` (`transaction_id`)
) ENGINE=InnoDB  DEFAULT CHARSET=latin1 AUTO_INCREMENT=497 ;

--
-- Dumping data for table `transactions`
--

INSERT INTO `transactions` (`transaction_id`, `ts_id`, `tc_id`, `user_id`, `type_id`, `make_id`, `model_id`, `vehicle_id`, `vehicle_no`, `lane_id`, `way_type`, `email_id`, `reg_type`, `toll_charge`, `paytm_charge`, `bmt_charge`, `total_amount`, `passing_status`, `paid_status`, `refund_status`, `reference_id`, `transaction_date`) VALUES
(29, 27, 5, 131, 1, NULL, 30, 256, 'AP09 bw 4488', NULL, NULL, NULL, NULL, 10, NULL, 1, 11, 0, 0, 0, '969825', NULL),
(30, 27, 5, 131, 1, NULL, 30, 256, 'AP09 bw 4488', NULL, NULL, NULL, NULL, 10, NULL, 1, 11, 0, 0, 0, '652542', NULL),
(31, 27, 5, 131, 1, NULL, 30, 256, 'AP09 bw 4488', NULL, NULL, NULL, NULL, 10, NULL, 1, 11, 0, 0, 0, '459910', NULL),
(32, 27, 5, 131, 1, NULL, 30, 256, 'AP09 bw 4488', NULL, NULL, NULL, NULL, 10, NULL, 1, 11, 0, 0, 0, '132554', NULL),
(33, 27, 5, 131, 1, NULL, 30, 256, 'AP09 bw 4488', NULL, NULL, NULL, NULL, 10, NULL, 1, 11, 0, 0, 0, '447788', NULL),
(34, 27, 5, 131, 1, NULL, 30, 256, 'AP09 bw 4488', NULL, NULL, NULL, NULL, 10, NULL, 1, 11, 0, 0, 0, '170605', NULL),
(35, 27, 5, 131, 1, NULL, 30, 256, 'AP09 bw 4488', NULL, NULL, NULL, NULL, 10, NULL, 1, 11, 0, 0, 0, '507968', NULL),
(36, 27, 5, 131, 1, NULL, 30, 256, 'AP09 bw 4488', NULL, NULL, NULL, NULL, 10, NULL, 1, 11, 0, 0, 0, '175565', NULL),
(37, 27, 5, 131, 1, NULL, 30, 256, 'AP09 bw 4488', NULL, NULL, NULL, NULL, 10, NULL, 1, 11, 0, 0, 0, '397037', NULL),
(38, 27, 5, 131, 1, NULL, 30, 256, 'AP09 bw 4488', NULL, NULL, NULL, NULL, 10, NULL, 1, 11, 0, 0, 0, '955945', NULL),
(39, 27, 5, 131, 1, NULL, 30, 256, 'AP09 bw 4488', NULL, NULL, NULL, NULL, 10, NULL, 1, 11, 0, 0, 0, '329463', NULL),
(40, 27, 5, 131, 1, NULL, 30, 256, 'AP09 bw 4488', NULL, NULL, NULL, NULL, 10, NULL, 1, 11, 0, 0, 0, '498986', NULL),
(41, 27, 5, 23, 1, NULL, 6, 154, 'AP1234Hyt', NULL, NULL, NULL, NULL, 10, NULL, 1, 11, 0, 0, 0, '956036', NULL),
(42, 27, 5, 23, 1, NULL, 6, 154, 'AP1234Hyt', NULL, NULL, NULL, NULL, 10, NULL, 1, 11, 0, 0, 0, '235241', NULL),
(43, 27, 5, 131, 1, NULL, 30, 256, 'AP09 bw 4488', NULL, NULL, NULL, NULL, 10, NULL, 1, 11, 0, 0, 0, '131965', NULL),
(44, 27, 5, 23, 1, NULL, 6, 154, 'AP1234Hyt', NULL, NULL, NULL, NULL, 10, NULL, 1, 11, 0, 0, 0, '950037', NULL),
(45, 27, 5, 131, 1, NULL, 30, 256, 'AP09 bw 4488', NULL, NULL, NULL, NULL, 10, NULL, 1, 11, 0, 0, 0, '436873', NULL),
(46, 27, 5, 23, 1, NULL, 6, 154, 'AP1234Hyt', NULL, NULL, NULL, NULL, 10, NULL, 1, 11, 0, 0, 0, '166263', NULL),
(47, 27, 5, 23, 1, NULL, 6, 154, 'AP1234Hyt', NULL, NULL, NULL, NULL, 10, NULL, 1, 11, 0, 0, 0, '654595', NULL),
(48, 27, 5, 131, 1, NULL, 30, 256, 'AP09 bw 4488', NULL, NULL, NULL, NULL, 10, NULL, 1, 11, 0, 0, 0, '884786', NULL),
(49, 27, 5, 131, 1, NULL, 30, 256, 'AP09 bw 4488', NULL, NULL, NULL, NULL, 10, NULL, 1, 11, 0, 0, 0, '927223', NULL),
(50, 27, 5, 23, 1, NULL, 6, 154, 'AP1234Hyt', NULL, NULL, NULL, NULL, 10, NULL, 1, 11, 0, 0, 0, '234386', NULL),
(51, 27, 5, 131, 1, NULL, 30, 256, 'AP09 bw 4488', NULL, NULL, NULL, NULL, 10, NULL, 1, 11, 0, 0, 0, '488022', NULL),
(52, 27, 5, 23, 1, NULL, 6, 154, 'AP1234Hyt', NULL, NULL, NULL, NULL, 10, NULL, 1, 11, 0, 0, 0, '379241', NULL),
(53, 27, 5, 23, 1, NULL, 6, 154, 'AP1234Hyt', NULL, NULL, NULL, NULL, 10, NULL, 1, 11, 0, 0, 0, '277554', NULL),
(54, 27, 5, 23, 1, NULL, 6, 154, 'AP1234Hyt', NULL, NULL, NULL, NULL, 10, NULL, 1, 11, 0, 0, 0, '965303', NULL),
(55, 27, 5, 23, 1, NULL, 6, 154, 'AP1234Hyt', NULL, NULL, NULL, NULL, 10, NULL, 1, 11, 0, 0, 0, '519496', NULL),
(56, 27, 5, 23, 1, NULL, 6, 154, 'AP1234Hyt', NULL, NULL, NULL, NULL, 10, NULL, 1, 11, 0, 0, 0, '645153', NULL),
(57, 27, 5, 23, 1, NULL, 6, 154, 'AP1234Hyt', NULL, NULL, NULL, NULL, 10, NULL, 1, 11, 0, 0, 0, '371027', NULL),
(58, 27, 5, 23, 1, NULL, 6, 154, 'AP1234Hyt', NULL, NULL, NULL, NULL, 10, NULL, 1, 11, 0, 0, 0, '997999', NULL),
(59, 27, 5, 23, 1, NULL, 6, 154, 'AP1234Hyt', NULL, NULL, NULL, NULL, 10, NULL, 1, 11, 0, 0, 0, '686666', NULL),
(60, 27, 5, 23, 1, NULL, 6, 154, 'AP1234Hyt', NULL, NULL, NULL, NULL, 10, NULL, 1, 11, 0, 0, 0, '327438', NULL),
(61, 27, 5, 23, 1, NULL, 6, 154, 'AP1234Hyt', NULL, NULL, NULL, NULL, 10, NULL, 1, 11, 0, 0, 0, '577825', NULL),
(62, 27, 5, 23, 1, NULL, 6, 154, 'AP1234Hyt', NULL, NULL, NULL, NULL, 10, NULL, 1, 11, 0, 0, 0, '887408', NULL),
(63, 27, 5, 23, 1, NULL, 6, 154, 'AP1234Hyt', NULL, NULL, NULL, NULL, 10, NULL, 1, 11, 0, 0, 0, '535538', NULL),
(64, 27, 5, 23, 1, NULL, 6, 154, 'AP1234Hyt', NULL, NULL, NULL, NULL, 10, NULL, 1, 11, 0, 0, 0, '929572', NULL),
(65, 27, 5, 23, 1, NULL, 6, 154, 'AP1234Hyt', NULL, NULL, NULL, NULL, 10, NULL, 1, 11, 0, 0, 0, '476540', NULL),
(66, 27, 5, 23, 1, NULL, 6, 154, 'AP1234Hyt', NULL, NULL, NULL, NULL, 10, NULL, 1, 11, 0, 0, 0, '637489', NULL),
(67, 27, 5, 23, 1, NULL, 6, 154, 'AP1234Hyt', NULL, NULL, NULL, NULL, 10, NULL, 1, 11, 0, 0, 0, '854107', NULL),
(68, 27, 5, 131, 1, NULL, 30, 256, 'AP09 bw 4488', NULL, NULL, NULL, NULL, 10, NULL, 1, 11, 0, 0, 0, '846541', NULL),
(69, 27, 5, 23, 1, NULL, 6, 154, 'AP1234Hyt', NULL, NULL, NULL, NULL, 10, NULL, 1, 11, 0, 0, 0, '574039', NULL),
(70, 31, 8, 25, 1, NULL, 2, 79, '3', NULL, NULL, NULL, NULL, 5, NULL, 1, 6, 0, 0, 0, '548674', NULL),
(71, 31, 8, 131, 1, NULL, 30, 256, 'AP09 bw 4488', NULL, NULL, NULL, NULL, 5, NULL, 1, 6, 0, 0, 0, '505573', NULL),
(72, 31, 8, 131, 1, NULL, 30, 256, 'AP09 bw 4488', NULL, NULL, NULL, NULL, 5, NULL, 1, 6, 0, 0, 0, '154715', NULL),
(73, 31, 8, 131, 1, NULL, 30, 256, 'AP09 bw 4488', NULL, NULL, NULL, NULL, 5, NULL, 1, 6, 0, 0, 0, '125459', NULL),
(74, 31, 8, 131, 1, NULL, 30, 256, 'AP09 bw 4488', NULL, NULL, NULL, NULL, 5, NULL, 1, 6, 0, 0, 0, '880488', NULL),
(75, 31, 8, 131, 1, NULL, 30, 256, 'AP09 bw 4488', NULL, NULL, NULL, NULL, 5, NULL, 1, 6, 0, 0, 0, '924761', NULL),
(76, 31, 8, 131, 1, NULL, 30, 256, 'AP09 bw 4488', NULL, NULL, NULL, NULL, 5, NULL, 1, 6, 0, 0, 0, '951668', NULL),
(77, 31, 8, 131, 1, NULL, 30, 256, 'AP09 bw 4488', NULL, NULL, NULL, NULL, 5, NULL, 1, 6, 0, 0, 0, '413073', NULL),
(78, 31, 8, 131, 1, NULL, 30, 256, 'AP09 bw 4488', NULL, NULL, NULL, NULL, 5, NULL, 1, 6, 0, 0, 0, '575330', NULL),
(79, 31, 8, 131, 1, NULL, 30, 256, 'AP09 bw 4488', NULL, NULL, NULL, NULL, 5, NULL, 1, 6, 0, 0, 0, '900447', NULL),
(80, 31, 8, 131, 1, NULL, 30, 256, 'AP09 bw 4488', NULL, NULL, NULL, NULL, 5, NULL, 1, 6, 0, 0, 0, '738983', NULL),
(81, 31, 8, 131, 1, NULL, 30, 256, 'AP09 bw 4488', NULL, NULL, NULL, NULL, 5, NULL, 1, 6, 0, 0, 0, '241449', NULL),
(82, 31, 8, 131, 1, NULL, 30, 256, 'AP09 bw 4488', NULL, NULL, NULL, NULL, 5, NULL, 1, 6, 0, 0, 0, '945134', NULL),
(83, 31, 8, 131, 1, NULL, 30, 256, 'AP09 bw 4488', NULL, NULL, NULL, NULL, 5, NULL, 1, 6, 0, 0, 0, '863760', NULL),
(84, 31, 8, 131, 1, NULL, 30, 256, 'AP09 bw 4488', NULL, NULL, NULL, NULL, 5, NULL, 1, 6, 0, 0, 0, '646076', NULL),
(85, 31, 8, 131, 1, NULL, 30, 256, 'AP09 bw 4488', NULL, NULL, NULL, NULL, 5, NULL, 1, 6, 0, 0, 0, '167205', NULL),
(86, 31, 8, 131, 1, NULL, 30, 256, 'AP09 bw 4488', NULL, NULL, NULL, NULL, 5, NULL, 1, 6, 0, 0, 0, '382324', NULL),
(87, 31, 8, 25, 1, NULL, 2, 79, '3', NULL, NULL, NULL, NULL, 5, NULL, 1, 6, 0, 0, 0, '617836', NULL),
(88, 31, 8, 131, 1, NULL, 30, 256, 'AP09 bw 4488', NULL, NULL, NULL, NULL, 5, NULL, 1, 6, 0, 0, 0, '382743', NULL),
(89, 31, 8, 25, 1, NULL, 2, 79, '3', NULL, NULL, NULL, NULL, 5, NULL, 1, 6, 0, 0, 0, '836396', NULL),
(90, 31, 8, 131, 1, NULL, 30, 256, 'AP09 bw 4488', NULL, NULL, NULL, NULL, 5, NULL, 1, 6, 0, 0, 0, '550943', NULL),
(91, 31, 8, 25, 1, NULL, 2, 79, '3', NULL, NULL, NULL, NULL, 5, NULL, 1, 6, 0, 0, 0, '735198', NULL),
(92, 31, 8, 131, 1, NULL, 30, 256, 'AP09 bw 4488', NULL, NULL, NULL, NULL, 5, NULL, 1, 6, 0, 0, 0, '852968', NULL),
(93, 31, 8, 25, 1, NULL, 2, 79, '3', NULL, NULL, NULL, NULL, 5, NULL, 1, 6, 0, 0, 0, '831813', NULL),
(94, 31, 8, 131, 1, NULL, 30, 256, 'AP09 bw 4488', NULL, NULL, NULL, NULL, 5, NULL, 1, 6, 0, 0, 0, '765819', NULL),
(95, 31, 8, 131, 1, NULL, 30, 256, 'AP09 bw 4488', NULL, NULL, NULL, NULL, 5, NULL, 1, 6, 0, 0, 0, '902698', NULL),
(96, 31, 8, 25, 1, NULL, 2, 79, '3', NULL, NULL, NULL, NULL, 5, NULL, 1, 6, 0, 0, 0, '844233', NULL),
(97, 31, 8, 25, 1, NULL, 2, 79, '3', NULL, NULL, NULL, NULL, 5, NULL, 1, 6, 0, 0, 0, '959492', NULL),
(98, 31, 8, 25, 1, NULL, 2, 79, '3', NULL, NULL, NULL, NULL, 5, NULL, 1, 6, 0, 0, 0, '124178', NULL),
(99, 31, 8, 25, 1, NULL, 2, 79, '3', NULL, NULL, NULL, NULL, 5, NULL, 1, 6, 0, 0, 0, '375362', NULL),
(100, 31, 8, 25, 1, NULL, 2, 79, '3', NULL, NULL, NULL, NULL, 5, NULL, 1, 6, 0, 0, 0, '704386', NULL),
(101, 31, 8, 25, 1, NULL, 2, 79, '3', NULL, NULL, NULL, NULL, 5, NULL, 1, 6, 0, 0, 0, '129554', NULL),
(102, 31, 8, 25, 1, NULL, 2, 79, '3', NULL, NULL, NULL, NULL, 5, NULL, 1, 6, 0, 0, 0, '143898', NULL),
(103, 31, 8, 25, 1, NULL, 2, 79, '3', NULL, NULL, NULL, NULL, 5, NULL, 1, 6, 0, 0, 0, '757272', NULL),
(104, 31, 8, 25, 1, NULL, 2, 79, '3', NULL, NULL, NULL, NULL, 5, NULL, 1, 6, 0, 0, 0, '995601', NULL),
(105, 31, 8, 25, 1, NULL, 2, 79, '3', NULL, NULL, NULL, NULL, 5, NULL, 1, 6, 0, 0, 0, '672952', NULL),
(106, 31, 8, 25, 1, NULL, 2, 79, '3', NULL, NULL, NULL, NULL, 5, NULL, 1, 6, 0, 0, 0, '975923', NULL),
(107, 31, 8, 25, 1, NULL, 2, 79, '3', NULL, NULL, NULL, NULL, 5, NULL, 1, 6, 0, 0, 0, '497571', NULL),
(108, 31, 8, 25, 1, NULL, 2, 79, '3', NULL, NULL, NULL, NULL, 5, NULL, 1, 6, 0, 0, 0, '669466', NULL),
(109, 31, 8, 25, 1, NULL, 2, 79, '3', NULL, NULL, NULL, NULL, 5, NULL, 1, 6, 0, 0, 0, '433598', NULL),
(110, 31, 8, 25, 1, NULL, 2, 79, '3', NULL, NULL, NULL, NULL, 5, NULL, 1, 6, 0, 0, 0, '737599', NULL),
(111, 31, 8, 25, 1, NULL, 2, 79, '3', NULL, NULL, NULL, NULL, 5, NULL, 1, 6, 0, 0, 0, '500388', NULL),
(112, 31, 8, 25, 1, NULL, 2, 79, '3', NULL, NULL, NULL, NULL, 5, NULL, 1, 6, 0, 0, 0, '902135', NULL),
(113, 31, 8, 25, 1, NULL, 2, 79, '3', NULL, NULL, NULL, NULL, 5, NULL, 1, 6, 0, 0, 0, '524710', NULL),
(114, 31, 8, 25, 1, NULL, 2, 79, '3', NULL, NULL, NULL, NULL, 5, NULL, 1, 6, 0, 0, 0, '520631', NULL),
(115, 31, 8, 25, 1, NULL, 2, 79, '3', NULL, NULL, NULL, NULL, 5, NULL, 1, 6, 0, 0, 0, '326189', NULL),
(116, 31, 8, 25, 1, NULL, 2, 79, '3', NULL, NULL, NULL, NULL, 5, NULL, 1, 6, 0, 0, 0, '620312', NULL),
(117, 31, 8, 25, 1, NULL, 2, 79, '3', NULL, NULL, NULL, NULL, 5, NULL, 1, 6, 0, 0, 0, '694623', NULL),
(118, 31, 8, 25, 1, NULL, 2, 79, '3', NULL, NULL, NULL, NULL, 5, NULL, 1, 6, 0, 0, 0, '165578', NULL),
(119, 31, 8, 25, 1, NULL, 2, 79, '3', NULL, NULL, NULL, NULL, 5, NULL, 1, 6, 0, 0, 0, '439950', NULL),
(120, 31, 8, 25, 1, NULL, 2, 79, '3', NULL, NULL, NULL, NULL, 5, NULL, 1, 6, 0, 0, 0, '893314', NULL),
(121, 31, 8, 25, 1, NULL, 2, 79, '3', NULL, NULL, NULL, NULL, 5, NULL, 1, 6, 0, 0, 0, '596737', NULL),
(122, 31, 8, 25, 1, NULL, 2, 79, '3', NULL, NULL, NULL, NULL, 5, NULL, 1, 6, 0, 0, 0, '673502', NULL),
(123, 31, 8, 25, 1, NULL, 2, 79, '3', NULL, NULL, NULL, NULL, 5, NULL, 1, 6, 0, 0, 0, '688335', NULL),
(124, 31, 8, 25, 1, NULL, 2, 79, '3', NULL, NULL, NULL, NULL, 5, NULL, 1, 6, 0, 0, 0, '927050', NULL),
(125, 31, 8, 25, 1, NULL, 2, 79, '3', NULL, NULL, NULL, NULL, 5, NULL, 1, 6, 0, 0, 0, '599389', NULL),
(126, 31, 8, 25, 1, NULL, 2, 79, '3', NULL, NULL, NULL, NULL, 5, NULL, 1, 6, 0, 0, 0, '764006', NULL),
(127, 31, 8, 25, 1, NULL, 2, 79, '3', NULL, NULL, NULL, NULL, 5, NULL, 1, 6, 0, 0, 0, '874537', NULL),
(128, 31, 8, 25, 1, NULL, 2, 79, '3', NULL, NULL, NULL, NULL, 5, NULL, 1, 6, 0, 0, 0, '856774', NULL),
(129, 31, 8, 25, 1, NULL, 2, 79, '3', NULL, NULL, NULL, NULL, 5, NULL, 1, 6, 0, 0, 0, '742509', NULL),
(130, 31, 8, 25, 1, NULL, 2, 79, '3', NULL, NULL, NULL, NULL, 5, NULL, 1, 6, 0, 0, 0, '191872', NULL),
(131, 31, 8, 25, 1, NULL, 2, 79, '3', NULL, NULL, NULL, NULL, 5, NULL, 1, 6, 0, 0, 0, '971747', NULL),
(132, 31, 8, 25, 1, NULL, 2, 79, '3', NULL, NULL, NULL, NULL, 5, NULL, 1, 6, 0, 0, 0, '560628', NULL),
(133, 31, 8, 25, 1, NULL, 2, 79, '3', NULL, NULL, NULL, NULL, 5, NULL, 1, 6, 0, 0, 0, '982065', NULL),
(134, 31, 8, 25, 1, NULL, 2, 79, '3', NULL, NULL, NULL, NULL, 5, NULL, 1, 6, 0, 0, 0, '303252', NULL),
(135, 31, 8, 25, 1, NULL, 2, 79, '3', NULL, NULL, NULL, NULL, 5, NULL, 1, 6, 0, 0, 0, '442371', NULL),
(136, 31, 8, 25, 1, NULL, 2, 79, '3', NULL, NULL, NULL, NULL, 5, NULL, 1, 6, 0, 0, 0, '560056', NULL),
(137, 31, 8, 25, 1, NULL, 2, 79, '3', NULL, NULL, NULL, NULL, 5, NULL, 1, 6, 0, 0, 0, '392676', NULL),
(138, 31, 8, 25, 1, NULL, 2, 79, '3', NULL, NULL, NULL, NULL, 5, NULL, 1, 6, 0, 0, 0, '358441', NULL),
(139, 31, 8, 25, 1, NULL, 2, 79, '3', NULL, NULL, NULL, NULL, 5, NULL, 1, 6, 0, 0, 0, '515552', NULL),
(140, 31, 8, 25, 1, NULL, 2, 79, '3', NULL, NULL, NULL, NULL, 5, NULL, 1, 6, 0, 0, 0, '519548', NULL),
(141, 31, 8, 25, 1, NULL, 2, 79, '3', NULL, NULL, NULL, NULL, 5, NULL, 1, 6, 0, 0, 0, '652518', NULL),
(142, 31, 8, 25, 1, NULL, 2, 79, '3', NULL, NULL, NULL, NULL, 5, NULL, 1, 6, 0, 0, 0, '376068', NULL),
(143, 31, 8, 25, 1, NULL, 2, 79, '3', NULL, NULL, NULL, NULL, 5, NULL, 1, 6, 0, 0, 0, '908247', NULL),
(144, 31, 8, 25, 1, NULL, 2, 79, '3', NULL, NULL, NULL, NULL, 5, NULL, 1, 6, 0, 0, 0, '376988', NULL),
(145, 31, 8, 25, 1, NULL, 2, 79, '3', NULL, NULL, NULL, NULL, 5, NULL, 1, 6, 0, 0, 0, '952634', NULL),
(146, 31, 8, 25, 1, NULL, 2, 79, '3', NULL, NULL, NULL, NULL, 5, NULL, 1, 6, 0, 0, 0, '734585', NULL),
(147, 31, 8, 25, 1, NULL, 2, 79, '3', NULL, NULL, NULL, NULL, 5, NULL, 1, 6, 0, 0, 0, '447430', NULL),
(148, 31, 8, 25, 1, NULL, 2, 79, '3', NULL, NULL, NULL, NULL, 5, NULL, 1, 6, 0, 0, 0, '647112', NULL),
(149, 31, 8, 25, 1, NULL, 2, 79, '3', NULL, NULL, NULL, NULL, 5, NULL, 1, 6, 0, 0, 0, '606956', NULL),
(150, 31, 8, 25, 1, NULL, 2, 79, '3', NULL, NULL, NULL, NULL, 5, NULL, 1, 6, 0, 0, 0, '171209', NULL),
(151, 31, 8, 25, 1, NULL, 2, 79, '3', NULL, NULL, NULL, NULL, 5, NULL, 1, 6, 0, 0, 0, '327015', NULL),
(152, 31, 8, 25, 1, NULL, 2, 79, '3', NULL, NULL, NULL, NULL, 5, NULL, 1, 6, 0, 0, 0, '315065', NULL),
(153, 31, 8, 25, 1, NULL, 2, 79, '3', NULL, NULL, NULL, NULL, 5, NULL, 1, 6, 0, 0, 0, '368672', NULL),
(154, 31, 8, 25, 1, NULL, 2, 79, '3', NULL, NULL, NULL, NULL, 5, NULL, 1, 6, 0, 0, 0, '999422', NULL),
(155, 31, 8, 25, 1, NULL, 2, 79, '3', NULL, NULL, NULL, NULL, 5, NULL, 1, 6, 0, 0, 0, '166423', NULL),
(156, 31, 8, 25, 1, NULL, 2, 79, '3', NULL, NULL, NULL, NULL, 5, NULL, 1, 6, 0, 0, 0, '225894', NULL),
(157, 31, 8, 25, 1, NULL, 2, 79, '3', NULL, NULL, NULL, NULL, 5, NULL, 1, 6, 0, 0, 0, '256386', NULL),
(158, 31, 8, 25, 1, NULL, 2, 79, '3', NULL, NULL, NULL, NULL, 5, NULL, 1, 6, 0, 0, 0, '179434', NULL),
(159, 31, 8, 25, 1, NULL, 2, 79, '3', NULL, NULL, NULL, NULL, 5, NULL, 1, 6, 0, 0, 0, '418350', NULL),
(160, 31, 8, 25, 1, NULL, 2, 79, '3', NULL, NULL, NULL, NULL, 5, NULL, 1, 6, 0, 0, 0, '972044', NULL),
(161, 31, 8, 25, 1, NULL, 2, 79, '3', NULL, NULL, NULL, NULL, 5, NULL, 1, 6, 0, 0, 0, '824716', NULL),
(162, 31, 8, 25, 1, NULL, 2, 79, '3', NULL, NULL, NULL, NULL, 5, NULL, 1, 6, 0, 0, 0, '455484', NULL),
(163, 31, 8, 25, 1, NULL, 2, 79, '3', NULL, NULL, NULL, NULL, 5, NULL, 1, 6, 0, 0, 0, '798497', NULL),
(164, 31, 8, 25, 1, NULL, 2, 79, '3', NULL, NULL, NULL, NULL, 5, NULL, 1, 6, 0, 0, 0, '493553', NULL),
(165, 31, 8, 25, 1, NULL, 2, 79, '3', NULL, NULL, NULL, NULL, 5, NULL, 1, 6, 0, 0, 0, '300389', NULL),
(166, 31, 8, 25, 1, NULL, 2, 79, '3', NULL, NULL, NULL, NULL, 5, NULL, 1, 6, 0, 0, 0, '713498', NULL),
(167, 31, 8, 25, 1, NULL, 2, 79, '3', NULL, NULL, NULL, NULL, 5, NULL, 1, 6, 0, 0, 0, '929361', NULL),
(168, 31, 8, 25, 1, NULL, 2, 79, '3', NULL, NULL, NULL, NULL, 5, NULL, 1, 6, 0, 0, 0, '464162', NULL),
(169, 31, 8, 25, 1, NULL, 2, 79, '3', NULL, NULL, NULL, NULL, 5, NULL, 1, 6, 0, 0, 0, '236013', NULL),
(170, 31, 8, 25, 1, NULL, 2, 79, '3', NULL, NULL, NULL, NULL, 5, NULL, 1, 6, 0, 0, 0, '370281', NULL),
(171, 31, 8, 25, 1, NULL, 2, 79, '3', NULL, NULL, NULL, NULL, 5, NULL, 1, 6, 0, 0, 0, '549335', NULL),
(172, 31, 8, 25, 1, NULL, 2, 79, '3', NULL, NULL, NULL, NULL, 5, NULL, 1, 6, 0, 0, 0, '738871', NULL),
(173, 31, 8, 25, 1, NULL, 2, 79, '3', NULL, NULL, NULL, NULL, 5, NULL, 1, 6, 0, 0, 0, '883845', NULL),
(174, 31, 8, 25, 1, NULL, 2, 79, '3', NULL, NULL, NULL, NULL, 5, NULL, 1, 6, 0, 0, 0, '135254', NULL),
(175, 31, 8, 25, 1, NULL, 2, 79, '3', NULL, NULL, NULL, NULL, 5, NULL, 1, 6, 0, 0, 0, '435695', NULL),
(176, 31, 8, 25, 1, NULL, 2, 79, '3', NULL, NULL, NULL, NULL, 5, NULL, 1, 6, 0, 0, 0, '700855', NULL),
(177, 31, 8, 25, 1, NULL, 2, 79, '3', NULL, NULL, NULL, NULL, 5, NULL, 1, 6, 0, 0, 0, '787822', NULL),
(178, 31, 8, 25, 1, NULL, 2, 79, '3', NULL, NULL, NULL, NULL, 5, NULL, 1, 6, 0, 0, 0, '578284', NULL),
(179, 31, 8, 25, 1, NULL, 2, 79, '3', NULL, NULL, NULL, NULL, 5, NULL, 1, 6, 0, 0, 0, '853028', NULL),
(180, 31, 8, 25, 1, NULL, 2, 79, '3', NULL, NULL, NULL, NULL, 5, NULL, 1, 6, 0, 0, 0, '282988', NULL),
(181, 31, 8, 25, 1, NULL, 2, 79, '3', NULL, NULL, NULL, NULL, 5, NULL, 1, 6, 0, 0, 0, '881690', NULL),
(182, 31, 8, 25, 1, NULL, 2, 79, '3', NULL, NULL, NULL, NULL, 5, NULL, 1, 6, 0, 0, 0, '586452', NULL),
(183, 31, 8, 25, 1, NULL, 2, 79, '3', NULL, NULL, NULL, NULL, 5, NULL, 1, 6, 0, 0, 0, '420758', NULL),
(184, 31, 8, 25, 1, NULL, 2, 79, '3', NULL, NULL, NULL, NULL, 5, NULL, 1, 6, 0, 0, 0, '946732', NULL),
(185, 31, 8, 25, 1, NULL, 2, 79, '3', NULL, NULL, NULL, NULL, 5, NULL, 1, 6, 0, 0, 0, '807858', NULL),
(186, 31, 8, 25, 1, NULL, 2, 79, '3', NULL, NULL, NULL, NULL, 5, NULL, 1, 6, 0, 0, 0, '711774', NULL),
(187, 31, 8, 25, 1, NULL, 2, 79, '3', NULL, NULL, NULL, NULL, 5, NULL, 1, 6, 0, 0, 0, '851143', NULL),
(188, 31, 8, 25, 1, NULL, 2, 79, '3', NULL, NULL, NULL, NULL, 5, NULL, 1, 6, 0, 0, 0, '663048', NULL),
(189, 31, 8, 25, 1, NULL, 2, 79, '3', NULL, NULL, NULL, NULL, 5, NULL, 1, 6, 0, 0, 0, '814901', NULL),
(190, 31, 8, 25, 1, NULL, 2, 79, '3', NULL, NULL, NULL, NULL, 5, NULL, 1, 6, 0, 0, 0, '175836', NULL),
(191, 31, 8, 25, 1, NULL, 2, 79, '3', NULL, NULL, NULL, NULL, 5, NULL, 1, 6, 0, 0, 0, '862858', NULL),
(192, 31, 8, 25, 1, NULL, 2, 79, '3', NULL, NULL, NULL, NULL, 5, NULL, 1, 6, 0, 0, 0, '305203', NULL),
(193, 31, 8, 25, 1, NULL, 2, 79, '3', NULL, NULL, NULL, NULL, 5, NULL, 1, 6, 0, 0, 0, '762490', NULL),
(194, 31, 8, 25, 1, NULL, 2, 79, '3', NULL, NULL, NULL, NULL, 5, NULL, 1, 6, 0, 0, 0, '585769', NULL),
(195, 31, 8, 25, 1, NULL, 2, 79, '3', NULL, NULL, NULL, NULL, 5, NULL, 1, 6, 0, 0, 0, '203223', NULL),
(196, 31, 8, 25, 1, NULL, 2, 79, '3', NULL, NULL, NULL, NULL, 5, NULL, 1, 6, 0, 0, 0, '585009', NULL),
(197, 31, 8, 25, 1, NULL, 2, 79, '3', NULL, NULL, NULL, NULL, 5, NULL, 1, 6, 0, 0, 0, '399701', NULL),
(198, 31, 8, 25, 1, NULL, 2, 79, '3', NULL, NULL, NULL, NULL, 5, NULL, 1, 6, 0, 0, 0, '509867', NULL),
(199, 31, 8, 25, 1, NULL, 2, 79, '3', NULL, NULL, NULL, NULL, 5, NULL, 1, 6, 0, 0, 0, '632229', NULL),
(200, 31, 8, 25, 1, NULL, 2, 79, '3', NULL, NULL, NULL, NULL, 5, NULL, 1, 6, 0, 0, 0, '477971', NULL),
(201, 31, 8, 25, 1, NULL, 2, 79, '3', NULL, NULL, NULL, NULL, 5, NULL, 1, 6, 0, 0, 0, '130067', NULL),
(202, 31, 8, 25, 1, NULL, 2, 79, '3', NULL, NULL, NULL, NULL, 5, NULL, 1, 6, 0, 0, 0, '663896', NULL),
(203, 31, 8, 25, 1, NULL, 2, 79, '3', NULL, NULL, NULL, NULL, 5, NULL, 1, 6, 0, 0, 0, '129952', NULL),
(204, 31, 8, 25, 1, NULL, 2, 79, '3', NULL, NULL, NULL, NULL, 5, NULL, 1, 6, 0, 0, 0, '801083', NULL),
(205, 31, 8, 25, 1, NULL, 2, 79, '3', NULL, NULL, NULL, NULL, 5, NULL, 1, 6, 0, 0, 0, '214608', NULL),
(206, 31, 8, 25, 1, NULL, 2, 79, '3', NULL, NULL, NULL, NULL, 5, NULL, 1, 6, 0, 0, 0, '961811', NULL),
(207, 31, 8, 25, 1, NULL, 2, 79, '3', NULL, NULL, NULL, NULL, 5, NULL, 1, 6, 0, 0, 0, '338852', NULL),
(208, 31, 8, 25, 1, NULL, 2, 79, '3', NULL, NULL, NULL, NULL, 5, NULL, 1, 6, 0, 0, 0, '793412', NULL),
(209, 31, 8, 25, 1, NULL, 2, 79, '3', NULL, NULL, NULL, NULL, 5, NULL, 1, 6, 0, 0, 0, '939725', NULL),
(210, 31, 8, 25, 1, NULL, 2, 79, '3', NULL, NULL, NULL, NULL, 5, NULL, 1, 6, 0, 0, 0, '326905', NULL),
(211, 31, 8, 25, 1, NULL, 2, 79, '3', NULL, NULL, NULL, NULL, 5, NULL, 1, 6, 0, 0, 0, '487312', NULL),
(212, 31, 8, 25, 1, NULL, 2, 79, '3', NULL, NULL, NULL, NULL, 5, NULL, 1, 6, 0, 0, 0, '539776', NULL),
(213, 31, 8, 25, 1, NULL, 2, 79, '3', NULL, NULL, NULL, NULL, 5, NULL, 1, 6, 0, 0, 0, '600293', NULL),
(214, 31, 8, 25, 1, NULL, 2, 79, '3', NULL, NULL, NULL, NULL, 5, NULL, 1, 6, 0, 0, 0, '760774', NULL),
(215, 31, 8, 25, 1, NULL, 2, 79, '3', NULL, NULL, NULL, NULL, 5, NULL, 1, 6, 0, 0, 0, '323709', NULL),
(216, 31, 8, 25, 1, NULL, 2, 79, '3', NULL, NULL, NULL, NULL, 5, NULL, 1, 6, 0, 0, 0, '916039', NULL),
(217, 31, 8, 25, 1, NULL, 2, 79, '3', NULL, NULL, NULL, NULL, 5, NULL, 1, 6, 0, 0, 0, '667248', NULL),
(218, 31, 8, 25, 1, NULL, 2, 79, '3', NULL, NULL, NULL, NULL, 5, NULL, 1, 6, 0, 0, 0, '524845', NULL),
(219, 31, 8, 25, 1, NULL, 2, 79, '3', NULL, NULL, NULL, NULL, 5, NULL, 1, 6, 0, 0, 0, '746977', NULL),
(220, 31, 8, 25, 1, NULL, 2, 79, '3', NULL, NULL, NULL, NULL, 5, NULL, 1, 6, 0, 0, 0, '294856', NULL),
(221, 31, 8, 25, 1, NULL, 2, 79, '3', NULL, NULL, NULL, NULL, 5, NULL, 1, 6, 0, 0, 0, '255557', NULL),
(222, 31, 8, 25, 1, NULL, 2, 79, '3', NULL, NULL, NULL, NULL, 5, NULL, 1, 6, 0, 0, 0, '412653', NULL),
(223, 31, 8, 25, 1, NULL, 2, 79, '3', NULL, NULL, NULL, NULL, 5, NULL, 1, 6, 0, 0, 0, '267986', NULL),
(224, 31, 8, 25, 1, NULL, 2, 79, '3', NULL, NULL, NULL, NULL, 5, NULL, 1, 6, 0, 0, 0, '710731', NULL),
(225, 31, 8, 25, 1, NULL, 2, 79, '3', NULL, NULL, NULL, NULL, 5, NULL, 1, 6, 0, 0, 0, '939923', NULL),
(226, 31, 8, 25, 1, NULL, 2, 79, '3', NULL, NULL, NULL, NULL, 5, NULL, 1, 6, 0, 0, 0, '448754', NULL),
(227, 31, 8, 25, 1, NULL, 2, 79, '3', NULL, NULL, NULL, NULL, 5, NULL, 1, 6, 0, 0, 0, '999401', NULL),
(228, 31, 8, 25, 1, NULL, 2, 79, '3', NULL, NULL, NULL, NULL, 5, NULL, 1, 6, 0, 0, 0, '800240', NULL),
(229, 31, 8, 25, 1, NULL, 2, 79, '3', NULL, NULL, NULL, NULL, 5, NULL, 1, 6, 0, 0, 0, '390052', NULL),
(230, 31, 8, 25, 1, NULL, 2, 79, '3', NULL, NULL, NULL, NULL, 5, NULL, 1, 6, 0, 0, 0, '321041', NULL),
(231, 31, 8, 25, 1, NULL, 2, 79, '3', NULL, NULL, NULL, NULL, 5, NULL, 1, 6, 0, 0, 0, '948967', NULL),
(232, 31, 8, 25, 1, NULL, 2, 79, '3', NULL, NULL, NULL, NULL, 5, NULL, 1, 6, 0, 0, 0, '171589', NULL),
(233, 31, 8, 25, 1, NULL, 2, 79, '3', NULL, NULL, NULL, NULL, 5, NULL, 1, 6, 0, 0, 0, '153796', NULL),
(234, 31, 8, 25, 1, NULL, 2, 79, '3', NULL, NULL, NULL, NULL, 5, NULL, 1, 6, 0, 0, 0, '888570', NULL),
(235, 31, 8, 25, 1, NULL, 2, 79, '3', NULL, NULL, NULL, NULL, 5, NULL, 1, 6, 0, 0, 0, '537955', NULL),
(236, 31, 8, 25, 1, NULL, 2, 79, '3', NULL, NULL, NULL, NULL, 5, NULL, 1, 6, 0, 0, 0, '133122', NULL),
(237, 31, 8, 25, 1, NULL, 2, 79, '3', NULL, NULL, NULL, NULL, 5, NULL, 1, 6, 0, 0, 0, '378026', NULL),
(238, 31, 8, 25, 1, NULL, 2, 79, '3', NULL, NULL, NULL, NULL, 5, NULL, 1, 6, 0, 0, 0, '391325', NULL),
(239, 31, 8, 25, 1, NULL, 2, 79, '3', NULL, NULL, NULL, NULL, 5, NULL, 1, 6, 0, 0, 0, '200532', NULL),
(240, 31, 8, 25, 1, NULL, 2, 79, '3', NULL, NULL, NULL, NULL, 5, NULL, 1, 6, 0, 0, 0, '670086', NULL),
(241, 31, 8, 25, 1, NULL, 2, 79, '3', NULL, NULL, NULL, NULL, 5, NULL, 1, 6, 0, 0, 0, '702000', NULL),
(242, 31, 8, 25, 1, NULL, 2, 79, '3', NULL, NULL, NULL, NULL, 5, NULL, 1, 6, 0, 0, 0, '872257', NULL),
(243, 31, 8, 25, 1, NULL, 2, 79, '3', NULL, NULL, NULL, NULL, 5, NULL, 1, 6, 0, 0, 0, '691797', NULL),
(244, 31, 8, 25, 1, NULL, 2, 79, '3', NULL, NULL, NULL, NULL, 5, NULL, 1, 6, 0, 0, 0, '617978', NULL),
(245, 31, 8, 25, 1, NULL, 2, 79, '3', NULL, NULL, NULL, NULL, 5, NULL, 1, 6, 0, 0, 0, '821879', NULL),
(246, 31, 8, 25, 1, NULL, 2, 79, '3', NULL, NULL, NULL, NULL, 5, NULL, 1, 6, 0, 0, 0, '867750', NULL),
(247, 31, 8, 25, 1, NULL, 2, 79, '3', NULL, NULL, NULL, NULL, 5, NULL, 1, 6, 0, 0, 0, '534775', NULL),
(248, 31, 8, 25, 1, NULL, 2, 79, '3', NULL, NULL, NULL, NULL, 5, NULL, 1, 6, 0, 0, 0, '131776', NULL),
(249, 31, 8, 25, 1, NULL, 2, 79, '3', NULL, NULL, NULL, NULL, 5, NULL, 1, 6, 0, 0, 0, '729437', NULL),
(250, 31, 8, 25, 1, NULL, 2, 79, '3', NULL, NULL, NULL, NULL, 5, NULL, 1, 6, 0, 0, 0, '375912', NULL),
(251, 19, 3, 138, 1, NULL, 1, 272, 'AP 12 AH 1234', NULL, NULL, NULL, NULL, 10, NULL, 1, 11, 0, 0, 0, '156134', NULL),
(252, 19, 3, 138, 1, NULL, 1, 272, 'AP 12 AH 1234', NULL, NULL, NULL, NULL, 10, NULL, 1, 11, 0, 0, 0, '700956', NULL),
(253, 19, 3, 138, 1, NULL, 1, 272, 'AP 12 AH 1234', NULL, NULL, NULL, NULL, 10, NULL, 1, 11, 0, 0, 0, '744673', NULL),
(254, 19, 3, 138, 1, NULL, 1, 272, 'AP 12 AH 1234', NULL, NULL, NULL, NULL, 40, NULL, 1, 41, 0, 0, 0, '413916', NULL),
(255, 19, NULL, 138, 1, NULL, 1, 240, 'jJa sl', NULL, NULL, NULL, NULL, 40, NULL, 1, 41, 0, 0, 0, '857471', NULL),
(256, 32, NULL, 138, 1, NULL, 1, 240, 'jJa sl', NULL, NULL, NULL, NULL, 50, NULL, 1, 51, 0, 0, 0, '736123', NULL),
(257, 32, NULL, 138, 1, NULL, 1, 240, 'jJa sl', NULL, NULL, NULL, NULL, 50, NULL, 1, 51, 0, 0, 0, '335188', NULL),
(258, 19, NULL, 134, 1, NULL, 1, 240, 'jJa sl', NULL, NULL, NULL, NULL, 90, NULL, 1, 91, 0, 0, 0, '619555', NULL),
(259, 19, NULL, 138, 1, NULL, 1, 240, 'jJa sl', NULL, NULL, NULL, NULL, 40, NULL, 1, 41, 0, 0, 0, '905602', NULL),
(260, 19, NULL, 134, 1, NULL, 1, 240, 'jJa sl', NULL, NULL, NULL, NULL, 90, NULL, 1, 91, 0, 0, 0, '274972', NULL),
(261, 19, NULL, 134, 1, NULL, 1, 240, 'jJa sl', NULL, NULL, NULL, NULL, 40, NULL, 1, 41, 0, 0, 0, '830976', NULL),
(262, 28, NULL, 131, 1, NULL, 30, 256, 'AP09 bw 4488', NULL, NULL, NULL, NULL, 50, NULL, 1, 51, 0, 0, 0, '908043', NULL),
(263, 19, 3, 122, 1, NULL, 6, 239, 'bhanu3', NULL, NULL, NULL, NULL, 40, NULL, 1, 41, 0, 0, 0, '977366', NULL),
(264, 19, 3, 122, 1, NULL, 6, 239, 'bhanu3', NULL, NULL, NULL, NULL, 40, NULL, 1, 41, 0, 0, 0, '685161', NULL),
(265, 19, 3, 134, 1, NULL, 1, 240, 'jJa sl', NULL, NULL, NULL, NULL, 40, NULL, 1, 41, 1, 0, 0, '966577', NULL),
(266, 32, 7, 134, 1, NULL, 1, 240, 'jJa sl', NULL, NULL, NULL, NULL, 50, NULL, 1, 51, 1, 0, 0, '186549', NULL),
(267, 37, 12, 134, 1, NULL, 1, 240, 'jJa sl', NULL, NULL, NULL, NULL, 40, NULL, 1, 41, 1, 0, 0, '470680', NULL),
(268, 37, 12, 122, 1, NULL, 6, 239, 'bhanu3', NULL, NULL, NULL, NULL, 40, NULL, 1, 41, 1, 0, 0, '820616', NULL),
(269, 36, 13, 134, 1, NULL, 1, 240, 'jJa sl', NULL, NULL, NULL, NULL, 120, NULL, 1, 121, 0, 0, 0, '463686', NULL),
(270, 36, 13, 122, 1, NULL, 6, 239, 'bhanu3', NULL, NULL, NULL, NULL, 120, NULL, 1, 121, 0, 0, 0, '838126', NULL),
(271, 39, 11, 122, 1, NULL, 6, 239, 'bhanu3', NULL, NULL, NULL, NULL, 50, NULL, 1, 51, 0, 0, 0, '169525', NULL),
(272, 39, 11, 134, 1, NULL, 1, 240, 'jJa sl', NULL, NULL, NULL, NULL, 50, NULL, 1, 51, 0, 0, 0, '747735', NULL),
(273, 23, NULL, 134, 1, NULL, 1, 240, 'jJa sl', NULL, NULL, NULL, NULL, 50, NULL, 1, 51, 0, 0, 0, '709334', NULL),
(274, 19, NULL, 122, 1, NULL, 6, 239, 'bhanu3', NULL, NULL, NULL, NULL, 40, NULL, 1, 41, 0, 0, 0, '424748', NULL),
(275, 19, NULL, 134, 1, NULL, 1, 240, 'jJa sl', NULL, NULL, NULL, NULL, 40, NULL, 1, 41, 0, 0, 0, '411187', NULL),
(276, 19, NULL, 122, 1, NULL, 6, 239, 'bhanu3', NULL, NULL, NULL, NULL, 90, NULL, 1, 91, 0, 0, 0, '687672', NULL),
(277, 23, NULL, 134, 1, NULL, 1, 240, 'jJa sl', NULL, NULL, NULL, NULL, 50, NULL, 1, 51, 0, 0, 0, '351538', NULL),
(278, 23, NULL, 134, 1, NULL, 1, 240, 'jJa sl', NULL, NULL, NULL, NULL, 50, NULL, 1, 51, 0, 0, 0, '949345', NULL),
(279, 23, NULL, 122, 1, NULL, 6, 239, 'bhanu3', NULL, NULL, NULL, NULL, 50, NULL, 1, 51, 0, 0, 0, '865307', NULL),
(280, 19, NULL, 122, 1, NULL, 6, 239, 'bhanu3', NULL, NULL, NULL, NULL, 40, NULL, 1, 41, 0, 0, 0, '802088', NULL),
(281, 19, NULL, 134, 1, NULL, 1, 240, 'jJa sl', NULL, NULL, NULL, NULL, 40, NULL, 1, 41, 0, 0, 0, '372773', NULL),
(282, 19, NULL, 134, 1, NULL, 1, 240, 'jJa sl', NULL, NULL, NULL, NULL, 40, NULL, 1, 41, 0, 0, 0, '835216', NULL),
(283, 19, NULL, 134, 1, NULL, 1, 240, 'jJa sl', NULL, NULL, NULL, NULL, 40, NULL, 1, 41, 0, 0, 0, '523362', NULL),
(284, 19, NULL, 134, 1, NULL, 1, 240, 'jJa sl', NULL, NULL, NULL, NULL, 40, NULL, 1, 41, 0, 0, 0, '440464', NULL),
(285, 19, NULL, 134, 1, NULL, 1, 240, 'jJa sl', NULL, NULL, NULL, NULL, 40, NULL, 1, 41, 0, 0, 0, '745617', NULL),
(286, 19, NULL, 134, 1, NULL, 1, 240, 'jJa sl', NULL, NULL, NULL, NULL, 40, NULL, 1, 41, 0, 0, 0, '819756', NULL),
(287, 19, NULL, 122, 1, NULL, 6, 239, 'bhanu3', NULL, NULL, NULL, NULL, 40, NULL, 1, 41, 0, 0, 0, '864404', NULL),
(288, 19, NULL, 126, 1, NULL, 38, 253, 'aah', NULL, NULL, NULL, NULL, 40, NULL, 1, 41, 0, 0, 0, '360625', NULL),
(289, 19, NULL, 122, 1, NULL, 6, 239, 'bhanu3', NULL, NULL, NULL, NULL, 40, NULL, 1, 41, 0, 0, 0, '727680', NULL),
(290, 19, NULL, 122, 1, NULL, 6, 239, 'bhanu3', NULL, NULL, NULL, NULL, 40, NULL, 1, 41, 0, 0, 0, '815846', NULL),
(291, 19, NULL, 134, 1, NULL, 1, 240, 'jJa sl', NULL, NULL, NULL, NULL, 40, NULL, 1, 41, 0, 0, 0, '864634', NULL),
(292, 19, NULL, 134, 1, NULL, 1, 240, 'jJa sl', NULL, NULL, NULL, NULL, 40, NULL, 1, 41, 0, 0, 0, '402613', NULL),
(293, 19, NULL, 122, 1, NULL, 6, 239, 'bhanu3', NULL, NULL, NULL, NULL, 40, NULL, 1, 41, 0, 0, 0, '711691', NULL),
(294, 32, NULL, 122, 1, NULL, 6, 239, 'bhanu3', NULL, NULL, NULL, NULL, 50, NULL, 1, 51, 0, 0, 0, '769611', NULL),
(295, 32, NULL, 134, 1, NULL, 1, 240, 'jJa sl', NULL, NULL, NULL, NULL, 50, NULL, 1, 51, 0, 0, 0, '161080', NULL),
(296, 23, NULL, 133, 1, NULL, 38, 229, 'anil1', NULL, NULL, NULL, NULL, 50, NULL, 1, 51, 0, 0, 0, '991826', NULL),
(297, 23, NULL, 131, 1, NULL, 30, 256, 'AP09 bw 4488', NULL, NULL, NULL, NULL, 50, NULL, 1, 51, 0, 0, 0, '255692', NULL),
(298, 19, NULL, 134, 1, NULL, 1, 240, 'jJa sl', NULL, NULL, NULL, NULL, 40, NULL, 1, 41, 0, 1, 0, '222347', '2016-07-22 18:22:30'),
(299, 19, NULL, 122, 1, NULL, 6, 239, 'bhanu3', NULL, NULL, NULL, NULL, 40, NULL, 1, 41, 0, 1, 0, '841444', '2016-07-22 18:22:31'),
(300, 19, NULL, 134, 1, NULL, 1, 240, 'jJa sl', NULL, NULL, NULL, NULL, 40, NULL, 1, 41, 0, 1, 0, '701242', '2016-07-22 18:27:39'),
(301, 19, NULL, 122, 1, NULL, 6, 239, 'bhanu3', NULL, NULL, NULL, NULL, 40, NULL, 1, 41, 0, 1, 0, '843305', '2016-07-22 18:27:39'),
(302, 19, NULL, 122, 1, NULL, 6, 239, 'bhanu3', NULL, NULL, NULL, NULL, 90, NULL, 1, 91, 0, 0, 0, '716444', NULL),
(303, 19, NULL, 122, 1, NULL, 6, 239, 'bhanu3', NULL, NULL, NULL, NULL, 90, NULL, 1, 91, 0, 0, 0, '801920', '2016-07-22 19:31:46'),
(304, 19, NULL, 134, 1, NULL, 1, 240, 'jJa sl', NULL, NULL, NULL, NULL, 90, NULL, 1, 91, 0, 0, 0, '514017', NULL),
(305, 19, 3, 138, 1, NULL, 1, 240, 'jJa sl', '1', NULL, NULL, NULL, 40, NULL, 1, 41, 1, 1, 0, '383259', '2016-07-22 20:08:28'),
(306, 19, 3, 122, 1, NULL, 6, 239, 'bhanu3', '1', NULL, NULL, NULL, 40, NULL, 1, 41, 0, 0, 0, '781869', '2016-07-22 21:17:49'),
(307, 19, 3, 122, 1, NULL, 6, 239, 'bhanu3', '1', NULL, NULL, NULL, 40, NULL, 1, 41, 0, 0, 0, '855154', '2016-07-25 09:06:21'),
(308, 19, 3, 122, 1, NULL, 1, 240, 'jJa sl', '1', NULL, NULL, NULL, 40, NULL, 1, 41, 0, 0, 0, '477663', '2016-07-25 09:26:42'),
(309, 19, 3, 122, 1, NULL, 1, 240, 'jJa sl', '1', NULL, NULL, NULL, 40, NULL, 1, 41, 0, 0, 0, '617580', '2016-07-25 09:58:37'),
(310, 19, 3, 122, 1, NULL, 6, 239, 'bhanu3', '1', NULL, NULL, NULL, 40, NULL, 1, 41, 0, 0, 0, '258636', '2016-07-25 09:58:58'),
(311, 23, 2, 122, 1, NULL, 6, 239, 'bhanu3', '1', NULL, NULL, NULL, 10, NULL, 1, 11, 1, 0, 0, '979578', '2016-07-25 11:07:10'),
(312, 23, 2, 122, 1, NULL, 6, 239, 'bhanu3', '1', NULL, NULL, NULL, 10, NULL, 1, 11, 1, 0, 0, '626782', '2016-07-25 11:18:21'),
(313, 23, 2, 122, 1, NULL, 6, 239, 'bhanu3', '1', NULL, NULL, NULL, 10, NULL, 1, 11, 1, 0, 0, '737029', '2016-07-25 11:30:19'),
(314, 23, 2, 122, 1, NULL, 6, 239, 'bhanu3', '1', NULL, NULL, NULL, 10, NULL, 1, 11, 1, 0, 0, '611241', '2016-07-25 11:31:35'),
(315, 23, 2, 122, 1, NULL, 6, 239, 'bhanu3', '1', NULL, NULL, NULL, 10, NULL, 1, 11, 1, 1, 0, '554508', '2016-07-25 11:34:04'),
(316, 23, 2, 122, 1, NULL, 6, 239, 'bhanu3', '1', NULL, NULL, NULL, 10, NULL, 1, 11, 1, 1, 0, '450784', '2016-07-25 11:36:50'),
(317, 37, 12, 122, 1, NULL, 6, 239, 'bhanu3', '1', NULL, NULL, NULL, 10, NULL, 1, 11, 1, 1, 0, '598980', '2016-07-25 11:41:02'),
(318, 37, 12, 122, 1, NULL, 6, 239, 'bhanu3', '1', NULL, NULL, NULL, 10, NULL, 1, 11, 1, 1, 0, '826359', '2016-07-25 11:43:38'),
(319, 37, 12, 134, 1, NULL, 1, 240, 'jJa sl', '1', NULL, NULL, NULL, 10, NULL, 1, 11, 1, 0, 0, '263345', '2016-07-25 11:50:07'),
(320, 37, 12, 134, 1, NULL, 1, 240, 'jJa sl', '1', NULL, NULL, NULL, 10, NULL, 1, 11, 1, 0, 0, '127028', '2016-07-25 11:50:23'),
(321, 37, 12, 122, 1, NULL, 6, 239, 'bhanu3', '1', NULL, NULL, NULL, 10, NULL, 1, 11, 1, 1, 0, '343143', '2016-07-25 12:02:30'),
(322, 37, 12, 134, 1, NULL, 1, 240, 'jJa sl', '1', NULL, NULL, NULL, 10, NULL, 1, 11, 1, 0, 0, '509556', '2016-07-25 11:57:35'),
(323, 37, 12, 134, 1, NULL, 1, 240, 'jJa sl', '1', NULL, NULL, NULL, 10, NULL, 1, 11, 1, 0, 0, '794792', '2016-07-25 11:59:01'),
(324, 32, 7, 134, 1, NULL, 1, 240, 'jJa sl', '1', NULL, NULL, NULL, 50, NULL, 1, 51, 1, 0, 0, '405871', '2016-07-25 13:52:50'),
(325, 32, 7, 134, 1, NULL, 1, 240, 'jJa sl', '1', NULL, NULL, NULL, 50, NULL, 1, 51, 1, 0, 0, '657557', '2016-07-25 13:52:50'),
(326, 32, 7, 122, 1, NULL, 6, 228, 'bhanu1', '1', NULL, NULL, NULL, 50, NULL, 1, 51, 1, 1, 0, '963180', '2016-07-25 13:53:23'),
(327, 32, 7, 134, 1, NULL, 1, 240, 'jJa sl', '1', NULL, NULL, NULL, 50, NULL, 1, 51, 1, 0, 0, '965710', '2016-07-25 13:53:06'),
(328, 19, 3, 134, 1, NULL, 1, 240, 'jJa sl', '2', NULL, NULL, NULL, 90, NULL, 1, 91, 1, 0, 0, '749726', '2016-07-25 13:59:53'),
(329, 19, 3, 134, 1, NULL, 1, 240, 'jJa sl', '2', NULL, NULL, NULL, 90, NULL, 1, 91, 1, 0, 0, '391401', '2016-07-25 13:59:53'),
(330, 19, 3, 134, 1, NULL, 1, 240, 'jJa sl', '2', NULL, NULL, NULL, 90, NULL, 1, 91, 1, 0, 0, '744233', '2016-07-25 14:00:23'),
(331, 19, 3, 134, 1, NULL, 1, 240, 'jJa sl', '2', NULL, NULL, NULL, 90, NULL, 1, 91, 1, 0, 0, '859588', '2016-07-25 14:00:23'),
(332, 19, 3, 122, 1, NULL, 6, 228, 'bhanu1', '2', NULL, NULL, NULL, 90, NULL, 1, 91, 1, 1, 0, '872077', '2016-07-25 14:00:52'),
(333, 19, 3, 134, 1, NULL, 1, 240, 'jJa sl', '2', NULL, NULL, NULL, 90, NULL, 1, 91, 1, 0, 0, '900514', '2016-07-25 14:00:53'),
(334, 19, 3, 131, 1, NULL, 30, 256, 'AP09 bw 4488', '2', NULL, NULL, NULL, 40, NULL, 1, 41, 1, 0, 0, '783830', '2016-07-25 14:05:25'),
(335, 19, 3, 133, 1, NULL, 6, 236, 'anil2', '2', NULL, NULL, NULL, 40, NULL, 1, 41, 1, 1, 0, '854662', '2016-07-25 14:06:35'),
(336, 19, 3, 131, 1, NULL, 30, 256, 'AP09 bw 4488', '2', NULL, NULL, NULL, 40, NULL, 1, 41, 1, 0, 0, '901784', '2016-07-25 14:05:42'),
(337, 37, 12, 131, 1, NULL, 30, 256, 'AP09 bw 4488', '1', NULL, NULL, NULL, 10, NULL, 1, 11, 1, 0, 0, '301686', '2016-07-25 14:36:10'),
(338, 37, 12, 131, 1, NULL, 30, 256, 'AP09 bw 4488', '1', NULL, NULL, NULL, 10, NULL, 1, 11, 1, 1, 0, '168053', '2016-07-25 14:38:54'),
(339, 37, 12, 131, 1, NULL, 30, 256, 'AP09 bw 4488', '1', NULL, NULL, NULL, 10, NULL, 1, 11, 1, 1, 0, '308484', '2016-07-25 14:41:15'),
(340, 37, 12, 134, 1, NULL, 1, 240, 'jJa sl', '1', NULL, NULL, NULL, 10, NULL, 1, 11, 1, 0, 0, '396977', '2016-07-25 14:58:01'),
(341, 32, 7, 134, 1, NULL, 1, 240, 'jJa sl', '1', NULL, NULL, NULL, 50, NULL, 1, 51, 1, 1, 0, '537095', '2016-07-25 16:14:36'),
(342, 32, 7, 131, 1, NULL, 30, 256, 'AP09 bw 4488', '1', NULL, NULL, NULL, 50, NULL, 1, 51, 1, 1, 0, '686411', '2016-07-25 16:14:33'),
(343, 42, 1, 1, 1, 1, 1, 1, 'TS 07 EQ 2675', '830', 1, 'veerababuvanga@gmail.com', 'cfPnMoGfiI4:APA91bHxbf5MabnN74Mc8m1leC6u0GHW5_h-rBu9MVW7OatUbDX4_oKx20touIrtU5ETtIGn7N7Gk15Ws8XO_WeXoBBzWy546zhJuge5qOySCKJZrmAzbrx5yo_SzLNP5pIXKkVAXzlu', 45, NULL, 1, 46, 0, 1, 0, NULL, '2016-07-25 16:30:41'),
(344, 19, 3, 131, 1, NULL, 30, 256, 'AP09 bw 4488', '2', NULL, NULL, NULL, 90, NULL, 1, 91, 1, 1, 0, '277373', '2016-07-25 16:21:07'),
(345, 19, 3, 134, 1, NULL, 1, 240, 'jJa sl', '2', NULL, NULL, NULL, 90, NULL, 1, 91, 1, 0, 0, '912894', '2016-07-25 16:20:32'),
(346, 19, 3, 134, 1, NULL, 1, 240, 'jJa sl', '2', NULL, NULL, NULL, 90, NULL, 1, 91, 1, 1, 0, '444403', '2016-07-25 16:21:50'),
(347, 19, 3, 134, 1, NULL, 1, 240, 'jJa sl', '2', NULL, NULL, NULL, 40, NULL, 1, 41, 1, 1, 0, '426418', '2016-07-25 16:24:18'),
(348, 19, 3, 131, 1, NULL, 30, 256, 'AP09 bw 4488', '2', NULL, NULL, NULL, 40, NULL, 1, 41, 1, 1, 0, '644499', '2016-07-25 16:24:44'),
(349, 37, 12, 134, 1, NULL, 1, 240, 'jJa sl', '1', NULL, NULL, NULL, 10, NULL, 1, 11, 1, 1, 0, '806658', '2016-07-25 16:35:09'),
(350, 37, 12, 131, 1, NULL, 30, 256, 'AP09 bw 4488', '1', NULL, NULL, NULL, 10, NULL, 1, 11, 1, 0, 0, '153152', '2016-07-25 16:44:42'),
(351, 37, 12, 131, 1, NULL, 30, 256, 'AP09 bw 4488', '1', NULL, NULL, NULL, 10, NULL, 1, 11, 1, 1, 0, '771930', '2016-07-25 16:49:25'),
(352, 37, 12, 133, 1, NULL, 6, 236, 'anil2', '1', NULL, NULL, NULL, 10, NULL, 1, 11, 1, 1, 0, '960700', '2016-07-25 16:48:41'),
(353, 37, 12, 131, 1, NULL, 30, 256, 'AP09 bw 4488', '1', NULL, NULL, NULL, 10, NULL, 1, 11, 1, 1, 0, '429816', '2016-07-25 16:58:57'),
(354, 37, 12, 133, 1, NULL, 6, 236, 'anil2', '1', NULL, NULL, NULL, 10, NULL, 1, 11, 1, 0, 0, '649406', '2016-07-25 16:57:35'),
(355, 37, 12, 131, 1, NULL, 30, 256, 'AP09 bw 4488', '1', NULL, NULL, NULL, 10, NULL, 1, 11, 1, 1, 0, '532974', '2016-07-25 17:01:17'),
(356, 37, 12, 122, 1, NULL, 6, 228, 'bhanu1', '1', NULL, NULL, NULL, 10, NULL, 1, 11, 1, 1, 0, '508974', '2016-07-25 17:17:30'),
(357, 23, 2, 33, 1, NULL, 2, 144, 'gh12tr5436', NULL, NULL, NULL, NULL, 10, NULL, 1, 11, 0, 0, 0, '319588', '2016-07-26 14:52:56'),
(358, 23, 2, 7, 1, NULL, 10, 152, 'babahjsusi', NULL, NULL, NULL, NULL, 10, NULL, 1, 11, 1, 0, 0, '629505', '2016-07-26 14:53:22'),
(359, 94, 12, 33, 1, NULL, 2, 144, 'gh12tr5436', '1', NULL, NULL, NULL, 20, NULL, 1, 21, 1, 1, 0, '672979', '2016-07-26 15:08:40'),
(360, 94, 12, 7, 1, NULL, 10, 152, 'babahjsusi', '1', NULL, NULL, NULL, 20, NULL, 1, 21, 1, 1, 0, '241664', '2016-07-26 15:12:18'),
(361, 52, 2, 33, 1, NULL, 2, 144, 'gh12tr5436', NULL, NULL, NULL, NULL, 10, NULL, 1, 11, 0, 0, 0, '333650', '2016-07-26 15:39:48'),
(362, 52, 2, 7, 1, NULL, 10, 152, 'babahjsusi', NULL, NULL, NULL, NULL, 10, NULL, 1, 11, 1, 0, 0, '804664', '2016-07-26 15:39:48'),
(363, 61, 4, 33, 1, NULL, 2, 144, 'gh12tr5436', '1', NULL, NULL, NULL, 20, NULL, 1, 21, 0, 0, 0, '729459', '2016-07-26 15:54:44'),
(364, 61, 4, 7, 1, NULL, 10, 152, 'babahjsusi', '1', NULL, NULL, NULL, 20, NULL, 1, 21, 1, 0, 0, '366466', '2016-07-26 15:55:06'),
(365, 61, 16, 33, 1, NULL, 2, 144, 'gh12tr5436', '1', NULL, NULL, NULL, 20, NULL, 1, 21, 1, 1, 0, '709801', '2016-07-26 16:24:48'),
(366, 61, 16, 7, 1, NULL, 10, 152, 'babahjsusi', '1', NULL, NULL, NULL, 20, NULL, 1, 21, 1, 1, 0, '675691', '2016-07-26 16:24:51'),
(367, 57, 15, 33, 1, NULL, 2, 144, 'gh12tr5436', '1', NULL, NULL, NULL, 10, NULL, 1, 11, 1, 1, 0, '883578', '2016-07-26 16:37:23'),
(368, 57, 15, 7, 1, NULL, 10, 152, 'babahjsusi', '1', NULL, NULL, NULL, 10, NULL, 1, 11, 1, 1, 0, '872813', '2016-07-26 16:37:07'),
(369, 74, 7, 7, 1, NULL, 10, 152, 'babahjsusi', '1', NULL, NULL, NULL, 30, NULL, 1, 31, 1, 1, 0, '629680', '2016-07-26 17:18:57'),
(370, 74, 7, 33, 1, NULL, 2, 144, 'gh12tr5436', '1', NULL, NULL, NULL, 30, NULL, 1, 31, 1, 1, 0, '309276', '2016-07-26 17:18:50'),
(371, 57, 15, 33, 1, NULL, 2, 144, 'gh12tr5436', '1', NULL, NULL, NULL, 30, NULL, 1, 31, 1, 1, 0, '486012', '2016-07-26 18:23:30'),
(372, 57, 15, 7, 1, NULL, 10, 152, 'babahjsusi', '1', NULL, NULL, NULL, 30, NULL, 1, 31, 1, 1, 0, '259760', '2016-07-26 18:23:35'),
(373, 44, 14, 7, 1, NULL, 10, 152, 'babahjsusi', '1', NULL, NULL, NULL, 20, NULL, 1, 21, 1, 1, 0, '277483', '2016-07-26 18:45:42'),
(374, 44, 14, 33, 1, NULL, 2, 144, 'gh12tr5436', '1', NULL, NULL, NULL, 20, NULL, 1, 21, 1, 1, 0, '230523', '2016-07-26 18:45:36'),
(375, 44, 14, 1, 1, NULL, 1, 149, 'ap16ka1234', '1', NULL, NULL, NULL, 10, NULL, 1, 11, 0, 0, 0, '781042', '2016-08-01 15:12:58'),
(376, 44, 14, 35, 1, NULL, 181, 258, 'AP9CM1111', '1', NULL, NULL, NULL, 10, NULL, 1, 11, 0, 0, 0, '764013', '2016-08-01 15:18:31'),
(377, 44, 14, 34, 1, NULL, 1, 149, 'ap16ka1234', '1', NULL, NULL, NULL, 10, NULL, 1, 11, 1, 1, 0, '171430', '2016-08-01 15:19:48'),
(378, 48, 5, 34, 1, NULL, 1, 149, 'ap16ka1234', '1', NULL, NULL, NULL, 10, NULL, 1, 11, 1, 1, 0, '584090', '2016-08-01 15:30:36'),
(379, 48, 5, 35, 1, NULL, 181, 258, 'AP9CM1111', '1', NULL, NULL, NULL, 10, NULL, 1, 11, 1, 1, 0, '781599', '2016-08-01 15:31:48'),
(380, 52, 4, 34, 1, NULL, 1, 148, 'ap12kl2929', '1', NULL, NULL, NULL, 0, NULL, 1, 1, 1, 0, 0, '860006', '2016-08-01 15:36:38'),
(381, 52, 4, 35, 1, NULL, 128, 257, 'KA50M7825', '1', NULL, NULL, NULL, 0, NULL, 1, 1, 1, 1, 0, '692010', '2016-08-01 15:37:56'),
(382, 19, 3, 1, 1, NULL, 128, 257, 'KA50M7825', '4', NULL, NULL, NULL, 40, NULL, 1, 41, 0, 0, 0, '450862', '2016-08-02 11:14:03'),
(383, 132, 47, 7, 1, NULL, 10, 152, 'babahjsusi', '1', NULL, NULL, NULL, 10, NULL, 1, 11, 1, 1, 0, '942028', '2016-08-07 16:12:06'),
(384, 131, 46, 7, 1, NULL, 10, 152, 'babahjsusi', '1', NULL, NULL, NULL, 0, NULL, 1, 1, 1, 1, 0, '846101', '2016-08-07 16:35:38'),
(385, 130, 45, 7, 1, NULL, 10, 152, 'babahjsusi', '1', NULL, NULL, NULL, 10, NULL, 1, 11, 1, 1, 0, '814437', '2016-08-07 17:00:55'),
(386, 128, 43, 7, 1, NULL, 10, 152, 'babahjsusi', '1', NULL, NULL, NULL, 20, NULL, 1, 21, 1, 1, 0, '806106', '2016-08-07 17:21:04'),
(387, 48, 5, 7, 1, NULL, 10, 152, 'babahjsusi', '1', NULL, NULL, NULL, 30, NULL, 1, 31, 1, 0, 0, '730664', '2016-08-08 10:48:37'),
(388, 48, 5, 7, 1, NULL, 10, 152, 'babahjsusi', '1', NULL, NULL, NULL, 30, NULL, 1, 31, 1, 0, 0, '706538', '2016-08-08 10:56:16'),
(389, 48, 5, 7, 1, NULL, 10, 152, 'babahjsusi', '1', NULL, NULL, NULL, 30, NULL, 1, 31, 1, 0, 0, '820695', '2016-08-08 12:06:02'),
(390, 48, 5, 7, 1, NULL, 10, 152, 'babahjsusi', '1', NULL, NULL, NULL, 300, NULL, 1, 301, 1, 0, 0, '479879', '2016-08-08 12:35:46'),
(391, 48, 5, 7, 1, NULL, 10, 152, 'babahjsusi', '1', NULL, NULL, NULL, 300, NULL, 1, 301, 1, 0, 0, '578439', '2016-08-08 12:48:48'),
(392, 48, 5, 7, 1, NULL, 10, 152, 'babahjsusi', '1', NULL, NULL, NULL, 300, NULL, 1, 301, 1, 0, 0, '332496', '2016-08-08 12:52:26'),
(393, 48, 5, 7, 1, NULL, 10, 152, 'babahjsusi', '1', NULL, NULL, NULL, 300, NULL, 1, 301, 1, 0, 0, '595219', '2016-08-08 13:14:24'),
(394, 48, 5, 7, 1, NULL, 10, 152, 'babahjsusi', '1', NULL, NULL, NULL, 30, NULL, 1, 31, 1, 0, 0, '316717', '2016-08-08 13:17:01'),
(395, 48, 5, 7, 1, NULL, 10, 152, 'babahjsusi', '1', NULL, NULL, NULL, 30, NULL, 1, 31, 1, 0, 0, '203622', '2016-08-08 13:17:34'),
(396, 48, 5, 7, 1, NULL, 10, 152, 'babahjsusi', '1', NULL, NULL, NULL, 30, NULL, 1, 31, 1, 0, 0, '921332', '2016-08-08 13:19:10'),
(397, 48, 5, 7, 1, NULL, 10, 152, 'babahjsusi', '1', NULL, NULL, NULL, 30, NULL, 1, 31, 1, 0, 0, '296333', '2016-08-08 13:19:45'),
(398, 48, 5, 7, 1, NULL, 10, 152, 'babahjsusi', '1', NULL, NULL, NULL, 30, NULL, 1, 31, 1, 0, 0, '782550', '2016-08-08 13:20:38'),
(399, 48, 5, 7, 1, NULL, 10, 152, 'babahjsusi', '1', NULL, NULL, NULL, 300, NULL, 1, 301, 1, 0, 0, '200328', '2016-08-08 13:44:00'),
(400, 48, 5, 7, 1, NULL, 10, 152, 'babahjsusi', '1', NULL, NULL, NULL, 300, NULL, 1, 301, 1, 0, 0, '213165', '2016-08-08 13:50:18'),
(401, 132, 47, 134, 1, NULL, 1, 240, 'jJa sl', '1', NULL, NULL, NULL, 100, NULL, 1, 101, 1, 1, 0, '803034', '2016-08-08 15:46:19'),
(402, 133, 48, 134, 1, NULL, 1, 240, 'jJa sl', '1', NULL, NULL, NULL, 100, NULL, 1, 101, 0, 0, 0, '350018', '2016-08-08 15:51:51'),
(403, 133, 48, 134, 1, NULL, 1, 240, 'jJa sl', '1', NULL, NULL, NULL, 100, NULL, 1, 101, 0, 0, 0, '153955', '2016-08-08 15:53:52'),
(404, 48, 5, 33, 1, NULL, 2, 144, 'gh12tr5436', NULL, NULL, NULL, NULL, 10, NULL, 1, 11, 1, 1, 0, '978238', '2016-08-08 18:49:11'),
(405, 48, 5, 7, 1, NULL, 10, 152, 'babahjsusi', NULL, NULL, NULL, NULL, 10, NULL, 1, 11, 1, 1, 0, '253658', '2016-08-08 18:49:12'),
(406, 134, 4, 7, 1, NULL, 10, 152, 'babahjsusi', '1', NULL, NULL, NULL, 10, NULL, 1, 11, 1, 1, 0, '272835', '2016-08-08 19:07:21'),
(407, 57, 15, 33, 1, NULL, 2, 144, 'gh12tr5436', '1', NULL, NULL, NULL, 10, NULL, 1, 11, 1, 1, 0, '316065', '2016-08-08 19:28:05'),
(408, 57, 15, 7, 1, NULL, 10, 152, 'babahjsusi', '1', NULL, NULL, NULL, 10, NULL, 1, 11, 1, 1, 0, '549881', '2016-08-08 19:28:11'),
(409, 61, 16, 33, 1, NULL, 2, 144, 'gh12tr5436', '1', NULL, NULL, NULL, 10, NULL, 1, 11, 1, 1, 0, '854430', '2016-08-08 19:59:46'),
(410, 61, 16, 7, 1, NULL, 10, 152, 'babahjsusi', '1', NULL, NULL, NULL, 10, NULL, 1, 11, 1, 1, 0, '137733', '2016-08-08 19:59:48'),
(411, 65, 17, 7, 1, NULL, 10, 152, 'babahjsusi', '1', NULL, NULL, NULL, 10, NULL, 1, 11, 1, 1, 0, '568416', '2016-08-08 20:26:30'),
(412, 48, 5, 7, 1, NULL, 10, 152, 'babahjsusi', '1', NULL, NULL, NULL, 10, NULL, 1, 11, 1, 1, 0, '859559', '2016-08-09 13:00:39'),
(413, 48, 5, 35, 1, NULL, 128, 257, 'KA50M7825', '1', NULL, NULL, NULL, 10, NULL, 1, 11, 1, 1, 0, '645491', '2016-08-09 13:02:33'),
(414, 48, 5, 34, 1, NULL, 1, 148, 'ap12kl2929', '1', NULL, NULL, NULL, 10, NULL, 1, 11, 1, 1, 0, '387502', '2016-08-09 13:01:18'),
(415, 44, 14, 35, 1, NULL, 128, 257, 'KA50M7825', '1', NULL, NULL, NULL, 10, NULL, 1, 11, 1, 1, 0, '624215', '2016-08-09 13:11:36'),
(416, 44, 14, 7, 1, NULL, 10, 152, 'babahjsusi', '1', NULL, NULL, NULL, 10, NULL, 1, 11, 1, 1, 0, '922516', '2016-08-09 13:11:44'),
(417, 44, 14, 34, 1, NULL, 1, 148, 'ap12kl2929', '1', NULL, NULL, NULL, 10, NULL, 1, 11, 1, 1, 0, '731511', '2016-08-09 13:12:08'),
(418, 92, 2, 7, 1, NULL, 10, 152, 'babahjsusi', '1', NULL, NULL, NULL, 10, NULL, 1, 11, 1, 1, 0, '191189', '2016-08-09 14:26:33'),
(419, 92, 2, 33, 1, NULL, 2, 144, 'gh12tr5436', '1', NULL, NULL, NULL, 10, NULL, 1, 11, 0, 0, 0, '533292', '2016-08-09 14:25:23'),
(420, 92, 2, 34, 1, NULL, 1, 148, 'ap12kl2929', '1', NULL, NULL, NULL, 10, NULL, 1, 11, 1, 1, 0, '743687', '2016-08-09 14:26:03'),
(421, 92, 2, 35, 1, NULL, 181, 258, 'AP9CM1111', '1', NULL, NULL, NULL, 10, NULL, 1, 11, 1, 0, 0, '951768', '2016-08-09 14:26:12'),
(422, 92, 2, 35, 1, NULL, 181, 258, 'AP9CM1111', '1', NULL, NULL, NULL, 10, NULL, 1, 11, 1, 0, 0, '503144', '2016-08-09 14:28:18'),
(423, 92, 2, 35, 1, NULL, 181, 258, 'AP9CM1111', '1', NULL, NULL, NULL, 10, NULL, 1, 11, 1, 1, 0, '133374', '2016-08-09 14:33:15'),
(424, 44, 14, 33, 1, NULL, 2, 143, 'ap28dh4829', '1', NULL, NULL, NULL, 10, NULL, 1, 11, 1, 1, 0, '564515', '2016-08-09 14:38:14'),
(425, 44, 14, 34, 1, NULL, 1, 148, 'ap12kl2929', '1', NULL, NULL, NULL, 10, NULL, 1, 11, 1, 0, 0, '892123', '2016-08-09 14:37:44'),
(426, 44, 14, 7, 1, NULL, 10, 152, 'babahjsusi', '1', NULL, NULL, NULL, 10, NULL, 1, 11, 1, 1, 0, '922168', '2016-08-09 14:39:08'),
(427, 48, 5, 33, 1, NULL, 2, 143, 'ap28dh4829', '1', NULL, NULL, NULL, 10, NULL, 1, 11, 1, 1, 0, '280494', '2016-08-09 14:47:57'),
(428, 48, 5, 7, 1, NULL, 10, 152, 'babahjsusi', '1', NULL, NULL, NULL, 10, NULL, 1, 11, 1, 1, 0, '778646', '2016-08-09 14:48:04'),
(429, 48, 5, 34, 1, NULL, 1, 148, 'ap12kl2929', '1', NULL, NULL, NULL, 10, NULL, 1, 11, 1, 1, 0, '882875', '2016-08-09 14:48:02'),
(430, 134, 4, 33, 1, NULL, 2, 143, 'ap28dh4829', '1', NULL, NULL, NULL, 10, NULL, 1, 11, 1, 1, 0, '694575', '2016-08-09 14:54:41'),
(431, 134, 4, 34, 1, NULL, 1, 148, 'ap12kl2929', '1', NULL, NULL, NULL, 10, NULL, 1, 11, 1, 1, 0, '912853', '2016-08-09 14:54:57'),
(432, 134, 4, 7, 1, NULL, 10, 152, 'babahjsusi', '1', NULL, NULL, NULL, 10, NULL, 1, 11, 1, 1, 0, '796241', '2016-08-09 14:54:55'),
(433, 61, 16, 33, 1, NULL, 2, 143, 'ap28dh4829', '1', NULL, NULL, NULL, 20, NULL, 1, 21, 1, 0, 0, '925582', '2016-08-09 15:11:15'),
(434, 61, 16, 7, 1, NULL, 10, 152, 'babahjsusi', '1', NULL, NULL, NULL, 20, NULL, 1, 21, 1, 0, 0, '314936', '2016-08-09 15:11:16'),
(435, 61, 16, 34, 1, NULL, 1, 148, 'ap12kl2929', '1', NULL, NULL, NULL, 20, NULL, 1, 21, 1, 0, 0, '494376', '2016-08-09 15:11:26'),
(436, 65, 17, 33, 1, NULL, 2, 143, 'ap28dh4829', '1', NULL, NULL, NULL, 20, NULL, 1, 21, 1, 1, 0, '571654', '2016-08-09 15:17:02'),
(437, 65, 17, 34, 1, NULL, 1, 148, 'ap12kl2929', '1', NULL, NULL, NULL, 20, NULL, 1, 21, 1, 1, 0, '208842', '2016-08-09 15:17:19'),
(438, 61, 16, 7, 1, NULL, 10, 152, 'babahjsusi', '1', NULL, NULL, NULL, 10, NULL, 1, 11, 1, 1, 0, '234395', '2016-08-09 15:25:53'),
(439, 61, 16, 34, 1, NULL, 1, 148, 'ap12kl2929', '1', NULL, NULL, NULL, 10, NULL, 1, 11, 1, 1, 0, '643848', '2016-08-09 15:26:09'),
(440, 61, 16, 33, 1, NULL, 2, 143, 'ap28dh4829', '1', NULL, NULL, NULL, 10, NULL, 1, 11, 1, 1, 0, '797392', '2016-08-09 15:25:55'),
(441, 57, 15, 33, 1, NULL, 2, 143, 'ap28dh4829', '1', NULL, NULL, NULL, 10, NULL, 1, 11, 1, 1, 0, '293969', '2016-08-09 15:33:30'),
(442, 57, 15, 34, 1, NULL, 1, 148, 'ap12kl2929', '1', NULL, NULL, NULL, 10, NULL, 1, 11, 1, 1, 0, '482783', '2016-08-09 15:34:04'),
(443, 57, 15, 7, 1, NULL, 10, 152, 'babahjsusi', '1', NULL, NULL, NULL, 10, NULL, 1, 11, 1, 1, 0, '554994', '2016-08-09 15:34:41'),
(444, 134, 4, 33, 1, NULL, 2, 143, 'ap28dh4829', '1', NULL, NULL, NULL, 10, NULL, 1, 11, 1, 0, 0, '619467', '2016-08-09 16:19:06'),
(445, 48, 5, 33, 1, NULL, 2, 143, 'ap28dh4829', '1', NULL, NULL, NULL, 10, NULL, 1, 11, 1, 0, 0, '699082', '2016-08-09 16:21:09'),
(446, 48, 5, 34, 1, NULL, 1, 148, 'ap12kl2929', '1', NULL, NULL, NULL, 10, NULL, 1, 11, 1, 1, 0, '500545', '2016-08-10 14:40:03'),
(447, 48, 5, 33, 1, NULL, 2, 143, 'ap28dh4829', '1', NULL, NULL, NULL, 10, NULL, 1, 11, 1, 1, 0, '679430', '2016-08-10 14:40:19'),
(448, 48, 5, 7, 1, NULL, 10, 152, 'babahjsusi', '1', NULL, NULL, NULL, 10, NULL, 1, 11, 1, 1, 0, '330431', '2016-08-10 14:40:04'),
(449, 70, 18, 34, 1, NULL, 1, 148, 'ap12kl2929', '1', NULL, NULL, NULL, 20, NULL, 1, 21, 0, 0, 0, '134093', '2016-08-11 10:05:08'),
(450, 70, 18, 7, 1, NULL, 10, 152, 'babahjsusi', '1', NULL, NULL, NULL, 20, NULL, 1, 21, 1, 1, 0, '771685', '2016-08-11 10:06:06'),
(451, 65, 17, 7, 1, NULL, 10, 152, 'babahjsusi', '1', NULL, NULL, NULL, 10, NULL, 1, 11, 1, 0, 0, '156082', '2016-08-11 10:32:57'),
(452, 65, 17, 34, 1, NULL, 1, 148, 'ap12kl2929', '1', NULL, NULL, NULL, 10, NULL, 1, 11, 0, 0, 0, '177431', '2016-08-11 10:32:57'),
(453, 65, 17, 34, 1, NULL, 1, 148, 'ap12kl2929', '1', NULL, NULL, NULL, 10, NULL, 1, 11, 0, 0, 0, '662421', '2016-08-11 10:35:04'),
(454, 65, 17, 7, 1, NULL, 10, 152, 'babahjsusi', '1', NULL, NULL, NULL, 10, NULL, 1, 11, 1, 0, 0, '797223', '2016-08-11 10:35:08'),
(455, 65, 17, 34, 1, NULL, 1, 148, 'ap12kl2929', '1', NULL, NULL, NULL, 10, NULL, 1, 11, 0, 0, 0, '646592', '2016-08-11 10:37:08'),
(456, 65, 17, 7, 1, NULL, 10, 152, 'babahjsusi', '1', NULL, NULL, NULL, 10, NULL, 1, 11, 1, 0, 0, '610272', '2016-08-11 10:37:23'),
(457, 61, 16, 34, 1, NULL, 1, 148, 'ap12kl2929', '1', NULL, NULL, NULL, 10, NULL, 1, 11, 0, 0, 0, '178300', '2016-08-11 10:45:34'),
(458, 61, 16, 7, 1, NULL, 10, 152, 'babahjsusi', '1', NULL, NULL, NULL, 10, NULL, 1, 11, 1, 0, 0, '853037', '2016-08-11 10:45:37'),
(459, 57, 15, 7, 1, NULL, 10, 152, 'babahjsusi', '1', NULL, NULL, NULL, 20, NULL, 1, 21, 1, 1, 0, '823322', '2016-08-11 10:52:00');
INSERT INTO `transactions` (`transaction_id`, `ts_id`, `tc_id`, `user_id`, `type_id`, `make_id`, `model_id`, `vehicle_id`, `vehicle_no`, `lane_id`, `way_type`, `email_id`, `reg_type`, `toll_charge`, `paytm_charge`, `bmt_charge`, `total_amount`, `passing_status`, `paid_status`, `refund_status`, `reference_id`, `transaction_date`) VALUES
(460, 57, 15, 34, 1, NULL, 1, 148, 'ap12kl2929', '1', NULL, NULL, NULL, 20, NULL, 1, 21, 1, 1, 0, '279388', '2016-08-11 10:51:52'),
(461, 40, 3, 131, 1, 4, 30, 256, 'AP09 bw 4488', '4', 2, NULL, NULL, 40, NULL, 1, 41, 1, 0, 0, '306066', '2016-08-12 13:03:41'),
(462, 40, 3, 131, 1, 4, 30, 256, 'AP09 bw 4488', '4', 3, NULL, NULL, 40, NULL, 1, 41, 1, 1, 0, '465240', '2016-08-12 17:51:02'),
(463, 19, 3, 134, 1, 1, 1, 240, 'jJa sl', '4,1', 2, NULL, NULL, 40, NULL, 1, 41, 1, 0, 0, '576680', '2016-08-12 18:00:06'),
(464, 19, 3, 131, 1, 4, 30, 256, 'AP09 bw 4488', '4,1', 2, NULL, NULL, 40, NULL, 1, 41, 1, 0, 0, '592091', '2016-08-12 18:00:16'),
(465, 19, 3, 134, 1, 1, 1, 240, 'jJa sl', '4,1', 2, NULL, NULL, 40, NULL, 1, 41, 1, 1, 0, '534092', '2016-08-12 18:02:51'),
(466, 19, 3, 131, 1, 4, 30, 256, 'AP09 bw 4488', '4,1', 2, NULL, NULL, 40, NULL, 1, 41, 1, 1, 0, '930046', '2016-08-12 18:02:49'),
(467, 142, 50, 7, 1, 2, 10, 152, 'ka51m2874', '1', 2, NULL, NULL, 454, NULL, 1, 455, 1, 1, 0, '138223', '2016-08-13 15:42:26'),
(468, 147, 51, 7, 1, 2, 10, 152, 'ka51m2874', '1', 2, NULL, NULL, 421, NULL, 1, 422, 1, 1, 0, '454963', '2016-08-13 16:24:43'),
(469, 142, 50, 5, 1, 2, 10, 152, 'ka51m2874', '1', 4, NULL, NULL, 123, NULL, 1, 124, 0, 0, 0, '981498', '2016-08-13 23:25:59'),
(470, 139, 49, 7, 1, 2, 10, 152, 'ka51m2874', '1', 2, NULL, NULL, 786, NULL, 1, 787, 1, 1, 0, '481958', '2016-08-14 07:25:47'),
(471, 139, 49, 7, 1, 2, 10, 152, 'ka51m2874', '1', 2, NULL, NULL, 786, NULL, 1, 787, 1, 1, 0, '481958', '2016-08-14 10:32:47'),
(472, 142, 50, 7, 1, 2, 10, 152, 'ka51m2874', '1', 2, NULL, NULL, 454, NULL, 1, 455, 1, 1, 0, '312290', '2016-08-14 16:24:45'),
(473, 142, 50, 7, 1, 2, 10, 152, 'ka51m2874', '1', 2, NULL, NULL, 454, NULL, 1, 455, 1, 1, 0, '477554', '2016-08-14 17:05:43'),
(474, 147, 51, 7, 1, 2, 10, 152, 'ka51m2874', '1', 2, NULL, NULL, 421, NULL, 1, 422, 1, 1, 0, '554031', '2016-08-14 17:32:44'),
(475, 138, 49, 7, 1, 2, 10, 152, 'ka51m2874', '1', 4, NULL, NULL, 251, NULL, 1, 252, 1, 1, 0, '832938', '2016-08-14 17:55:58'),
(476, 147, 51, 7, 1, 2, 10, 152, 'ka51m2874', '1', 4, NULL, NULL, 989, NULL, 1, 990, 1, 1, 0, '544792', '2016-08-14 18:12:31'),
(477, 142, 50, 7, 1, 2, 10, 152, 'ka51m2874', '1', 4, NULL, NULL, 123, NULL, 1, 124, 1, 1, 0, '301117', '2016-08-14 18:38:47'),
(478, 138, 49, 7, 1, 2, 10, 152, 'ka51m2874', '1', 2, NULL, NULL, 786, NULL, 1, 787, 0, 1, 0, '774616', '2016-08-14 18:48:11'),
(479, 200, 15, 7, 1, 2, 10, 152, 'ka51m2874', '1', 3, NULL, NULL, 10, NULL, 1, 11, 1, 1, 0, '190649', '2016-08-16 13:40:38'),
(480, 196, 16, 7, 1, 2, 10, 152, 'ka51m2874', '1', 3, NULL, NULL, 10, NULL, 1, 11, 1, 1, 0, '915182', '2016-08-16 13:58:10'),
(481, 192, 17, 7, 1, 2, 10, 152, 'ka51m2874', '1', 3, NULL, NULL, 10, NULL, 1, 11, 1, 1, 0, '779473', '2016-08-16 14:12:53'),
(482, 188, 18, 7, 1, 2, 10, 152, 'ka51m2874', '1', 3, NULL, NULL, 10, NULL, 1, 11, 1, 1, 0, '428233', '2016-08-16 14:38:56'),
(483, 192, 17, 7, 1, 2, 10, 152, 'ka51m2874', '1', 1, NULL, NULL, 10, NULL, 1, 11, 0, 0, 0, '423420', '2016-08-16 15:28:55'),
(484, 196, 16, 7, 1, 2, 10, 152, 'ka51m2874', '1', 1, NULL, NULL, 10, NULL, 1, 11, 1, 1, 0, '494907', '2016-08-16 16:29:45'),
(485, 200, 15, 7, 1, 2, 10, 152, 'ka51m2874', '1', 1, NULL, NULL, 10, NULL, 1, 11, 0, 1, 0, '840052', '2016-08-16 16:46:04'),
(486, 204, 4, 7, 1, 2, 10, 152, 'ka51m2874', '1', 1, NULL, NULL, 10, NULL, 1, 11, 1, 1, 0, '828184', '2016-08-16 17:01:06'),
(487, 208, 5, 7, 1, 2, 10, 152, 'ka51m2874', '1', 1, NULL, NULL, 10, NULL, 1, 11, 1, 1, 0, '587879', '2016-08-16 17:16:52'),
(488, 208, 5, 7, 1, 2, 10, 152, 'ka51m2874', '1', 2, NULL, NULL, 10, NULL, 1, 11, 1, 1, 0, '386949', '2016-08-17 14:33:16'),
(489, 204, 4, 7, 1, 2, 10, 152, 'ka51m2874', '1', 2, NULL, NULL, 10, NULL, 1, 11, 1, 1, 0, '598754', '2016-08-17 15:16:20'),
(490, 204, 4, 33, 1, 1, 2, 143, 'ap28dh4829', '1', 2, NULL, NULL, 10, NULL, 1, 11, 1, 1, 0, '424062', '2016-08-17 15:16:27'),
(491, 192, 17, 33, 1, 1, 2, 143, 'ap28dh4829', '1', 2, NULL, NULL, 10, NULL, 1, 11, 0, 1, 0, '686055', '2016-08-17 16:13:59'),
(492, 192, 17, 7, 1, 2, 10, 152, 'ka51m2874', '1', 2, NULL, NULL, 10, NULL, 1, 11, 0, 1, 0, '749643', '2016-08-17 16:14:10'),
(493, 188, 18, 33, 1, 1, 2, 143, 'ap28dh4829', '1', 2, NULL, NULL, 10, NULL, 1, 11, 0, 1, 0, '493285', '2016-08-17 16:35:29'),
(494, 188, 18, 7, 1, 2, 10, 152, 'ka51m2874', '1', 2, NULL, NULL, 10, NULL, 1, 11, 1, 1, 0, '858576', '2016-08-17 16:35:26'),
(495, 184, 7, 7, 1, 2, 10, 152, 'ka51m2874', '1', 2, NULL, NULL, 10, NULL, 1, 11, 1, 1, 0, '365911', '2016-08-17 16:51:45'),
(496, 180, 19, 7, 1, 2, 10, 152, 'ka51m2874', '1,1,1', 2, NULL, NULL, 10, NULL, 1, 11, 0, 1, 0, '463801', '2016-08-17 17:33:57');

-- --------------------------------------------------------

--
-- Table structure for table `user_register`
--

CREATE TABLE IF NOT EXISTS `user_register` (
  `user_id` int(11) NOT NULL AUTO_INCREMENT,
  `first_name` varchar(100) NOT NULL,
  `last_name` varchar(100) NOT NULL,
  `email_id` varchar(100) NOT NULL,
  `password` varchar(100) DEFAULT NULL,
  `mobile_no` varchar(10) DEFAULT NULL,
  `profile_image` varchar(100) DEFAULT NULL,
  `created_date` datetime NOT NULL,
  `auth_token` varchar(150) DEFAULT NULL,
  `otp` int(4) DEFAULT NULL,
  `otp_flag` tinyint(2) DEFAULT NULL,
  `email_flag` tinyint(2) DEFAULT NULL,
  `activation_code` varchar(255) DEFAULT NULL,
  `mobile_device_id` varchar(250) DEFAULT NULL,
  `device_type` varchar(10) DEFAULT NULL,
  `facebook_id` varchar(100) DEFAULT NULL,
  PRIMARY KEY (`user_id`)
) ENGINE=InnoDB  DEFAULT CHARSET=latin1 AUTO_INCREMENT=139 ;

--
-- Dumping data for table `user_register`
--

INSERT INTO `user_register` (`user_id`, `first_name`, `last_name`, `email_id`, `password`, `mobile_no`, `profile_image`, `created_date`, `auth_token`, `otp`, `otp_flag`, `email_flag`, `activation_code`, `mobile_device_id`, `device_type`, `facebook_id`) VALUES
(1, 'vanga', 'veerababu', 'veerababuvanga@gmail.com', '12345678', '8466800773', 'http://54.255.128.130/bmtservices/uploads/f1157ba87630da87a0c149f266c5dc301452761706.jpg', '2016-01-06 14:47:49', 'f6be6565523911d6e0c2d0962f418e0a', 0, 1, 1, '7a8cfd909e82517019e01089efd58c11', 'cfPnMoGfiI4:APA91bHxbf5MabnN74Mc8m1leC6u0GHW5_h-rBu9MVW7OatUbDX4_oKx20touIrtU5ETtIGn7N7Gk15Ws8XO_WeXoBBzWy546zhJuge5qOySCKJZrmAzbrx5yo_SzLNP5pIXKkVAXzlu', 'android', NULL),
(3, 'ramesh', 'aleti', 'ramesha1@tayatech.com', '12345678', '7207788878', 'http://54.255.128.130/bmtservices/uploads/1459420156.jpg', '2016-01-06 15:01:07', '404bfaaca4e921018b489f26051ba798', 1, 1, NULL, '4800', 'cnJzVU-AXuo:APA91bHtppDR59hbJAg7zQjNDjCWE-tocpMzCQ7SFm2Mn5IPys2u0Y5EKcvdiSxoquaG1OAdjq0EmyNq56LoBdvu0nW7ZiFC7sHIMQbuIYB7kI3kxPszq6M-0P3IVkujCVVty9luESoc', 'android', NULL),
(4, 'nagendra', 'm', 'mvrnagendra55@gmail.com', 'nag@123harish', '9177325679', 'http://54.255.128.130/bmtservices/uploads/1f198dd2b9d37e4aaa71cf608027672e1452249465.jpg', '2016-01-06 15:28:58', '84b16bb263e94f81af5d4437d4d56888', 6049, 1, NULL, '898f34594dbd37802261d04e331d001d', NULL, NULL, NULL),
(5, 'Vijayalaksh', 'Mundlapat', 'test@gmail.com', 'asdfasdf', '1818181818', 'http://bookmytoll.com/bmtservices/uploads/1465453412.jpg', '2016-01-06 15:32:15', '80f4bde881b2cc8796dbdd2f930cb191', 1868, 0, 1, NULL, 'f9gUtEhr_XQ:APA91bH2DA_UElr-Yn0jo-hZoH33DM6NGYjN41-5u2XCYStSZHjvYwo4IovxBk-y3HpUr0BH_aSd6VM4BEgA-Qsb_o7fF53gJUpEcw8Y4WqEks_QrS410oXh0HBOnvni60z3ouvscsO8', 'android', '761058340667359'),
(7, 'Venkat', 'Sunkara', 'nsunkara@gmail.com', 'tirumala1', '9550851999', 'http://54.255.128.130/bmtservices/uploads/1454396361.jpg', '2016-01-06 16:50:24', '77f7a48582d5bbfdd50868c593921bbc', 3070, 1, NULL, '52cd2ac27df717de39e8c541985b79aa', 'fq0kj8Qiy0M:APA91bF0s8eT4IkDqa2eLJe4xQCRe-jn49zJx-HlFzQhlQzPfsLMXH0YZUnGLr6l_Uo7Ebcg1QK1E6lRCudC23wCAxzP0eXfkJAZ86TQ7HYxmKK7H1avUtXcpdS9PLIsX0gmrwFhU8uY', 'android', NULL),
(8, 'Sumanth', 'T', 'sumanth.thati9@gmail.com', '12345678', '9160606811', 'http://54.255.128.130/bmtservices/uploads/1459492895.jpg', '2016-01-06 16:50:25', 'ada937e5fa3504c88f46998895a9ff16', 5150, 0, 1, '', 'd461f58a194549e1d8f1a161ea6b2d219da09421dc450e6fbdefaba6f7dd332b', 'ios', NULL),
(9, 'lokesh', 't', 'lokesht@tayatech.com', '12345678', '8977212440', NULL, '2016-01-06 16:57:56', '668484713bb408e0bd2c6841cb2ca68e', 0, 1, NULL, '5286', 'fVssg40bK6c:APA91bFo-VPoNGiDU5bt-1omP6B4GAJn7KZAfxp-R9DUbw4hYX2f4dSopQJsoBNvfoFpqao9mPJ3JzXJRCeTJctmxBP73Ba0prYzYOFrgzXzXq6_Z-BGsLUL_d_JKdudmlNfNjFyKqnQ', 'android', NULL),
(10, 'Venkat Narayana', 'Sunkara', 'nsunkara@gmail.com', 'Malola2508', NULL, 'http://54.255.128.130/bmtservices/uploads/d9aae8338c02fee21987d171079b77661452080756.jpg', '2016-01-06 17:15:56', '4dd9fe65d3f910149b9a5d4462df6977', 1868, NULL, 1, '52cd2ac27df717de39e8c541985b79aa', NULL, NULL, '1224954937521719'),
(12, 'Lokesh', 'Sahu', 'stlokesh47@gmail.com', NULL, NULL, 'http://54.255.128.130/bmtservices/uploads/57e31787ab3171cf0f662d424ac4e9171452151362.jpg', '2016-01-07 12:52:42', '7b0d727e5ef0a996297c97f76abf1267', 1868, NULL, 1, NULL, NULL, NULL, '903165913112909'),
(13, 'lakshmi', 'keerthi', 'durga.it123@gmail.com', 'sairam123', '9032521718', NULL, '2016-01-07 13:22:49', '3bdb83bb4ea5c9a74e8b1c8e04cd9ece', 0, 1, NULL, '4216', NULL, NULL, NULL),
(14, 'first', 'mnn', 'test@gmail.com', '12341234', '8967452398', 'http://bookmytoll.com/bmtservices/uploads/1466422794.jpg', '2016-01-08 16:44:53', '50924432f26ba9670b32f02a5527b549', 3026, 0, NULL, '5706', 'fhdfjkhjkdfhkjfhkjdhfkfkhh343445hk43jh5k4', NULL, NULL),
(15, 'Ram Swaroop', 'Rangisetti', 'swarooprbobby@gmail.com', 'P@ssw0rd', '9346893478', NULL, '2016-01-08 20:30:20', '74b62d216f2dcdddbe6efb57f99142fc', 0, 1, NULL, '3473fd370c192b739a484f9d2aca0f56', 'do3zJstQM8o:APA91bGOjELvPl1xZr62CVHkJ-JixJSKchLY98r9Z763Gt6vUJc5HAQuvQWzRTsG1068MeUFn5JXd7by8qlxcGg04xYukD0080J5-acSocnI7lcMytsl50-g7Xa384K8JJY-1cMTGD7v', 'android', NULL),
(16, 'Kaladhar', 'Kvk', 'kaladharkvk@gmail.com', NULL, NULL, 'http://54.255.128.130/bmtservices/uploads/7c8586b6ae600c89bdaaa18b0756a6ca1452404988.jpg', '2016-01-10 11:19:48', '9921ed19894a5d0e77f8890358e78ba0', 1868, NULL, 1, NULL, NULL, NULL, '991910937513928'),
(17, 'Vanga', 'Veerababu', 'veerababuveeeeanga@gmail.com', 'ilovekiran', NULL, 'http://54.255.128.130/bmtservices/uploads/f1157ba87630da87a0c149f266c5dc301452591305.jpg', '2016-01-12 15:05:05', 'bdaf07396f8e82d8fd66f414d653af78', 1868, NULL, 1, '7a8cfd909e82517019e01089efd58c11', NULL, NULL, '1561102157546732'),
(18, 'vanga', 'veerababu', 'veerujobs123@gmail.com', 'ilovekiran', '7396382985', NULL, '2016-01-14 12:29:32', NULL, 4833, NULL, NULL, '4833', NULL, NULL, NULL),
(19, 'vanga', 'veerababu', 'veerujobs1234@gmail.com', 'ilovekiran', '9063975593', NULL, '2016-01-14 12:32:37', NULL, 9309, NULL, NULL, '9309', NULL, NULL, NULL),
(20, 'binoj', 'rajan', 'binojrajan@yahoo.com', 'ASDF11111122', '9449830282', NULL, '2016-01-30 18:55:04', '5ba7266469686af7451a803f9e4fa231', 0, 1, NULL, '1341', NULL, NULL, NULL),
(21, 'DFH', 'JKAV', 'SFFJ@GMAIL.COM', 'MIK@125', '9028465729', NULL, '2016-02-03 17:09:45', NULL, 0, 1, NULL, '9586', NULL, NULL, NULL),
(22, 'Mvl', 'M', 'mvl@gmail.com', '12345678', '9988776655', NULL, '2016-03-11 11:32:04', '460c6680658e99e7d55d9c8f7672d05a', 8410, 1, 1, '8410', 'fvojgBfIpBk:APA91bFo8haeZgp9kfVCtOhb0nO1Mtz4Dfu1PJBAE58jTYLXe4gohA2LFWGLUDxn8NmNN8H9_zEE01OhD3ru4eRZ2A0hekujvXW--9PEeT2-Noi-gjHJqPMzQ1_neZ8UkE4vwQIYcxeV', NULL, NULL),
(23, 'user1', 'mohd', 'user1@gmail.com', '12345678', '9187234567', 'http://uat.bookmytoll.com/bmtservices/uploads/1467631240.jpg', '2016-03-15 13:12:48', 'c975d806d01118d6a7087cd871b6a6ca', 1, 1, NULL, '6185', NULL, NULL, NULL),
(24, 'user2', 'm', 'user2@gmail.com', '12345678', '3214567898', 'http://bookmytoll.com/bmtservices/uploads/1466076982.jpg', '2016-03-15 14:48:17', '02c86362fd5b9bdb3ece510d20679d8a', 0, 1, 1, '1351', NULL, NULL, NULL),
(25, 'user3', 'm', 'user3@gmail.com', '12345678', '4536781239', NULL, '2016-03-15 16:13:39', '087801e4e5a923fcea86b64e0b7af6af', 0, 1, 1, '1457', NULL, NULL, NULL),
(26, 'uesr4', 'm', 'user4@gmail.com', '12345678', '2345679812', NULL, '2016-03-16 10:21:30', NULL, 5537, NULL, NULL, '5537', NULL, NULL, NULL),
(27, 'Nagen', 'M', 'mvr@gmail.com', 'nagharish', '1234567891', NULL, '2016-03-16 10:26:17', NULL, 4018, NULL, NULL, '4018', NULL, NULL, NULL),
(28, 'uesr5', 'm', 'user5@gmail.com', '12345678', '6798453221', NULL, '2016-03-16 11:13:30', '7fd1000cb099ba055fcd8db982ebb9d3', 0, 1, NULL, '4159', NULL, NULL, NULL),
(29, 'Vijaya', 'Lakshmi', 'saichandana52.mca123@gmail.com', '12345678', NULL, 'http://54.255.128.130/bmtservices/uploads/e9797959282ef8c75e825084c3c4e5401459918875.jpg', '2016-04-06 10:31:15', '05ad79f1d52543bd401817ac0b329e94', 1868, NULL, 1, NULL, 'cad8ccaa8b3dc13cc5eae882d1f88f89f050b9d7fd62dc03d0b355c19f6f261e', 'ios', '761058340667359'),
(30, 'sai', 'chandana', 'saichandana52.mca@gmail.com', '123456789', '9160606813', 'http://54.255.128.130/bmtservices/uploads/e9797959282ef8c75e825084c3c4e5401459919828.jpg', '2016-04-06 10:42:17', '65c8529de71deabc1a6f7f65bdede14f', 0, 1, NULL, '5396', 'cnJzVU-AXuo:APA91bHtppDR59hbJAg7zQjNDjCWE-tocpMzCQ7SFm2Mn5IPys2u0Y5EKcvdiSxoquaG1OAdjq0EmyNq56LoBdvu0nW7ZiFC7sHIMQbuIYB7kI3kxPszq6M-0P3IVkujCVVty9luESoc', 'android', NULL),
(31, 'Ramesh', 'Aleti', 'ramesha@tayatech.com', '12345678', '7207788873', 'http://54.255.128.130/bmtservices/uploads/1459951231.jpg', '2016-04-06 14:18:45', 'df63943c8a875e078948620de9fc2f99', 0, 1, NULL, '3996', 'dlWorr5Lmzo:APA91bFTSkaiM6R-OJkC7zdx854VWy5Y_9MPAtv5-VTIqGF026UiRZPAPW2hFhe2dJQrwXYNOaHB0nEeVUIIwgjRggydKy-pqH2gciFrGkP_tAqA6b3GXe-m5ok0U33ChDhEUHhPEnyP', 'android', NULL),
(32, 'lokesh', 's', 'ls@gmail.com', '12345678', '9988772244', NULL, '2016-04-14 18:36:28', 'd7f602b154d855bc2e0a72580c6f4024', 0, 1, 1, '1900', 'fqkG-TibB2U:APA91bFGhlto0iUVRVoSQDdcJwEuvT7qhQhw7JA-fnyKd30f0wV43LrGEB8A6GqE7wmrVfgeMn66nOWvCHlqHGZQn5UrCf6xKjN9mtMdB9vldfIy4TW9G1MK2wmqIOc6NiOHGIzQHd9M', 'android', NULL),
(33, 'kousalya', 'sunkara', 'kousalya2903@gmail.com', 'Malola2508', '9550862999', NULL, '2016-04-17 20:01:29', '93eb1fb38522767ff245278f588cbbd4', 7618, 1, NULL, '9cc31093f81f6024e07a76f5ceaf4bcc', 'eU4HQEcg1Cw:APA91bFNLOg2L3glB5f_MvcQN78Wxv-K0tLh5J21wIImaodbvZaQBnOU2QBIhb1mWOgjwEx8_fq8vZy3FwvZqwpZfQ0WWTb-yQklsh2UDXXIM30inbA-GqCe5w2Fhwl2B-4iD9sJIlA0', 'android', NULL),
(34, 'Ramakrishna', 'Chikkam', 'ramchikkam@gmail.com', 'ishan911', '8333836677', NULL, '2016-04-18 09:03:24', '62b82e1febc9d46401652a446110ed5c', 0, 1, NULL, '6980', 'ekcjspjnVzM:APA91bFNAqw4zt4q3exRPEFFiz_ufh3wU3yObE5ykkwFjve_gvVbbg-rUJImUAtcmvcnzkdUWmICv_Mcq5MGdjtZKJ_Z5F2XCfPGldk8DdZzUkNIR0_MY7vHezwCjN-xNr6sm3qgn5O6', 'android', NULL),
(35, 'Abhimanyu', 'Eati', 'abhimanyu.369@gmail.com', 'anuabhilovers', '7095050954', 'http://bookmytoll.com/bmtservices/uploads/1466154717.jpg', '2016-04-18 11:09:19', '756f5a2f5c37479018da584bced09446', 0, 1, NULL, '8094', 'evlx1sgh3TA:APA91bFHZ-f6jBc8zMUCh9UsSmUGhjiQ-aRRg0fPwyUhnmPxfcZktfZ_PsHDrX5LdEbVoBrPlvsYBOJ3Uvt5A8wvKxqcDtcmDhCJCa90G9qoxFP_HnjZOkjuqyUZGnoIWoG2TquH0Lo_', 'android', NULL),
(36, 'ravi', 'rajak', 'ravirajak62@gmail.com', '1234567890', '8969985577', NULL, '2016-04-18 15:15:17', '7b30b393786c466c8c1da851e420639c', 0, 1, NULL, '3134', 'dG1na05t6Ks:APA91bFhrxIIiagyUuldpwGUT-o-EYXnuLn2i6OAmz-JzL6oO-8gxHsiI7cym8C4jDF-jczWGPhZ1nJEGwQSkgb5Tbm21Gv5KqfdK5tMkysPo8Fi9S9B1nn2Ulapx3zMamXLedytKKdA', 'android', NULL),
(37, 'Ratheesh', 'P K', 'ratheesh.pk@gmail.com', 'achusmom', '9886154560', NULL, '2016-04-19 17:46:55', '2a30b29c139133c67b321388d9852497', 6616, NULL, 1, '', NULL, NULL, NULL),
(38, 'Test', 'Test', 'testxyz@gmail.com', '12345678', '1234567890', NULL, '2016-04-26 12:06:02', NULL, 5876, NULL, NULL, '3389', NULL, NULL, NULL),
(40, 'Sukanya', 'addanki', 'sukanya@raybiztech.com', 'asdfasdf', '9494164194', 'http://54.255.128.130/bmtservices/uploads/1463572649.jpg', '2016-04-27 13:19:10', '1e7f71bfbd62ad92fd5eceed64b0b662', 0, 1, NULL, '7998', 'c5fdb47db86206687e6236a05fa810210403c32d9bfdbed0d9d859f5403b7689', 'ios', NULL),
(41, 'Rbt', 'RAYBIZ', 'fake@gmail.com', '12345678', '9490884783', 'http://54.255.128.130/bmtservices/uploads/1464065246.jpg', '2016-05-04 15:52:39', 'f319ee6a6f7210b71770f330c66d2509', 3581, 1, NULL, '9573', 'c5fdb47db86206687e6236a05fa810210403c32d9bfdbed0d9d859f5403b7689', 'ios', NULL),
(43, 'Sravani', 'Sunku', 'sravani@gmail.com', 'asdfasdf', '8886852465', 'http://54.255.128.130/bmtservices/uploads/1463392202.jpg', '2016-05-04 15:57:15', '37db2cf9fe69d615b9781b6b8b224074', 0, 1, NULL, '65927f2a58bc57f9b51acead7cb969d2', 'coD2k5aY710:APA91bHtUHCC_02CM_lHlMNpntUgXrTxlpOLfaF4-n70eNlmB0CtkMl3JIzyZiURYVTtqSknAt-eKuIwKTXi4MhocXsAHTcYlbovK4VjR1il4z47UKV--cJAOp9j67M-iY0TF4yE6PD8', 'android', NULL),
(44, 'Saikrishna', 'Pawar', 'saikrishna.pawar@rbt.com', 'test1234', '9494979506', NULL, '2016-05-04 16:00:52', NULL, 8714, NULL, NULL, '8714', '', NULL, NULL),
(45, 'Saikrishna', 'Pawar', 'sai@gmail.com', 'saikrishna', '9290055697', NULL, '2016-05-04 17:11:14', NULL, 5911, NULL, NULL, '5911', '', NULL, NULL),
(46, 'Mohammed', 'Shafiullah', 'shafi@ray.com', 'saikrishna', '7829282678', NULL, '2016-05-04 17:16:44', NULL, 9876, NULL, NULL, '9876', 'eiTgwa-gnSY:APA91bEZ7PKrCf9uqHLaCmIth6ji8qTD8bCbBvoTqc66r1XM0xN9XwVrZV_PRx6XKtJsMpym0wQWFoYraay5G_QBNl5IiSF6JuX1tnpu0nQusmiCt3M7Z1S7lZ4FnUEPwhYOJxsfxwY3', NULL, NULL),
(47, 'rahul', 'sharma', 'sukanya.addanki@gmail.com', '12345678', '9032335909', NULL, '2016-05-05 13:57:48', NULL, 5112, NULL, NULL, '5112', '12we34r5t6y7i8hi876v4yubi8nm7o9mn876', NULL, NULL),
(48, 'Saikrishna', 'Pawar', 'krimo@gmail.com', 'saikrishna', '9494164194', NULL, '2016-05-05 17:44:16', NULL, 3917, NULL, NULL, '3917', '', NULL, NULL),
(49, 'Saikrishna', 'Pawar', 'saikr@gmail.com', 'saikrishna', '4569858856', NULL, '2016-05-05 17:46:02', NULL, 4883, NULL, NULL, '4883', '', NULL, NULL),
(50, 'Saikrishn', 'pawar', 'saikrishna.pawar@gmail.com', 'saikrishna', '6598659465', NULL, '2016-05-05 17:49:07', NULL, 4715, NULL, NULL, '4715', '', NULL, NULL),
(51, 'saikrishna', 'pawar', 'sfg@gmail.com', 'saikrishna', '8546484848', NULL, '2016-05-05 17:56:26', NULL, 6574, NULL, NULL, '6574', '', NULL, NULL),
(52, 'saikrishna', 'pawar', 'saifgk@gmail.com', 'saikrishna', '3636363658', NULL, '2016-05-05 18:00:38', NULL, 9692, NULL, NULL, '9692', '', NULL, NULL),
(53, 'saikj', 'pawar', 'slk@gmail.com', 'saikrishna', '6969458423', NULL, '2016-05-05 18:01:31', NULL, 1906, NULL, NULL, '1906', '', NULL, NULL),
(54, 'saikrijj', 'hdhdhd', 'yhjj@gmail.com', 'saikrishna', '6454145087', NULL, '2016-05-05 18:06:46', NULL, 5538, NULL, NULL, '5538', '', NULL, NULL),
(55, 'hdud', 'uffifififdfgg', 'ghjj@gmail.com', 'saikrishna', '5685742585', NULL, '2016-05-05 18:16:38', NULL, 9871, NULL, NULL, '9871', '', NULL, NULL),
(56, 'saikrishna', 'hgdhd', 'krihu@gmail.vom', 'saikrishna', '5648525836', NULL, '2016-05-05 18:18:26', NULL, 8701, NULL, NULL, '8701', '', NULL, NULL),
(57, 'saikdhd', 'hdhdhd', 'suku@gmail.com', 'saikrishna', '5422223654', NULL, '2016-05-05 18:35:54', NULL, 6339, NULL, NULL, '6339', '', NULL, NULL),
(58, 'hshsys', 'gshshs', 'sadg@gmail.com', 'saikrishna', '6969325845', NULL, '2016-05-05 18:40:28', NULL, 3584, NULL, NULL, '3584', '', NULL, NULL),
(59, 'san', 'maram', 'sandeepmaaram@gmail.com', '12345678', '9502770636', 'http://bookmytoll.com/bmtservices/uploads/1465983900.jpg', '2016-05-06 12:21:22', 'd6ca0f173dfa93dcd8a5ace7af88cb19', 6755, 0, NULL, 'eb4e0235b0250b5e295c12ee9baf4d9a', 'fTE3DmP1qlc:APA91bHZZc9wByGT_q1aa8GZKLtHpLtekl9LV-Z2LOd8-vzP0GW4B2SVsbJSnWODQysJgq9Wdrd7SkQN2VYhvMZfLKCBSzyINLsvcHt15XZjQGBCTJxBbc7l4qcpTOa_ZP0Nvs40928N', 'android', NULL),
(60, 'govind', 'sonu', 'saigovind4@gmail.com', '1234567890', '9963888028', NULL, '2016-05-06 12:47:07', 'b00f8c524a42a875a2dc8960cfa9058d', 9613, NULL, NULL, '9613', 'bd58beaa6d66348e50980aa24e96928ffa8e700a8736ca27bedcdd36a01887bb', 'ios', NULL),
(61, 'Govind', 'Bhonsle', 'saigovi@gmail.com', '9876543210', '0123456789', NULL, '2016-05-06 15:33:15', NULL, 5414, NULL, NULL, '5414', NULL, NULL, NULL),
(62, 'shafi', 'M', 'shafi@gmail.com', 'zxcvbnmm', '9014792920', NULL, '2016-05-06 15:55:51', NULL, 1119, NULL, NULL, '1119', '12we34r5t6y7i8hi876v4yubi8nm7o9mn876', NULL, NULL),
(63, 'vincy', 'dal', 'vincy@gmail.com', '8008707226', '8008707225', NULL, '2016-05-06 16:01:13', NULL, 1884, NULL, NULL, '1884', '12we34r5t6y7i8hi876v4yubi8nm7o9mn876', NULL, NULL),
(64, 'saikroshna', 'hshdhdh', 'hdhdhd@fg.com', 'saikrishna', '8455235469', NULL, '2016-05-06 16:09:41', NULL, 1916, NULL, NULL, '1916', '', NULL, NULL),
(65, 'qwerty', 'asdf', 'vinni@gmail.com', 'asdfasdf', '8008707224', NULL, '2016-05-06 16:45:14', NULL, 6642, NULL, NULL, '6642', '12we34r5t6y7i8hi876v4yubi8nm7o9mn876', NULL, NULL),
(66, 'saikrishna', 'pawar', 'saikrishnap@gmail.com', 'saikrishna', '9177051677', NULL, '2016-05-06 17:01:06', NULL, 9823, NULL, NULL, '9823', '', NULL, NULL),
(67, 'saikrishna', 'pawar', 'hjahshtu@gmail.com', 'saikrishna', '9550905523', NULL, '2016-05-06 17:07:18', NULL, 0, 1, NULL, '6447', '', NULL, NULL),
(68, 'abc', 'bcd', 'qwerty@gmail.com', 'asdfasdf', '9032335908', NULL, '2016-05-06 17:34:00', NULL, 5861, NULL, NULL, '5861', '', NULL, NULL),
(69, 'Akhil', 'mittal', 'akhil@gmail.com', 'asdfasdf', '1023456789', NULL, '2016-05-06 17:43:17', NULL, 7646, NULL, NULL, '7646', 'asd345f454gi461248234wnf834572worj', NULL, NULL),
(70, 'saikrishna', 'pawar', 'shj@gmail.com', 'saikrishna', '9550905548', NULL, '2016-05-06 18:00:00', NULL, 0, 1, NULL, '8656', '', NULL, NULL),
(71, 'saikrishna', 'pawar', 'saikjhgv@gmail.com', 'saikrishna', '9550905521', NULL, '2016-05-06 18:11:26', NULL, 0, 1, NULL, '5971', '', NULL, NULL),
(72, 'saikrishna', 'pawar', 'saikhjbg@gmail.com', 'saikrishna', '9550908863', NULL, '2016-05-06 18:27:16', NULL, 2666, NULL, NULL, '2666', '', NULL, NULL),
(73, 'saikrishna', 'pawar', 'yhhh@gmail.com', 'saikrishna', '9550906632', NULL, '2016-05-06 18:28:04', NULL, 0, 1, NULL, '5452', '', NULL, NULL),
(74, 'vinni', 'v', 'vini@gmail.com', 'asdfasdf', '8008707223', NULL, '2016-05-06 18:46:12', NULL, 8678, NULL, NULL, '8678', '12we34r5t6y7i8hi876v4yubi8nm7o9mn876', NULL, NULL),
(75, 'vin', 'v', 'vinnu@gmail.com', 'asdfasdf', '8008707221', NULL, '2016-05-06 18:48:51', NULL, 5004, NULL, NULL, '5004', '12we34r5t6y7i8hi876v4yubi8nm7o9mn876', NULL, NULL),
(76, 'power', 'p', 'baby@gmail.com', 'asdfasdf', '8008707220', NULL, '2016-05-06 18:50:03', NULL, 8848, NULL, NULL, '8848', '12we34r5t6y7i8hi876v4yubi8nm7o9mn876', NULL, NULL),
(77, 'balu', 'b', 'bala@gmail.clm', 'qwertyuiop', '1020336690', NULL, '2016-05-06 18:58:41', NULL, 6113, NULL, NULL, '6113', '12we34r5t6y7i8hi876v4yubi8nm7o9mn876', NULL, NULL),
(78, 'bhushan', 'b', 'bhushan@gmail.com', 'asdfasdf', '1472583690', NULL, '2016-05-06 19:01:35', NULL, 4043, NULL, NULL, '4043', '12we34r5t6y7i8hi876v4yubi8nm7o9mn876', NULL, NULL),
(79, 'sada', 's', 'sada@gmail.com', 'asdfasdf', '7896541320', NULL, '2016-05-06 19:08:37', NULL, 5336, NULL, NULL, '5336', '12we34r5t6y7i8hi876v4yubi8nm7o9mn876', NULL, NULL),
(80, 'cat', 'c', 'cat@gmail.com', 'asdfasdf', '9032335907', NULL, '2016-05-06 19:15:04', NULL, 4593, NULL, NULL, '8dbe228ed5a8c2720d9e5eb6317812b5', '12we34r5t6y7i8hi876v4yubi8nm7o9mn876', NULL, NULL),
(81, 'Vinaya', 'Balaji', 'vinaya.balaji@raybiztech.com', '1234567890', '9876543210', NULL, '2016-05-09 10:39:40', '21c4094117d08d68f659275b30d47b43', 1573, NULL, NULL, '1573', NULL, NULL, NULL),
(82, 'Teja', 'T', 'teja@gmail.com', 'asdfasdf', '1234523456', NULL, '2016-05-09 11:07:45', NULL, 3177, NULL, NULL, '3177', '', NULL, NULL),
(83, 'Teja', 'T', 'teja@yahoo.com', 'asdfasdf', '1234523455', NULL, '2016-05-09 12:04:14', NULL, 1769, NULL, NULL, '1769', '', NULL, NULL),
(84, 'satish', 'k', 'satish@gmail.com', 'asdfasdf', '8799512456', NULL, '2016-05-09 12:19:53', NULL, 6925, NULL, NULL, '6925', '12we34r5t6y7i8hi876v4yubi8nm7o9mn876', NULL, NULL),
(85, 'satish', 's', 'ssatish@gmail.com', 'asdfasdf', '4567891230', NULL, '2016-05-09 12:23:20', NULL, 6368, NULL, NULL, '6368', '12we34r5t6y7i8hi876v4yubi8nm7o9mn876', NULL, NULL),
(86, 'sirisha', 's', 'sirisha@gmail.com', 'asdfasdf', '7894236180', NULL, '2016-05-09 12:27:08', NULL, 3710, NULL, NULL, '3710', '12we34r5t6y7i8hi876v4yubi8nm7o9mn876', NULL, NULL),
(87, 'bhanu', 'b', 'bhanu@gmail.com', 'qwertyui', '4561237812', NULL, '2016-05-09 12:30:52', NULL, 4053, NULL, NULL, '4053', '12we34r5t6y7i8hi876v4yubi8nm7o9mn876', NULL, NULL),
(88, 'bhanumathi', 'b', 'bhanumathi@gmail.com', 'asdfasdf', '4402536985', NULL, '2016-05-09 12:32:24', NULL, 5704, NULL, NULL, '5704', '12we34r5t6y7i8hi876v4yubi8nm7o9mn876', NULL, NULL),
(89, 'ramarao', 'n', 'ramarao@gmail.com', 'asdfasdf', '0852963741', NULL, '2016-05-09 12:35:06', NULL, 8923, NULL, NULL, '8923', '12we34r5t6y7i8hi876v4yubi8nm7o9mn876', NULL, NULL),
(90, 'sravs', 's', 'sravs@gmail.com', 'asdfasdf', '9032335808', NULL, '2016-05-09 12:38:57', NULL, 3321, NULL, NULL, '3321', '12we34r5t6y7i8hi876v4yubi8nm7o9mn876', NULL, NULL),
(91, 'revathi', 'g', 'revathi.g@gmail.com', 'asdfasdf', '9848922052', NULL, '2016-05-09 12:40:27', NULL, 3161, NULL, NULL, '3161', '12we34r5t6y7i8hi876v4yubi8nm7o9mn876', NULL, NULL),
(92, 'bhavana', 'b', 'bhavana@gmail.com', 'asdfasdf', '9818922053', NULL, '2016-05-09 12:41:31', NULL, 9258, NULL, NULL, '9258', '12we34r5t6y7i8hi876v4yubi8nm7o9mn876', NULL, NULL),
(94, 'sandeep', 'maram', 'sandeep.mara@raybiztech.com', 'android1@3', '9898989898', NULL, '2016-05-09 12:51:51', NULL, 0, 1, NULL, '8809', '', NULL, NULL),
(95, 'vinay', 'balaji', 'balaji@gmail.com', 'android1@3', '9879879879', NULL, '2016-05-09 13:07:06', NULL, 2146, 1, NULL, '8771', '', NULL, NULL),
(96, 'Govind', 'Sonu', 'govind@gmail.com', '1234512345', '9876987698', 'http://bookmytoll.com/bmtservices/uploads/1466066398.jpg', '2016-05-09 13:09:55', '376e7ff40fea3137c349c7332d0525cc', 3336, NULL, NULL, '3336', 'dJCXmzerhZc:APA91bF4QLHpXripGYbwfX0nyn_rBs2DAlJ8_yeZrdd2QNl7K5ZbUfJXc8gStmIH-w-9FHbpsrN73enFKb4dj7kphulk7au8yC-IIlAdR8zgjBQbH-BK3sZdyqO7lRXTok71qXrgkM0C', NULL, NULL),
(97, 'Saikrishna', 'Pawar', 'f2dude@gmail.com', 'saikrishna', '8143897530', NULL, '2016-05-09 16:42:10', 'b3b7531d6d9b3b7522167bf749b8c48b', 0, 1, NULL, '3344', '', NULL, NULL),
(98, 'Rajesh', 'Challuri', 'goudchalluri@gmail.com', '555555555', '9032160025', 'http://54.255.128.130/bmtservices/uploads/1463569275.jpg', '2016-05-09 22:43:26', '8c122f8bee1d8b19c83773fad629fc6c', 2459, 1, NULL, 'd3dfbc0d4901e77b4f1afeb9c7dd6a88', 'coD2k5aY710:APA91bHtUHCC_02CM_lHlMNpntUgXrTxlpOLfaF4-n70eNlmB0CtkMl3JIzyZiURYVTtqSknAt-eKuIwKTXi4MhocXsAHTcYlbovK4VjR1il4z47UKV--cJAOp9j67M-iY0TF4yE6PD8', 'android', NULL),
(99, 'vinay', 'qw', 'vinay@gmail.com', '12341/34', '9490884783', 'http://bookmytoll.com/bmtservices/uploads/1466054159.jpg', '2016-05-11 10:41:01', '26ef9e2f621425c177018f15bbc68b44', 0, 1, NULL, '2695', '12we34r5t6y7i8hi876v4yubi8nm7o9mn876', NULL, NULL),
(100, 'akhil', 'mittal', 'akhilm@raybiztech.com', 'asdfasdf', '9700041000', NULL, '2016-05-11 14:16:47', '6600c6d3d57a7bad6ed2d2d121dc6fea', 1478, NULL, NULL, '1478', '12we34r5t6y7i8hi876v4yubi8nm7o9mn876', NULL, NULL),
(101, 'sudha', 'n', 'su@gmail.com', 'asdfasdf', '8985647137', 'http://uat.bookmytoll.com/bmtservices/uploads/1468922129.jpg', '2016-05-11 16:04:51', '7ac6fb19910cbdfa3724ae2958992fe2', 7840, NULL, NULL, '7840', '12we34r5t6y7i8hi876v4yubi8nm7o9mn876', NULL, NULL),
(102, 'praveen', 'p', 'praveen@raybiztech.com', 'asdfasdf', '8688885949', NULL, '2016-05-11 16:18:04', '9a07fb654b436e3308287f2c19a1c1df', 4672, NULL, NULL, '4672', '12we34r5t6y7i8hi876v4yubi8nm7o9mn876', NULL, NULL),
(103, 'Rakesh', 'Kumar', 'raki@gmail.com', 'Raj@55555', '8886777394', NULL, '2016-05-12 12:51:57', '1d1b28f8170580d90ea3695b9fb5e98d', 5085, 1, NULL, '8025', 'fTE3DmP1qlc:APA91bHZZc9wByGT_q1aa8GZKLtHpLtekl9LV-Z2LOd8-vzP0GW4B2SVsbJSnWODQysJgq9Wdrd7SkQN2VYhvMZfLKCBSzyINLsvcHt15XZjQGBCTJxBbc7l4qcpTOa_ZP0Nvs40928N', 'android', NULL),
(111, 'iPhone', '6', 'iphone6@gmail.com', '12345678', '8008179239', 'http://bookmytoll.com/bmtservices/uploads/1466077490.jpg', '2016-05-12 16:09:43', '24f7fb590155a25db35e2bc369d56b28', 0, 1, NULL, '6669', 'f97139e86caa87138ea18287aa0fe9be4ec06721e07b868166bc55c5678e46c2', NULL, NULL),
(113, 'Govind', 'Sonu', 'govind@gmail.com', '12345678', '8427909353', 'http://54.255.128.130/bmtservices/uploads/1463640917.jpg', '2016-05-19 12:11:26', 'bcd9ba6a16bba93cedc6230fc644ed83', 0, 1, NULL, '2780', '5d609bfe84ae8c1a91e15dadf32d02145b561a074f3e59600cba75c9962cb097', NULL, NULL),
(115, 'saurav', 'singh', 'saurav@gmail.com', '12345678', '7794878417', NULL, '2016-05-20 10:25:27', '739223dbd2aaf55a8f52a2bfbfd532c1', 8149, 0, NULL, '6822', '', NULL, NULL),
(122, 'Bhanu', 'Rao', 'bhanojee@gmail.com', '12345678', '9491928088', '', '2016-05-24 17:13:15', 'c90421ead6a5bb2ee8c4c76bb5f45710', 0, 1, NULL, '6882', 'c5fdb47db86206687e6236a05fa810210403c32d9bfdbed0d9d859f5403b7689', 'ios', NULL),
(123, 'sandy', 'm', 'msrt20@gmail.com', '12345678', '8019980179', NULL, '2016-05-24 18:04:06', NULL, 3707, NULL, NULL, '1285', '', NULL, NULL),
(125, 'Mani', 'Kanta', 'qwe@qwe.com', '12341234', '8464953946', NULL, '2016-05-24 19:04:08', 'c3039b4d5ec340db90910e8db8a15cae', 5692, NULL, NULL, '5629', '', NULL, NULL),
(126, 'lokesh', 'sahu', 'tlokeshsahu@gmail.com', '12345678', '8019402770', 'http://54.255.128.130/bmtservices/uploads/1465319541.jpg', '2016-05-30 17:46:24', '2f59eb6f29f09560fe601b9c6f2d24a2', 0, 1, NULL, '8847', 'fVssg40bK6c:APA91bFo-VPoNGiDU5bt-1omP6B4GAJn7KZAfxp-R9DUbw4hYX2f4dSopQJsoBNvfoFpqao9mPJ3JzXJRCeTJctmxBP73Ba0prYzYOFrgzXzXq6_Z-BGsLUL_d_JKdudmlNfNjFyKqnQ', 'android', NULL),
(127, 'Sundeep', 'Deepu', 'sundeepgurumurthy@gmail.com', '09346290', '9885681661', NULL, '2016-06-07 12:26:23', '04f07f2e05527234e19b89ea22821599', 5459, 1, NULL, '1283', 'f6dGFNOAWVA:APA91bEMASN-OBpL04PKlLRn_6dKXdhYZwEWcTmg3xQvb0gvKARj_qFiceCT3ZrxnxJrDv0IaGLcxe4DaqqbNFN7C-ynB-WO10KLQoIRC82ngpBVDA0LCiRkOUt0z1z7bPva-xzkc0up', 'android', NULL),
(129, 'Sandeep', 'Maram', 'sandeep.maram@rbt.com', '12345678', '9502770639', NULL, '2016-06-09 19:15:13', NULL, 5384, 1, NULL, '5384', '', NULL, NULL),
(130, 'rajesh', 'goud challuri', 'asdf@kjhg.com', '11111111', '8686231385', 'http://bookmytoll.com/bmtservices/uploads/1465969093.jpg', '2016-06-13 16:24:42', '0168c1cda3793e4cb8c4d7cfca018dbd', 0, 1, NULL, '8267', '', NULL, NULL),
(131, 'venky', 'bunari', 'venkatesh.bunari@raybh.com', '12341234', '9502917588', 'http://uat.bookmytoll.com/bmtservices/uploads/1469015409.jpg', '2016-06-14 12:23:36', '3c560b54b6690db8998993e3251cdc8b', 4741, 1, NULL, '5168', '', NULL, NULL),
(132, 'Saikrishna', 'Pawar', 'jimmypawar312@gmail.com', '12345678', '9550905510', 'http://bookmytoll.com/bmtservices/uploads/1465997910.jpg', '2016-06-15 17:10:07', '08deb0044fb114bec7e26220eaef0a89', 0, 1, NULL, '9872', '', NULL, NULL),
(133, 'anil', 'alapati', 'hdhdjd@hdhd.com', '12345678', '9032239122', NULL, '2016-06-16 13:59:29', '7c82ad2ea994714929e7356c5dff469d', 4897, 1, 1, '', 'f928f3b39effb0cf61ac1af803a88feff63dee478778fba3fd4e1eeba44562d5', NULL, NULL),
(134, 'govind', 'sonu', 'son@gmail.com', '12345678', '9573381186', 'http://bookmytoll.com/bmtservices/uploads/1469438842.jpg', '2016-06-16 15:45:47', 'f0f3396f0caca7c23841c355659d329f', 0, 1, NULL, '3312', '326b77c538b8f2b12ec37c777e62ce5934e41207c1cdf83a7906f5ae627ffb57', NULL, NULL),
(135, '123', '2115', 'hhhhhhn@jbhj.von', '123456789', '1234567899', NULL, '2016-06-16 16:47:01', NULL, 8664, NULL, NULL, '8664', '', NULL, NULL),
(136, 'sandy', 'maram', 'msrt200@gmail.com', '12345678', '9494910452', NULL, '2016-06-16 19:57:31', 'a854c84b507abc76fed3fb2cb0320fe9', 0, 1, NULL, '3871', '', NULL, NULL),
(137, 'AKS', 'Singh', 'thakurakhilesh19@gmail.com', 'aksaks19', '9246833330', 'http://bookmytoll.com/bmtservices/uploads/1466149412.jpg', '2016-06-17 13:09:43', '504ae4db64b4900bb76e4fecc6e7e891', 0, 1, NULL, '3444', '', NULL, NULL),
(138, 'biswajith', 'singh', 'singhbiswajith@gmail.com', 'ap09bp0990', '9399916751', NULL, '2016-06-17 16:11:01', '49ab9125a3c324abd69aba2c8b90b029', 0, 1, NULL, '8293', '', NULL, NULL);

-- --------------------------------------------------------

--
-- Table structure for table `vehicles`
--

CREATE TABLE IF NOT EXISTS `vehicles` (
  `vehicle_id` int(11) NOT NULL AUTO_INCREMENT,
  `user_id` int(10) NOT NULL,
  `model_id` int(11) NOT NULL,
  `vehicle_no` varchar(50) NOT NULL,
  `way_type` varchar(10) DEFAULT NULL,
  `enable_status` enum('0','1') NOT NULL DEFAULT '1',
  `default_status` enum('0','1') NOT NULL DEFAULT '0',
  `created_date` datetime NOT NULL,
  `status_flag` enum('0','1') NOT NULL DEFAULT '1',
  `paid_status` enum('0','1') NOT NULL DEFAULT '0',
  `passing_status` enum('0','1') NOT NULL DEFAULT '0',
  UNIQUE KEY `vehicle_id` (`vehicle_id`)
) ENGINE=InnoDB  DEFAULT CHARSET=latin1 AUTO_INCREMENT=274 ;

--
-- Dumping data for table `vehicles`
--

INSERT INTO `vehicles` (`vehicle_id`, `user_id`, `model_id`, `vehicle_no`, `way_type`, `enable_status`, `default_status`, `created_date`, `status_flag`, `paid_status`, `passing_status`) VALUES
(1, 1, 1, 'TS 07 EQ 2675', NULL, '1', '1', '2016-05-13 18:07:13', '1', '1', '0'),
(2, 1, 1, 'AP 20 AF 1234', NULL, '1', '0', '2016-05-16 11:32:04', '0', '0', '0'),
(3, 1, 1, 'AP 12 HY 1234', NULL, '1', '0', '2016-05-16 17:12:06', '0', '0', '1'),
(4, 2, 1, 'ff7f', NULL, '1', '0', '2016-05-18 16:34:10', '0', '0', '0'),
(5, 2, 1, 'ucvuf', NULL, '1', '0', '2016-05-18 16:34:31', '0', '0', '0'),
(6, 2, 1, 'AP13N2979', NULL, '1', '0', '2016-05-18 16:50:44', '1', '0', '0'),
(7, 2, 2, 'AP13t2979', NULL, '1', '0', '2016-05-18 17:49:59', '1', '0', '0'),
(8, 2, 2, 'a13N2979', NULL, '0', '0', '2016-05-18 17:51:47', '1', '0', '0'),
(9, 2, 1, 'vv', NULL, '1', '0', '2016-05-18 17:52:04', '1', '0', '0'),
(10, 2, 1, 'AP13N2979AP13N2979AP13N2979', NULL, '1', '1', '2016-05-18 17:55:11', '1', '0', '0'),
(11, 2, 2, 'hzktxktclycoyx', NULL, '1', '0', '2016-05-18 18:19:14', '0', '0', '0'),
(12, 2, 2, 'itcd66od84f', NULL, '1', '0', '2016-05-18 18:19:44', '0', '0', '0'),
(13, 2, 2, 'ydxjfxitcykckycoyfyof', NULL, '1', '0', '2016-05-18 18:22:22', '0', '0', '0'),
(14, 3, 1, 'gg', NULL, '1', '1', '2016-05-18 18:47:13', '1', '0', '0'),
(15, 3, 1, '1000', NULL, '1', '0', '2016-05-19 09:50:14', '1', '0', '0'),
(16, 1, 1, 'Ap 12j2332', NULL, '1', '0', '2016-05-19 10:41:28', '1', '1', '0'),
(17, 11, 2, 'sdrt', NULL, '0', '0', '2016-05-19 18:32:14', '0', '0', '0'),
(18, 11, 2, 'dhjhv', NULL, '0', '0', '2016-05-19 18:32:27', '0', '0', '0'),
(19, 11, 1, 'thg', NULL, '', '0', '2016-05-19 18:33:20', '0', '0', '0'),
(20, 11, 2, 'xbvyvgh', NULL, '1', '0', '2016-05-19 19:10:20', '0', '0', '0'),
(21, 12, 1, 'AP 2926 AR 6858', NULL, '1', '0', '2016-05-20 10:39:08', '0', '0', '0'),
(22, 12, 1, 'AP2345IN', NULL, '1', '1', '2016-05-20 10:39:42', '1', '0', '0'),
(23, 12, 1, 'AP123TN', NULL, '1', '0', '2016-05-20 10:44:01', '1', '0', '0'),
(24, 4, 2, '1245678', NULL, '1', '0', '2016-05-20 12:04:57', '1', '0', '0'),
(25, 11, 1, 'PN 1245 BN 79', NULL, '0', '0', '2016-05-20 12:07:34', '0', '0', '0'),
(26, 11, 1, 'MH 7864 HG 799', NULL, '0', '0', '2016-05-20 12:08:56', '0', '0', '0'),
(27, 14, 1, 'h cy', NULL, '1', '0', '2016-05-20 12:33:31', '0', '0', '0'),
(28, 1, 1, 'AS 2345 CV 5664', NULL, '1', '0', '2016-05-20 12:33:42', '0', '0', '0'),
(29, 1, 1, 'AR 3454 DF 4431', NULL, '1', '0', '2016-05-20 12:35:40', '0', '0', '0'),
(30, 1, 1, 'febht', NULL, '1', '0', '2016-05-20 12:35:50', '0', '0', '0'),
(31, 1, 1, 'sdct', NULL, '1', '0', '2016-05-20 12:39:12', '0', '0', '0'),
(32, 4, 1, 'fjdbffhttps://webapp.diawi.com/install/1Ao9aN', NULL, '1', '0', '2016-05-20 12:40:32', '0', '0', '0'),
(33, 1, 1, 'djx', NULL, '1', '0', '2016-05-20 12:49:17', '0', '0', '0'),
(34, 15, 2, 'test44', NULL, '1', '0', '2016-05-20 13:52:55', '0', '0', '0'),
(35, 15, 2, 'dhdh', NULL, '1', '0', '2016-05-20 13:53:34', '0', '0', '0'),
(36, 15, 2, 'fjcjc', NULL, '1', '0', '2016-05-20 13:55:45', '0', '0', '0'),
(37, 1, 1, 'AP1237IN', NULL, '1', '0', '2016-05-20 14:01:14', '0', '0', '0'),
(38, 4, 1, 'sfgbgh', NULL, '1', '0', '2016-05-20 14:07:18', '0', '0', '0'),
(39, 4, 1, 'FHT', NULL, '1', '0', '2016-05-20 14:07:29', '1', '0', '0'),
(40, 4, 1, 'portman', NULL, '1', '0', '2016-05-20 14:07:41', '1', '0', '0'),
(41, 4, 1, 'h', NULL, '0', '0', '2016-05-20 14:07:49', '1', '0', '0'),
(42, 4, 1, 'fm', NULL, '1', '0', '2016-05-20 14:07:58', '0', '0', '0'),
(43, 4, 1, 'fhn', NULL, '1', '0', '2016-05-20 14:08:07', '0', '0', '0'),
(44, 4, 1, 'gu', NULL, '1', '0', '2016-05-20 14:08:20', '0', '0', '0'),
(45, 4, 1, 'JH', NULL, '1', '0', '2016-05-20 14:08:31', '0', '0', '0'),
(46, 4, 2, 'nnbb', NULL, '0', '0', '2016-05-20 14:08:40', '0', '0', '0'),
(47, 4, 1, 'fgvdrf', NULL, '1', '0', '2016-05-20 14:29:15', '0', '0', '0'),
(48, 4, 1, 'GF', NULL, '0', '0', '2016-05-20 14:55:14', '0', '0', '0'),
(49, 4, 1, 'AE CV hjv', NULL, '1', '1', '2016-05-20 15:01:22', '1', '0', '0'),
(50, 1, 2, 'AP 12 AX 2565', NULL, '1', '0', '2016-05-20 15:11:13', '1', '0', '0'),
(51, 14, 1, 'ap29bd8536', NULL, '0', '0', '2016-05-22 08:58:17', '0', '0', '0'),
(52, 11, 2, 'ryhgf', NULL, '1', '0', '2016-05-23 10:26:33', '0', '0', '0'),
(53, 11, 2, 'xgggf', NULL, '0', '0', '2016-05-23 10:29:58', '0', '0', '0'),
(54, 11, 2, 'crc h', NULL, '0', '0', '2016-05-23 10:30:09', '0', '0', '0'),
(55, 11, 2, 'fghhi', NULL, '0', '0', '2016-05-23 10:30:25', '0', '0', '0'),
(56, 11, 1, 'eryuicf', NULL, '1', '0', '2016-05-23 10:30:37', '0', '0', '0'),
(57, 11, 2, 'hhgghh', NULL, '1', '0', '2016-05-23 10:30:45', '0', '0', '0'),
(58, 11, 2, 'jvvvvh', NULL, '1', '0', '2016-05-23 10:30:53', '0', '0', '0'),
(59, 11, 2, '24579', NULL, '1', '0', '2016-05-23 10:31:12', '0', '0', '0'),
(60, 11, 2, 'dchj', NULL, '1', '0', '2016-05-23 10:32:18', '0', '0', '0'),
(61, 11, 1, 'erryy', NULL, '1', '0', '2016-05-23 12:27:56', '0', '0', '0'),
(62, 11, 2, 'fuhcr', NULL, '1', '0', '2016-05-23 12:28:04', '0', '0', '0'),
(63, 11, 2, 'ft', NULL, '0', '0', '2016-05-23 12:28:31', '1', '0', '0'),
(64, 11, 2, '113456', NULL, '0', '1', '2016-05-23 12:28:39', '1', '0', '0'),
(65, 11, 1, '12468', NULL, '0', '0', '2016-05-23 14:21:12', '1', '0', '0'),
(66, 11, 2, 'ccyvug', NULL, '1', '0', '2016-05-23 14:21:21', '1', '0', '0'),
(67, 11, 2, 'chcuvih', NULL, '0', '0', '2016-05-23 14:21:31', '1', '0', '0'),
(68, 4, 2, 'raybiztech', NULL, '1', '0', '2016-05-23 14:57:25', '1', '0', '0'),
(69, 4, 1, 'biz', NULL, '1', '0', '2016-05-23 14:57:48', '0', '0', '0'),
(70, 4, 2, 'tech', NULL, '0', '0', '2016-05-23 14:58:04', '1', '0', '0'),
(71, 19, 1, '123467890', NULL, '1', '0', '2016-05-24 11:14:23', '1', '0', '0'),
(72, 12, 2, 'q', NULL, '1', '0', '2016-05-24 11:25:06', '1', '0', '0'),
(73, 12, 1, 'c', NULL, '1', '0', '2016-05-24 11:35:58', '1', '0', '0'),
(74, 12, 1, 'tyyrjdidjcidjcidjcidkjcjdncjdjcijdjbdirjdiixikorib', NULL, '1', '0', '2016-05-24 11:36:24', '0', '0', '0'),
(75, 12, 2, 'ycyocoyc9', NULL, '1', '0', '2016-05-24 11:37:28', '1', '0', '0'),
(76, 22, 2, 'test1', NULL, '1', '1', '2016-05-24 16:10:55', '1', '0', '0'),
(77, 25, 1, 'tesy2', NULL, '0', '0', '2016-05-24 16:11:24', '1', '0', '0'),
(78, 25, 2, '3', NULL, '0', '0', '2016-05-24 16:13:46', '1', '0', '0'),
(79, 25, 2, '3', NULL, '1', '1', '2016-05-24 16:13:55', '1', '0', '0'),
(80, 11, 1, 'cfghg', NULL, '1', '0', '2016-05-24 16:53:47', '1', '0', '0'),
(81, 11, 2, 'fgff', NULL, '1', '0', '2016-05-24 16:55:33', '0', '0', '0'),
(82, 25, 2, '3', NULL, '1', '0', '2016-05-24 17:24:20', '1', '0', '0'),
(83, 19, 2, 'edgg', NULL, '1', '1', '2016-05-24 18:49:11', '1', '0', '0'),
(84, 19, 2, 'qwery', NULL, '1', '0', '2016-05-24 18:49:25', '1', '0', '0'),
(85, 19, 2, 'nyny', NULL, '1', '0', '2016-05-24 18:49:32', '1', '0', '0'),
(86, 19, 1, 'bnn', NULL, '0', '0', '2016-05-24 18:50:03', '1', '0', '0'),
(87, 13, 1, 'AP 6756 7868', NULL, '1', '0', '2016-05-25 11:19:24', '1', '0', '0'),
(88, 13, 2, 'GF 3759 GR 59', NULL, '1', '1', '2016-05-25 11:21:18', '1', '0', '0'),
(89, 4, 2, '1234', NULL, '1', '0', '2016-05-25 14:17:28', '1', '0', '0'),
(90, 3, 2, 'xhfh', NULL, '0', '0', '2016-05-25 18:31:30', '1', '0', '0'),
(91, 3, 2, 'xyuff', NULL, '1', '0', '2016-05-25 18:31:43', '1', '0', '0'),
(92, 3, 2, 'rr', NULL, '0', '0', '2016-05-25 18:37:59', '1', '0', '0'),
(93, 13, 1, 'AP 575 HI', NULL, '1', '0', '2016-05-26 12:50:34', '0', '0', '0'),
(94, 13, 2, 'ZC 588 GH 575', NULL, '1', '0', '2016-05-26 13:17:09', '1', '0', '0'),
(95, 3, 2, 'sgshsjsksus', NULL, '1', '0', '2016-05-26 15:00:31', '1', '0', '0'),
(96, 3, 2, 'jajaakskn', NULL, '0', '0', '2016-05-26 15:00:51', '1', '0', '0'),
(97, 3, 1, 'but Hauahak', NULL, '1', '0', '2016-05-26 15:01:07', '1', '0', '0'),
(98, 3, 2, 'snsjajwkdhHa', NULL, '1', '0', '2016-05-26 15:01:35', '1', '0', '0'),
(99, 3, 1, 'sbshsksjaj', NULL, '1', '0', '2016-05-26 15:01:53', '1', '0', '0'),
(100, 3, 1, 'susjdvgjqbzh', NULL, '1', '0', '2016-05-26 15:02:10', '1', '0', '0'),
(101, 3, 2, 'susjwhwggz', NULL, '1', '0', '2016-05-26 15:02:31', '1', '0', '0'),
(102, 3, 2, 'isisjeejenej', NULL, '1', '0', '2016-05-26 15:03:08', '1', '0', '0'),
(103, 3, 2, '11111', NULL, '1', '0', '2016-05-26 15:03:43', '1', '0', '0'),
(104, 22, 1, 'test2', NULL, '1', '0', '2016-05-31 10:52:31', '1', '0', '0'),
(105, 22, 2, 'test3', NULL, '1', '0', '2016-05-31 10:52:40', '1', '0', '0'),
(106, 22, 2, 'test4', NULL, '1', '0', '2016-05-31 10:52:51', '1', '0', '0'),
(107, 22, 1, 'test44', NULL, '1', '0', '2016-05-31 10:53:05', '1', '0', '0'),
(108, 22, 2, 'test5', NULL, '1', '0', '2016-05-31 10:55:53', '1', '0', '0'),
(109, 22, 1, 'teat55', NULL, '1', '0', '2016-05-31 10:56:03', '1', '0', '0'),
(110, 22, 1, 'teat6', NULL, '1', '0', '2016-05-31 10:56:50', '1', '0', '0'),
(111, 22, 1, 'test66', NULL, '1', '0', '2016-05-31 10:57:00', '1', '0', '0'),
(112, 22, 1, 'y', NULL, '1', '0', '2016-05-31 10:57:10', '1', '0', '0'),
(113, 3, 2, 'hhh', NULL, '0', '0', '2016-05-31 11:35:48', '1', '0', '0'),
(114, 1, 1, 'AP HY 0217', NULL, '1', '0', '2016-05-31 13:24:16', '1', '0', '0'),
(115, 1, 1, 'AP HY 0218', NULL, '1', '0', '2016-05-31 13:29:54', '1', '0', '0'),
(116, 1, 1, 'AP 28 AH1234', NULL, '1', '0', '2016-05-31 14:20:51', '1', '0', '0'),
(117, 3, 1, 'gg4666373747', NULL, '1', '0', '2016-05-31 14:27:28', '1', '0', '0'),
(118, 25, 2, '2222', NULL, '1', '0', '2016-05-31 14:38:59', '1', '0', '0'),
(119, 22, 1, 'test22', NULL, '1', '0', '2016-05-31 14:40:17', '1', '0', '0'),
(120, 25, 2, 'tesy456', NULL, '1', '0', '2016-05-31 14:41:45', '1', '0', '0'),
(121, 29, 1, 'eeee', NULL, '0', '0', '2016-05-31 14:42:42', '1', '0', '0'),
(122, 29, 2, 'hhhh', NULL, '1', '1', '2016-05-31 14:42:55', '1', '0', '0'),
(123, 29, 2, 'tttt', NULL, '1', '0', '2016-05-31 14:43:08', '1', '0', '0'),
(124, 29, 2, 'hhhh', NULL, '1', '0', '2016-05-31 14:47:10', '0', '0', '0'),
(125, 30, 2, 'tttyy', NULL, '1', '0', '2016-05-31 15:32:28', '0', '0', '0'),
(126, 30, 1, 't', NULL, '1', '0', '2016-05-31 15:33:44', '0', '0', '0'),
(127, 25, 2, '3', NULL, '1', '0', '2016-05-31 17:52:01', '1', '0', '0'),
(128, 25, 2, 'vk', NULL, '1', '0', '2016-05-31 18:00:19', '1', '0', '0'),
(129, 29, 2, '345', NULL, '0', '0', '2016-05-31 18:01:00', '1', '0', '0'),
(130, 29, 1, 'tyu', NULL, '1', '0', '2016-05-31 18:08:52', '1', '0', '0'),
(131, 32, 2, '2', NULL, '1', '1', '2016-05-31 18:27:26', '1', '0', '0'),
(132, 32, 1, '4', NULL, '1', '0', '2016-05-31 18:27:34', '0', '0', '0'),
(133, 32, 2, '6', NULL, '1', '0', '2016-05-31 18:29:18', '0', '0', '0'),
(134, 29, 2, '6', NULL, '1', '0', '2016-05-31 18:29:40', '1', '0', '0'),
(135, 32, 2, '4', NULL, '1', '0', '2016-05-31 18:30:22', '1', '0', '0'),
(136, 32, 2, '5', NULL, '1', '0', '2016-05-31 18:30:48', '1', '0', '0'),
(137, 32, 2, 'vinay', NULL, '1', '0', '2016-05-31 18:33:40', '1', '0', '0'),
(138, 32, 2, 'e', NULL, '1', '0', '2016-05-31 18:33:56', '1', '0', '0'),
(139, 32, 2, 'i', NULL, '1', '0', '2016-05-31 18:34:09', '1', '0', '0'),
(140, 32, 2, 'a', NULL, '1', '0', '2016-05-31 18:34:32', '1', '0', '0'),
(141, 32, 2, 'vin', NULL, '1', '0', '2016-05-31 18:34:53', '1', '0', '0'),
(142, 33, 1, 'ka51m2874', NULL, '1', '0', '2016-06-04 16:26:33', '0', '0', '0'),
(143, 33, 2, 'ap28dh4829', NULL, '1', '1', '2016-06-04 16:28:10', '1', '1', '0'),
(144, 33, 2, 'gh12tr5436', NULL, '1', '0', '2016-06-06 12:10:51', '1', '1', '1'),
(145, 34, 2, 'ap16kl2345', NULL, '1', '0', '2016-06-08 00:26:54', '0', '0', '0'),
(146, 34, 1, 'trt23wesdd', NULL, '1', '0', '2016-06-08 00:28:47', '0', '0', '0'),
(147, 34, 2, 'gfurxgdsh', NULL, '1', '0', '2016-06-08 00:33:02', '0', '0', '0'),
(148, 34, 1, 'ap12kl2929', NULL, '1', '1', '2016-06-08 00:49:18', '1', '1', '1'),
(149, 34, 1, 'ap16ka1234', NULL, '1', '0', '2016-06-08 00:51:40', '1', '1', '1'),
(150, 5, 104, 'AP1234', NULL, '0', '0', '2016-06-08 19:40:36', '1', '0', '0'),
(151, 7, 158, 'bahshsjwiwo', NULL, '1', '0', '2016-06-08 20:49:34', '1', '0', '0'),
(152, 7, 10, 'ka51m2874', NULL, '1', '1', '2016-06-08 21:41:31', '1', '1', '0'),
(153, 5, 20, 'ts08em4568', NULL, '1', '0', '2016-06-09 11:09:14', '0', '1', '0'),
(154, 23, 6, 'AP1234Hyt', NULL, '0', '1', '2016-06-09 19:15:07', '1', '0', '0'),
(155, 24, 38, 'hello', NULL, '1', '0', '2016-06-09 19:22:53', '1', '1', '1'),
(156, 24, 1, 'qertty', NULL, '1', '1', '2016-06-10 14:10:35', '1', '1', '0'),
(157, 5, 20, 'qetuil', NULL, '0', '0', '2016-06-10 17:03:22', '1', '0', '0'),
(158, 5, 6, 'fgjki', NULL, '0', '0', '2016-06-13 12:56:44', '0', '0', '0'),
(159, 5, 20, 'dfgffg', NULL, '0', '0', '2016-06-13 14:13:59', '1', '0', '0'),
(160, 5, 6, 'ggh', NULL, '1', '0', '2016-06-13 14:15:31', '1', '0', '0'),
(161, 5, 212, 'egyh vyyvyv', NULL, '0', '0', '2016-06-13 15:20:45', '1', '0', '0'),
(162, 5, 6, 'shfif', NULL, '0', '0', '2016-06-13 15:21:05', '1', '0', '0'),
(163, 130, 21, 'gggggggg', NULL, '1', '0', '2016-06-13 16:26:10', '1', '0', '0'),
(164, 130, 30, 'nnko', NULL, '1', '0', '2016-06-13 17:28:19', '1', '1', '0'),
(165, 96, 79, 'AP fmyn585', NULL, '0', '0', '2016-06-13 18:42:34', '1', '0', '0'),
(166, 96, 79, 'GH 685 G 8868', NULL, '1', '1', '2016-06-13 18:49:13', '1', '0', '0'),
(167, 96, 66, 'FD 686 GH 6958', NULL, '1', '0', '2016-06-13 18:49:36', '1', '0', '0'),
(168, 59, 7, 'AP 12 AH 1234', NULL, '1', '0', '2016-06-13 19:16:33', '0', '1', '1'),
(169, 23, 91, '145', NULL, '0', '0', '2016-06-14 10:58:09', '1', '0', '0'),
(170, 23, 6, 'qetyy', NULL, '1', '0', '2016-06-14 10:58:26', '1', '1', '0'),
(171, 5, 6, 'chfigi', NULL, '0', '0', '2016-06-14 10:59:28', '1', '0', '0'),
(172, 5, 25, 'suit136', NULL, '0', '0', '2016-06-14 10:59:56', '1', '0', '0'),
(173, 5, 6, 'chvgg', NULL, '1', '1', '2016-06-14 11:00:41', '1', '0', '0'),
(174, 23, 6, 'hqjjwieej', NULL, '1', '0', '2016-06-14 11:06:44', '1', '0', '0'),
(175, 96, 66, 'Ap 686 GH 779', NULL, '0', '0', '2016-06-14 11:07:14', '1', '0', '0'),
(176, 23, 20, 'qryuh', NULL, '0', '0', '2016-06-14 11:08:18', '1', '0', '0'),
(177, 23, 6, 'sfh', NULL, '1', '0', '2016-06-14 11:53:17', '0', '0', '0'),
(178, 5, 6, 'dydu', NULL, '1', '0', '2016-06-14 12:04:37', '1', '0', '0'),
(179, 5, 178, 'cv548', NULL, '1', '0', '2016-06-14 12:13:47', '1', '0', '0'),
(180, 131, 1, '2979', NULL, '1', '0', '2016-06-14 12:25:37', '0', '1', '0'),
(181, 59, 42, 'tata', NULL, '1', '0', '2016-06-14 16:25:17', '0', '0', '0'),
(182, 5, 6, 'ccbh', NULL, '1', '0', '2016-06-15 11:26:13', '1', '0', '0'),
(183, 130, 49, 'bbjjikmk', NULL, '1', '1', '2016-06-15 11:47:15', '1', '1', '1'),
(184, 130, 102, 'hufcjttjk', NULL, '1', '0', '2016-06-15 11:47:30', '1', '0', '0'),
(185, 131, 6, '5679', NULL, '1', '0', '2016-06-15 11:55:46', '0', '1', '0'),
(186, 131, 6, 'jqjwos168282', NULL, '1', '0', '2016-06-15 12:40:33', '0', '0', '0'),
(187, 131, 6, 'jakwldmdmx', NULL, '1', '0', '2016-06-15 13:09:45', '0', '0', '0'),
(188, 131, 6, 'aioqow172', NULL, '1', '0', '2016-06-15 13:25:43', '0', '0', '0'),
(189, 24, 6, 'venky', NULL, '1', '0', '2016-06-15 13:58:00', '1', '1', '0'),
(190, 24, 6, '5672', NULL, '1', '0', '2016-06-15 14:00:32', '1', '1', '0'),
(191, 24, 6, '4959', NULL, '1', '0', '2016-06-15 14:04:20', '0', '1', '0'),
(192, 131, 6, 'venky1', NULL, '1', '0', '2016-06-15 14:41:48', '0', '1', '1'),
(193, 23, 6, '141826', NULL, '1', '0', '2016-06-15 15:12:00', '0', '0', '0'),
(194, 23, 6, '0975', NULL, '1', '0', '2016-06-15 15:13:01', '0', '0', '0'),
(195, 131, 1, 'venky2', NULL, '1', '0', '2016-06-15 15:56:19', '0', '1', '0'),
(196, 39, 128, 'AP25AQ4478', NULL, '1', '1', '2016-06-15 16:19:20', '1', '0', '0'),
(197, 131, 1, 'venky3', NULL, '1', '0', '2016-06-15 16:25:23', '0', '1', '0'),
(198, 132, 122, 'AP25AQ4435', NULL, '1', '0', '2016-06-15 17:11:23', '1', '1', '1'),
(199, 96, 66, 'AP 686', NULL, '1', '0', '2016-06-15 18:40:45', '1', '0', '0'),
(200, 96, 72, 'hyaka a', NULL, '1', '0', '2016-06-15 18:41:48', '1', '0', '0'),
(201, 5, 38, 'fcyh', NULL, '1', '0', '2016-06-15 18:59:20', '1', '0', '0'),
(202, 5, 20, 'b', NULL, '1', '0', '2016-06-15 19:00:03', '1', '0', '0'),
(203, 96, 6, 'jNabsl', NULL, '1', '0', '2016-06-15 19:08:01', '0', '0', '0'),
(204, 96, 1, 'jaivd', NULL, '0', '0', '2016-06-15 19:35:32', '0', '0', '0'),
(205, 96, 6, 'Ayhf', NULL, '1', '0', '2016-06-16 10:18:56', '1', '0', '0'),
(206, 96, 38, 'Apnzknsb', NULL, '1', '0', '2016-06-16 10:19:57', '1', '0', '0'),
(207, 99, 97, 'ap0548', NULL, '0', '1', '2016-06-16 10:21:36', '1', '0', '0'),
(208, 99, 79, 'tn0548', NULL, '0', '0', '2016-06-16 10:26:19', '1', '0', '0'),
(209, 23, 20, 'wtcm', NULL, '1', '0', '2016-06-16 10:28:50', '0', '0', '0'),
(210, 23, 39, 't', NULL, '1', '0', '2016-06-16 10:31:54', '1', '0', '0'),
(211, 99, 6, 'ser33', NULL, '1', '0', '2016-06-16 10:33:43', '1', '0', '0'),
(212, 99, 6, 'hf234', NULL, '1', '0', '2016-06-16 10:34:03', '1', '0', '0'),
(213, 115, 6, 'ghh', NULL, '1', '0', '2016-06-16 10:53:34', '0', '0', '0'),
(214, 115, 1, 'xcv', NULL, '1', '0', '2016-06-16 10:53:52', '0', '0', '0'),
(215, 115, 217, 'errr', NULL, '0', '0', '2016-06-16 10:54:35', '0', '0', '0'),
(216, 14, 64, '.', NULL, '1', '0', '2016-06-16 10:59:32', '0', '0', '0'),
(217, 14, 20, '!', NULL, '1', '0', '2016-06-16 10:59:59', '0', '0', '0'),
(218, 14, 52, ':', NULL, '1', '0', '2016-06-16 11:00:19', '0', '0', '0'),
(219, 14, 178, '12345678', NULL, '0', '0', '2016-06-16 11:00:45', '0', '0', '0'),
(220, 14, 20, 'asd', NULL, '1', '0', '2016-06-16 11:26:31', '0', '0', '0'),
(221, 14, 6, 'asdf', NULL, '1', '0', '2016-06-16 11:26:43', '0', '0', '0'),
(222, 14, 6, 'asdfg', NULL, '1', '0', '2016-06-16 11:26:53', '1', '0', '0'),
(223, 14, 6, 'asd', NULL, '1', '0', '2016-06-16 11:52:21', '0', '0', '0'),
(224, 14, 38, 'asdfgh', NULL, '1', '0', '2016-06-16 11:52:37', '0', '0', '0'),
(225, 14, 38, 'asd', NULL, '1', '0', '2016-06-16 12:03:05', '1', '0', '0'),
(226, 14, 25, 'AP25AQ3738', NULL, '0', '1', '2016-06-16 12:06:26', '1', '1', '1'),
(227, 14, 6, ';675777 n d', NULL, '1', '0', '2016-06-16 12:57:48', '1', '0', '0'),
(228, 122, 6, 'bhanu1', NULL, '0', '1', '2016-06-16 12:58:00', '1', '1', '1'),
(229, 133, 38, 'anil1', NULL, '1', '0', '2016-06-16 14:19:08', '1', '1', '1'),
(230, 131, 20, 'venkybunari', NULL, '1', '0', '2016-06-16 14:24:15', '0', '1', '1'),
(231, 131, 39, 'v4', NULL, '1', '0', '2016-06-16 14:24:24', '0', '0', '0'),
(232, 115, 142, 'ddsfsdfsd', NULL, '1', '0', '2016-06-16 14:28:47', '0', '0', '0'),
(233, 130, 44, 'fffyjkfsbg', NULL, '1', '0', '2016-06-16 14:49:12', '1', '0', '0'),
(234, 130, 42, 'fjjtgbeujk', NULL, '1', '0', '2016-06-16 14:53:58', '0', '0', '0'),
(235, 115, 38, 'ap12j2332', NULL, '0', '1', '2016-06-16 14:59:07', '1', '0', '0'),
(236, 133, 6, 'anil2', NULL, '1', '1', '2016-06-16 15:24:04', '1', '1', '1'),
(237, 133, 6, 'anil3', NULL, '1', '0', '2016-06-16 15:24:20', '1', '0', '0'),
(238, 122, 6, 'AP 12 AB 4567', NULL, '0', '0', '2016-06-16 15:27:28', '1', '0', '0'),
(239, 122, 6, 'bhanu3', NULL, '1', '0', '2016-06-16 15:27:48', '1', '1', '1'),
(240, 134, 1, 'jJa sl', NULL, '1', '1', '2016-06-16 15:50:22', '1', '1', '1'),
(241, 122, 21, 'AP 12 AB 1234', NULL, '1', '0', '2016-06-16 15:56:26', '1', '1', '0'),
(242, 101, 6, 'AP123445', NULL, '1', '1', '2016-06-16 16:31:31', '1', '1', '1'),
(243, 111, 6, 'AB2346QW', NULL, '1', '1', '2016-06-16 16:40:51', '1', '0', '0'),
(244, 132, 122, 'AP25AQ4426', NULL, '1', '1', '2016-06-16 17:56:22', '1', '1', '1'),
(245, 24, 90, 'qw23df6789', NULL, '1', '0', '2016-06-16 18:10:53', '1', '1', '1'),
(246, 59, 87, 'Ap05 cf 8788', NULL, '1', '1', '2016-06-16 18:11:33', '1', '1', '1'),
(247, 59, 38, 'Ap10 bw 4488', NULL, '1', '0', '2016-06-16 18:15:38', '1', '0', '0'),
(248, 113, 1, '13578ryu', NULL, '1', '1', '2016-06-16 19:43:57', '1', '1', '0'),
(249, 136, 38, 'ap29bd 8536', NULL, '1', '1', '2016-06-16 19:58:31', '1', '1', '1'),
(250, 119, 43, 'hbjkjncdffg', NULL, '1', '1', '2016-06-16 20:10:39', '1', '1', '0'),
(251, 119, 51, 'uuhdtuakwe', NULL, '1', '0', '2016-06-16 20:10:52', '1', '0', '0'),
(252, 125, 31, 'tyuiiqjzhagagaat', NULL, '1', '1', '2016-06-16 20:23:33', '1', '1', '1'),
(253, 126, 38, 'aah', NULL, '1', '1', '2016-06-16 20:24:01', '1', '0', '0'),
(254, 130, 38, 'u8s88w72hsnsid', NULL, '1', '0', '2016-06-17 10:31:20', '0', '0', '0'),
(255, 137, 208, 'AP12H5678', NULL, '1', '1', '2016-06-17 13:11:01', '1', '0', '0'),
(256, 131, 30, 'AP09 bw 4488', NULL, '0', '1', '2016-06-17 13:16:01', '1', '1', '1'),
(257, 35, 128, 'KA50M7825', NULL, '0', '0', '2016-06-17 14:36:25', '1', '1', '1'),
(258, 35, 181, 'AP9CM1111', NULL, '0', '1', '2016-06-17 14:39:32', '1', '1', '1'),
(259, 127, 128, 'AP05BN1995', NULL, '1', '1', '2016-06-17 14:40:33', '1', '0', '0'),
(260, 138, 108, 'ap9bp0990', NULL, '1', '1', '2016-06-17 16:13:37', '1', '1', '0'),
(261, 130, 109, 'gshvatjg', NULL, '1', '0', '2016-06-17 19:36:23', '1', '0', '0'),
(262, 106, 6, 'AS1234GH', NULL, '1', '1', '2016-06-17 19:43:56', '1', '0', '0'),
(263, 122, 131, 'AP 28 DR 5017', NULL, '0', '0', '2016-06-20 16:52:48', '1', '0', '0'),
(264, 14, 20, 'nfgxktxktxld', NULL, '1', '0', '2016-06-20 17:12:03', '1', '0', '0'),
(265, 24, 6, '12345', NULL, '1', '0', '2016-06-21 16:04:30', '1', '0', '0'),
(267, 131, 6, 'njgg', NULL, '1', '0', '2016-07-20 17:20:39', '0', '0', '0'),
(268, 131, 212, 'hhfyyyy', NULL, '1', '0', '2016-07-20 17:20:52', '1', '0', '0'),
(269, 134, 20, '3676', NULL, '1', '0', '2016-07-21 18:33:13', '1', '0', '0'),
(272, 138, 1, 'AP 12 AH 1234', '1', '1', '1', '2016-07-07 09:31:12', '1', '0', '0'),
(273, 122, 38, 'hhfjf hf', NULL, '1', '0', '2016-07-22 21:21:57', '1', '0', '0');

-- --------------------------------------------------------

--
-- Table structure for table `vehicle_make`
--

CREATE TABLE IF NOT EXISTS `vehicle_make` (
  `make_id` int(11) NOT NULL AUTO_INCREMENT,
  `type_id` int(11) NOT NULL,
  `make_name` varchar(50) NOT NULL,
  UNIQUE KEY `make_id` (`make_id`)
) ENGINE=InnoDB  DEFAULT CHARSET=latin1 AUTO_INCREMENT=36 ;

--
-- Dumping data for table `vehicle_make`
--

INSERT INTO `vehicle_make` (`make_id`, `type_id`, `make_name`) VALUES
(1, 1, 'Aston-Martin'),
(2, 1, 'Audi'),
(3, 1, 'Bentley'),
(4, 1, 'BMW'),
(5, 1, 'Bugati'),
(6, 1, 'Chevrolet'),
(7, 1, 'DatSun'),
(8, 1, 'DC'),
(9, 1, 'Eicher-polaris'),
(10, 1, 'Ferrari'),
(11, 1, 'Fiat'),
(12, 1, 'Force'),
(13, 1, 'Ford'),
(14, 1, 'Honda'),
(15, 1, 'Hyundai'),
(16, 1, 'Isuzu'),
(17, 1, 'Jaguar'),
(18, 1, 'Lamborghini'),
(19, 1, 'Landrover'),
(20, 1, 'Mahindra'),
(21, 1, 'Maruti Suzuku'),
(22, 1, 'Maserati'),
(23, 1, 'Merc-Benz'),
(24, 1, 'Mini'),
(25, 1, 'Mitsubishi'),
(26, 1, 'Nissan'),
(27, 1, 'Porsche'),
(28, 1, 'Renault'),
(29, 1, 'Rolls-Royce'),
(30, 1, 'Skoda'),
(31, 1, 'Ssongsyang'),
(32, 1, 'Tata'),
(33, 1, 'Toyota'),
(34, 1, 'Volkswagen'),
(35, 1, 'Volvo');

-- --------------------------------------------------------

--
-- Table structure for table `vehicle_model`
--

CREATE TABLE IF NOT EXISTS `vehicle_model` (
  `model_id` int(11) NOT NULL AUTO_INCREMENT,
  `type_id` int(11) DEFAULT NULL,
  `make_id` int(11) DEFAULT NULL,
  `model_name` varchar(16) DEFAULT NULL,
  UNIQUE KEY `model_id` (`model_id`)
) ENGINE=InnoDB  DEFAULT CHARSET=utf8 AUTO_INCREMENT=223 ;

--
-- Dumping data for table `vehicle_model`
--

INSERT INTO `vehicle_model` (`model_id`, `type_id`, `make_id`, `model_name`) VALUES
(1, 1, 1, 'DB9'),
(2, 1, 1, 'Rapide'),
(3, 1, 1, 'V12'),
(4, 1, 1, 'V8'),
(5, 1, 1, 'Vanquish'),
(6, 1, 2, 'A3'),
(7, 1, 2, 'A3-Cabriolet'),
(8, 1, 2, 'A4'),
(9, 1, 2, 'A6'),
(10, 1, 2, 'A8L'),
(11, 1, 2, 'Q3'),
(12, 1, 2, 'Q5'),
(13, 1, 2, 'Q7'),
(14, 1, 2, 'R8'),
(15, 1, 2, 'RS5'),
(16, 1, 2, 'RS6'),
(17, 1, 2, 'RS7 SportBack'),
(18, 1, 2, 'S5 SportBack'),
(19, 1, 2, 'TT'),
(20, 1, 3, 'Bentyaga'),
(21, 1, 3, 'Flying Spur'),
(22, 1, 3, 'Continental'),
(23, 1, 3, 'Continental GTC'),
(24, 1, 3, 'Mulsanne'),
(25, 1, 4, '1-Series'),
(26, 1, 4, '3-Series'),
(27, 1, 4, '3-Series-GT'),
(28, 1, 4, '4-Series'),
(29, 1, 4, '5-Series'),
(30, 1, 4, '6-Series'),
(31, 1, 4, '7-Series'),
(32, 1, 4, 'i8'),
(33, 1, 4, 'X1'),
(34, 1, 4, 'X3'),
(35, 1, 4, 'X5'),
(36, 1, 4, 'X6'),
(37, 1, 4, 'Z6'),
(38, 1, 5, 'Veyron'),
(39, 1, 6, 'Beat'),
(40, 1, 6, 'Captiva'),
(41, 1, 6, 'Cruze'),
(42, 1, 6, 'Enjoy'),
(43, 1, 6, 'Sail'),
(44, 1, 6, 'Sail-hatchbak'),
(45, 1, 6, 'Spark'),
(46, 1, 6, 'Tavera'),
(47, 1, 6, 'TrailBlazer'),
(48, 1, 7, 'GO'),
(49, 1, 7, 'GO-PLUS'),
(50, 1, 8, 'Avanti'),
(51, 1, 9, 'Multix'),
(52, 1, 10, '458'),
(53, 1, 10, '488'),
(54, 1, 10, 'California'),
(55, 1, 10, 'F12 Berlinetta'),
(56, 1, 10, 'FF'),
(57, 1, 11, 'Abarth-595'),
(58, 1, 11, 'Abarth-punto'),
(59, 1, 11, 'Avventura'),
(60, 1, 11, 'Linea'),
(61, 1, 11, 'Linea-Classic'),
(62, 1, 11, 'Punto-Eva'),
(63, 1, 11, 'Punto-Pure'),
(64, 1, 12, 'Force-One'),
(65, 1, 12, 'Gurkha'),
(66, 1, 13, 'Ecosport'),
(67, 1, 13, 'Endeavor'),
(68, 1, 13, 'Fiesta'),
(69, 1, 13, 'Figo'),
(70, 1, 13, 'Figo-Aspire'),
(71, 1, 13, 'Ikon'),
(72, 1, 14, 'Amaze'),
(73, 1, 14, 'BR-V'),
(74, 1, 14, 'Brio'),
(75, 1, 14, 'City'),
(76, 1, 14, 'CR-V'),
(77, 1, 14, 'Jazz'),
(78, 1, 14, 'Mobilio'),
(79, 1, 15, 'Creta'),
(80, 1, 15, 'Elantra'),
(81, 1, 15, 'Elite i20'),
(82, 1, 15, 'Eon'),
(83, 1, 15, 'Grand i10'),
(84, 1, 15, 'i10'),
(85, 1, 15, 'i20'),
(86, 1, 15, 'Santa-Fe'),
(87, 1, 15, 'Verna'),
(88, 1, 15, 'Xcent'),
(89, 1, 16, 'DMAX-Cross'),
(90, 1, 16, 'MU-7'),
(91, 1, 17, 'F-Type'),
(92, 1, 17, 'XE'),
(93, 1, 17, 'XF'),
(94, 1, 17, 'XJL'),
(95, 1, 18, 'Aventador'),
(96, 1, 18, 'Hurrace'),
(97, 1, 19, 'Discovery'),
(98, 1, 19, 'Discovery-sport'),
(99, 1, 19, 'Free Lander'),
(100, 1, 19, 'Free Lander-2'),
(101, 1, 19, 'Range Rover'),
(102, 1, 19, 'Range Rover Evoq'),
(103, 1, 19, 'Range Rover Spor'),
(104, 1, 20, 'Bolero'),
(105, 1, 20, 'e2o'),
(106, 1, 20, 'KUV100'),
(107, 1, 20, 'Nuvo Sport'),
(108, 1, 20, 'Scorpio'),
(109, 1, 20, 'Scorpio getaway'),
(110, 1, 20, 'Thar'),
(111, 1, 20, 'Verito'),
(112, 1, 20, 'Verito Vibe cs'),
(113, 1, 20, 'TUV300'),
(114, 1, 20, 'XUV500'),
(115, 1, 20, 'Xylo'),
(116, 1, 21, 'Alto800'),
(117, 1, 21, 'Alto-K10'),
(118, 1, 21, 'Baleno'),
(119, 1, 21, 'Celerio'),
(120, 1, 21, 'Ciaz'),
(121, 1, 21, 'Eeco'),
(122, 1, 21, 'Ertiga'),
(123, 1, 21, 'Gypsy'),
(124, 1, 21, 'Omni'),
(125, 1, 21, 'Ritz'),
(126, 1, 21, 'S-Cross'),
(127, 1, 21, 'Stingray'),
(128, 1, 21, 'Swift'),
(129, 1, 21, 'Swift-Dzire'),
(130, 1, 21, 'Vitara'),
(131, 1, 21, 'Wagonr'),
(132, 1, 21, '800'),
(133, 1, 22, 'Ghibli'),
(134, 1, 22, 'Gran Cabrio'),
(135, 1, 22, 'Gran Turismo'),
(136, 1, 22, 'Quattrporte'),
(137, 1, 23, 'A-Class'),
(138, 1, 23, 'AMG-GT'),
(139, 1, 23, 'B-Class'),
(140, 1, 23, 'C-Class'),
(141, 1, 23, 'CLA'),
(142, 1, 23, 'CLS'),
(143, 1, 23, 'E-CLASS'),
(144, 1, 23, 'E-CLASS-Cabriole'),
(145, 1, 23, 'G-CLASS'),
(146, 1, 23, 'GLA'),
(147, 1, 23, 'GLC'),
(148, 1, 23, 'GLE'),
(149, 1, 23, 'GLE-Coupe'),
(150, 1, 23, 'GLS'),
(151, 1, 23, 'M-Class'),
(152, 1, 23, 'S-Class'),
(153, 1, 23, 'S-Coupe'),
(154, 1, 23, 'SLK'),
(155, 1, 24, 'Cooper'),
(156, 1, 24, 'Cooper Covertibl'),
(157, 1, 24, 'CountryMan'),
(158, 1, 25, 'Lancer'),
(159, 1, 25, 'Pajero'),
(160, 1, 26, 'Evalia'),
(161, 1, 26, 'Micra'),
(162, 1, 26, 'Micra-Activa'),
(163, 1, 26, 'Sunny'),
(164, 1, 26, 'Terrano'),
(165, 1, 27, '911'),
(166, 1, 27, 'Boxster'),
(167, 1, 27, 'Cayenne'),
(168, 1, 27, 'Cayman'),
(169, 1, 27, 'Macan'),
(170, 1, 27, 'Panamera'),
(171, 1, 28, 'Duster'),
(172, 1, 28, 'Fluence'),
(173, 1, 28, 'Koleos'),
(174, 1, 28, 'Kwid'),
(175, 1, 28, 'Lodgy'),
(176, 1, 28, 'Pulse'),
(177, 1, 28, 'Scala'),
(178, 1, 29, 'Drophead-Coupe'),
(179, 1, 29, 'Ghost-Series II'),
(180, 1, 29, 'Phantom'),
(181, 1, 29, 'Phantom-Coupe'),
(182, 1, 29, 'Wraith'),
(183, 1, 30, 'Octavia'),
(184, 1, 30, 'Rapid'),
(185, 1, 30, 'Superb'),
(186, 1, 30, 'Yeti'),
(187, 1, 31, 'Rexton'),
(188, 1, 32, 'Aria'),
(189, 1, 32, 'Bolt'),
(190, 1, 32, 'Indica eV2'),
(191, 1, 32, 'Indica V2'),
(192, 1, 32, 'Indigo Ecs'),
(193, 1, 32, 'Nano'),
(194, 1, 32, 'Nano-Genx'),
(195, 1, 32, 'Safari'),
(196, 1, 32, 'Safari-Storme'),
(197, 1, 32, 'Sumo'),
(198, 1, 32, 'Sumo Gold'),
(199, 1, 32, 'Tiago'),
(200, 1, 32, 'Xenon XT'),
(201, 1, 32, 'Zest'),
(202, 1, 33, 'Camry'),
(203, 1, 33, 'Corolla'),
(204, 1, 33, 'Etios'),
(205, 1, 33, 'Etios Cross'),
(206, 1, 33, 'Etios Liva'),
(207, 1, 33, 'Fortuner'),
(208, 1, 33, 'Innova'),
(209, 1, 33, 'Land cruiser'),
(210, 1, 33, 'Land cruiser Pra'),
(211, 1, 33, 'Prius'),
(212, 1, 34, 'Beetle'),
(213, 1, 34, 'Cross Polo'),
(214, 1, 34, 'Jetta'),
(215, 1, 34, 'Polo'),
(216, 1, 34, 'Vento'),
(217, 1, 35, 'S60'),
(218, 1, 35, 'S80'),
(219, 1, 35, 'V40'),
(220, 1, 35, 'V40 Cross Countr'),
(221, 1, 35, 'XC60'),
(222, 1, 35, 'XC90');

-- --------------------------------------------------------

--
-- Table structure for table `vehicle_type`
--

CREATE TABLE IF NOT EXISTS `vehicle_type` (
  `type_id` int(10) NOT NULL AUTO_INCREMENT,
  `type_name` varchar(50) NOT NULL,
  UNIQUE KEY `type_id` (`type_id`)
) ENGINE=InnoDB  DEFAULT CHARSET=latin1 AUTO_INCREMENT=8 ;

--
-- Dumping data for table `vehicle_type`
--

INSERT INTO `vehicle_type` (`type_id`, `type_name`) VALUES
(1, 'Car or Jeep Or Van');

-- --------------------------------------------------------

--
-- Table structure for table `wallet`
--

CREATE TABLE IF NOT EXISTS `wallet` (
  `wallet_id` int(11) NOT NULL AUTO_INCREMENT,
  `user_id` int(11) NOT NULL,
  `wallet_amount` int(11) NOT NULL DEFAULT '0',
  UNIQUE KEY `wallet_id` (`wallet_id`)
) ENGINE=InnoDB DEFAULT CHARSET=latin1 AUTO_INCREMENT=1 ;

/*!40101 SET CHARACTER_SET_CLIENT=@OLD_CHARACTER_SET_CLIENT */;
/*!40101 SET CHARACTER_SET_RESULTS=@OLD_CHARACTER_SET_RESULTS */;
/*!40101 SET COLLATION_CONNECTION=@OLD_COLLATION_CONNECTION */;
